record_id,merchant_id,merchant_name,mcc,merchant_category,business_type,city,state,onboarding_date,settlement_account,merchant_status,declared_avg_ticket_size
REC100000,MCH2849,"Bhavsar, Kota and Zacharia",7011,Hotel/Lodging,Private Limited,Ludhiana,Punjab,2025-09-23,,Inactive,2432.18
REC100001,MCH4314,Deshmukh Ltd,5699,Apparel,Private Limited,Jalandhar,Punjab,,3021439858,Inactive,986.05
REC100002,MCH1986,"Bains, Chanda and Ghosh",5311,Department Store,Individual,Jalandhar,Punjab,2026-01-10,,Active,1427.52
REC100003,MCH3899,Goswami-Bath,4131,Transportation,Sole Proprietor,Hyderabad,Telangana,2023-01-14,,Active,
REC100004,MCH4859,Vasa-Raju,5812,Restaurant,Sole Proprietor,Hyderabad,Telangana,2025-03-17,XXXX9523,Active,214.0
REC100005,MCH6848,Dora LLC,5311,Department Store,Partnership,Chennai,Tamil Nadu,2025-09-20,DUSD7272281625368,Active,1272.49
REC100006,MCH9933,Bali-Zachariah,5411,Grocery Store,Sole Proprietor,Jaipur,Rajasthan,2023-06-07,TWPF4694358713410,Active,1549.0
REC100007,MCH2637,Joshi Group,5999,Miscellaneous Retail,Partnership,Chennai,Tamil Nadu,2025-02-20,,Active,
REC100008,MCH8708,"Mukherjee, Sami and Purohit",5999,Miscellaneous Retail,Sole Proprietor,Hyderabad,Telangana,2026-01-28,,Suspended,2919.92
REC100009,MCH2430,Bora Group,4814,Telecom,Individual,Amritsar,Punjab,2026-01-27,2955352677,Active,827.43
REC100010,MCH8556,"Rout, Dhillon and Sinha",5942,Books & Stationery,Sole Proprietor,Jaipur,Rajasthan,2023-05-04,,Active,
REC100011,MCH9997,"Kalita, Dass and Balay",5999,Miscellaneous Retail,Individual,Ludhiana,Punjab,2023-07-12,XXXX2557,Active,2233.91
REC100012,MCH7003,"Koshy, Samra and Chana",5942,Books & Stationery,Private Limited,Jalandhar,Punjab,2024-06-29,XXXX7569,Hold,776.99
REC100013,MCH6945,Barad LLC,5311,Department Store,Partnership,Ludhiana,Punjab,2025-09-13,,Active,3350.77
REC100014,MCH4323,"Ben, Wagle and Shan",5812,Restaurant,Sole Proprietor,Chennai,Tamil Nadu,2023-05-11,4367668757,Suspended,
REC100015,MCH1405,Sawhney-Narula,5912,Pharmacy,Sole Proprietor,Lucknow,Uttar Pradesh,2024-12-31,,Suspended,3091.86
REC100016,MCH9459,Bala and Sons,5411,Grocery Store,Partnership,Chennai,Tamil Nadu,2023-11-12,,Active,558.21
REC100017,MCH7645,Majumdar-Nagarajan,5912,Pharmacy,Sole Proprietor,Amritsar,Punjab,2024-09-21,7530870851,Active,1396.81
REC100018,MCH9620,Chad PLC,5311,Department Store,Individual,Ludhiana,Punjab,2025-04-16,HEOY8360949899311,Active,786.55
REC100019,MCH9815,"Narasimhan, Vasa and Goswami",5942,Books & Stationery,Individual,Delhi,Delhi,2025-11-10,MZNM1643262942719,Active,
REC100020,MCH5251,"Rana, Chandra and Tank",4131,Transportation,Partnership,Mumbai,Maharashtra,,,Inactive,3641.26
REC100021,MCH2934,Warrior-Sibal,5999,Miscellaneous Retail,Individual,Amritsar,Punjab,2025-04-07,,Active,
REC100022,MCH3140,"Zachariah, Rajagopal and Samra",4814,Telecom,Private Limited,Amritsar,Punjab,2023-09-04,,Active,363.21
REC100023,MCH2833,Kapoor-Shankar,7011,Hotel/Lodging,Sole Proprietor,Jalandhar,Punjab,,VEQH1532066637768,Active,474.69
REC100024,MCH2849,"Bhavsar, Kota and Zacharia",7011,Hotel/Lodging,Private Limited,Ludhiana,Punjab,2025-09-23,,Active,2432.18
REC100025,MCH6397,"Suri, Agrawal and Natarajan",5942,Books & Stationery,Partnership,Delhi,Delhi,2024-08-19,,Active,547.0
REC100026,MCH2749,Issac and Sons,5912,Pharmacy,Sole Proprietor,Mumbai,Maharashtra,2025-03-09,1616970087,Active,
REC100027,MCH5089,Korpal-Parmer,5311,Department Store,Private Limited,Jaipur,Rajasthan,2024-06-14,,Active,3730.0
REC100028,MCH5112,Nigam-Chawla,4131,Transportation,Private Limited,Chennai,Tamil Nadu,2025-09-06,,Disabled,353.3
REC100029,MCH9951,Natt Group,5912,Pharmacy,Partnership,Chennai,Tamil Nadu,2024-02-05,TSMH8783182679043,Active,1765.37
REC100030,MCH4962,Venkataraman-Mannan,5942,Books & Stationery,Private Limited,Chennai,Tamil Nadu,2025-07-15,8238766790,Active,266.61
REC100031,MCH1541,Bhattacharyya-Hans,7011,Hotel/Lodging,Private Limited,Kolkata,West Bengal,2024-03-24,XXXX2848,Active,621.01
REC100032,MCH3442,Kuruvilla Ltd,5411,Grocery Store,Partnership,Hyderabad,Telangana,2023-11-04,,Disabled,1281.68
REC100033,MCH9993,Chadha-Tailor,5942,Books & Stationery,Private Limited,Ludhiana,Punjab,2026-01-05,,Inactive,2368.65
REC100034,MCH8365,Som-Dhar,5999,Miscellaneous Retail,Individual,Pune,Maharashtra,2025-08-30,,Active,269.48
REC100035,MCH2536,Divan-Radhakrishnan,4131,Transportation,Private Limited,Pune,Maharashtra,2025-07-09,NWSY9894058484946,Active,
REC100036,MCH6777,Lall-Date,5411,Grocery Store,Partnership,Lucknow,Uttar Pradesh,2023-12-20,XXXX6676,Active,1143.87
REC100037,MCH8152,Chaudhari PLC,5912,Pharmacy,Sole Proprietor,Jalandhar,Punjab,2023-07-24,,Active,1648.01
REC100038,MCH2665,"Arora, Bir and Mahal",5311,Department Store,Sole Proprietor,Lucknow,Uttar Pradesh,2024-11-15,3459659161,Inactive,2101.74
REC100039,MCH1384,Thakur-Ben,4814,Telecom,Individual,Hyderabad,Telangana,2023-11-04,,Active,1433.16
REC100040,MCH4729,Parmer-Kulkarni,5311,Department Store,Individual,Bengaluru,Karnataka,2023-09-03,,Active,1384.93
REC100041,MCH6326,"Barad, Murty and Tella",5942,Books & Stationery,Private Limited,Chennai,Tamil Nadu,2024-06-22,LQXK9607455160094,Active,
REC100042,MCH5563,"Dubey, Wali and Yadav",5699,Apparel,Sole Proprietor,Kolkata,West Bengal,2024-01-28,5163059320,Active,2198.0
REC100043,MCH3063,Bansal Inc,4131,Transportation,Individual,Jaipur,Rajasthan,2025-07-02,,Inactive,282.67
REC100044,MCH7974,"Verma, Koshy and Bhardwaj",5411,Grocery Store,Individual,Jaipur,Rajasthan,2023-10-04,7985944544,Active,460.5
REC100045,MCH5575,Sandal LLC,5411,Grocery Store,Partnership,Chennai,Tamil Nadu,2024-02-13,XXXX5528,Active,5255.72
REC100046,MCH7433,"Sahota, Desai and Sarma",5999,Miscellaneous Retail,Individual,Pune,Maharashtra,2024-02-24,,Active,867.14
REC100047,MCH1454,Wable Inc,5999,Miscellaneous Retail,Individual,Lucknow,Uttar Pradesh,2025-06-18,7787448001,Active,2617.0
REC100048,MCH1331,"Garg, Bobal and Jain",4131,Transportation,Individual,Kolkata,West Bengal,2024-06-29,,Active,3720.61
REC100049,MCH1168,Sekhon Inc,5411,Grocery Store,Sole Proprietor,Hyderabad,Telangana,2025-07-26,,Active,6003.0
REC100050,MCH5283,"Verma, Narasimhan and Balan",5912,Pharmacy,Individual,Delhi,Delhi,2026-02-05,,Inactive,1266.0
REC100051,MCH2698,Kala LLC,7011,Hotel/Lodging,Individual,Lucknow,Uttar Pradesh,2023-08-19,YXNF3515433387898,Inactive,3590.19
REC100052,MCH6451,Chandran Group,5311,Department Store,Individual,Jalandhar,Punjab,2025-10-07,5694147499,Inactive,165.95
REC100053,MCH2255,Lal Ltd,5311,Department Store,Individual,Jaipur,Rajasthan,2023-05-29,6674150314,Active,1404.67
REC100054,MCH7312,Ramakrishnan-Banerjee,5311,Department Store,Sole Proprietor,Mumbai,Maharashtra,2024-02-24,CCCL8077324997121,Active,977.96
REC100055,MCH8549,"Amble, Sangha and Comar",4814,Telecom,Individual,Ludhiana,Punjab,2026-01-12,XXXX7799,Active,1130.69
REC100056,MCH9784,Lal Ltd,5812,Restaurant,Partnership,Chennai,Tamil Nadu,2024-12-28,XXXX3001,Active,1442.84
REC100057,MCH5395,"Dada, Jani and Kaul",5942,Books & Stationery,Partnership,Chennai,Tamil Nadu,2025-03-06,,Active,
REC100058,MCH6067,Chawla-Ganguly,7011,Hotel/Lodging,Sole Proprietor,Mumbai,Maharashtra,2025-12-03,FNQE1460028710860,Inactive,700.95
REC100059,MCH4786,Edwin PLC,5699,Apparel,Individual,Ludhiana,Punjab,2024-12-15,4903394968,Active,3435.22
REC100060,MCH3559,Chokshi Inc,5812,Restaurant,Private Limited,Bengaluru,Karnataka,2024-12-23,XXXX5330,Suspended,
REC100061,MCH3955,"Swamy, Dhingra and Sheth",5311,Department Store,Individual,Chennai,Tamil Nadu,2024-11-25,,Suspended,508.0
REC100062,MCH3558,"Bhattacharyya, Mahal and Setty",4131,Transportation,Partnership,Jaipur,Rajasthan,2023-07-28,7325110455,Active,4448.97
REC100063,MCH2879,"Pillay, Vora and Karnik",5812,Restaurant,Individual,Ludhiana,Punjab,2024-05-20,9486638654,Active,
REC100064,MCH3340,Varty-Chokshi,5999,Miscellaneous Retail,Partnership,Chennai,Tamil Nadu,2023-04-07,,Active,311.76
REC100065,MCH6403,"Sahni, Kapur and Ganesh",5699,Apparel,Private Limited,Chennai,Tamil Nadu,2024-05-30,,Active,344.49
REC100066,MCH3455,Singhal LLC,5311,Department Store,Individual,Jalandhar,Punjab,2026-01-06,,Active,11222.95
REC100067,MCH8578,Bhatt LLC,4131,Transportation,Sole Proprietor,Pune,Maharashtra,2023-08-26,QYMF1422119480722,Inactive,2462.04
REC100068,MCH4277,Chaudhry-Karpe,4131,Transportation,Private Limited,Ludhiana,Punjab,2023-11-09,,Active,
REC100069,MCH8716,"Naik, Chada and Divan",5999,Miscellaneous Retail,Private Limited,Ludhiana,Punjab,2023-01-11,EDPS0799008597487,Active,225.43
REC100070,MCH9697,Walla Ltd,4814,Telecom,Individual,Bengaluru,Karnataka,2025-07-21,,Active,1081.86
REC100071,MCH1170,"Wali, Bala and Sanghvi",5311,Department Store,Sole Proprietor,Bengaluru,Karnataka,2023-04-01,,Inactive,1109.65
REC100072,MCH8705,"Sahota, Kale and Patil",4131,Transportation,Private Limited,Delhi,Delhi,2024-11-10,XXXX9019,Active,1127.21
REC100073,MCH6875,Buch Ltd,5912,Pharmacy,Individual,Lucknow,Uttar Pradesh,2023-02-07,,Active,2704.27
REC100074,MCH5146,Wadhwa-Swamy,5311,Department Store,Partnership,Jalandhar,Punjab,2023-11-05,,Active,
REC100075,MCH7239,Tata-Hayer,7011,Hotel/Lodging,Individual,Chennai,Tamil Nadu,2025-06-09,MPZF9929757844428,Active,1929.61
REC100076,MCH7925,Badami Group,7011,Hotel/Lodging,Sole Proprietor,Hyderabad,Telangana,2023-07-01,IVGP0940394312057,Active,
REC100077,MCH3625,Lall Inc,5699,Apparel,Individual,Kolkata,West Bengal,2023-07-16,8363629876,Disabled,691.1
REC100078,MCH6999,Srinivasan-Agate,5812,Restaurant,Partnership,Hyderabad,Telangana,2023-02-22,,Active,1015.19
REC100079,MCH9868,"Bedi, Konda and Kant",5912,Pharmacy,Individual,Jaipur,Rajasthan,2023-01-02,XXXX9285,Active,444.97
REC100080,MCH5356,"Solanki, Kala and Loke",4814,Telecom,Partnership,Hyderabad,Telangana,2023-01-03,TUAH3044152488223,Active,
REC100081,MCH3953,"Ray, Minhas and Yohannan",5411,Grocery Store,Sole Proprietor,Kolkata,West Bengal,2023-03-18,XXXX6303,Active,8126.93
REC100082,MCH3697,Cherian LLC,7011,Hotel/Lodging,Individual,Chennai,Tamil Nadu,2023-11-04,,Active,2525.65
REC100083,MCH6046,"Palla, Yadav and Bhatnagar",5999,Miscellaneous Retail,Individual,Bengaluru,Karnataka,2024-03-27,,Active,2396.76
REC100084,MCH7759,"Sankaran, Patel and Narain",5699,Apparel,Sole Proprietor,Kolkata,West Bengal,2025-10-15,EADV1032511266518,Active,
REC100085,MCH5657,Natt-Goel,5999,Miscellaneous Retail,Individual,Delhi,Delhi,,,Active,1355.0
REC100086,MCH2432,Parmar-Parmer,4131,Transportation,Individual,Kolkata,West Bengal,,,Active,2557.63
REC100087,MCH5705,Mukhopadhyay and Sons,5699,Apparel,Sole Proprietor,Jalandhar,Punjab,2025-02-25,,Active,716.31
REC100088,MCH1358,"Chaudry, Baral and Modi",4131,Transportation,Individual,Ludhiana,Punjab,2025-06-07,3312553110,Active,2115.38
REC100089,MCH7337,Nath-Narayan,5699,Apparel,Individual,Hyderabad,Telangana,2024-07-28,,Active,3029.85
REC100090,MCH9319,Lad Inc,5699,Apparel,Sole Proprietor,Jalandhar,Punjab,2025-07-20,XXXX7774,Active,839.54
REC100091,MCH5354,Khatri-Deo,5942,Books & Stationery,Partnership,Jalandhar,Punjab,,WCZU4810286661084,Active,
REC100092,MCH6329,Srinivas-Banerjee,5912,Pharmacy,Individual,Kolkata,West Bengal,2024-05-12,XXXX2718,Active,199.46
REC100093,MCH3206,Ahuja-Din,5311,Department Store,Sole Proprietor,Hyderabad,Telangana,2026-01-11,XXXX4117,Active,1244.0
REC100094,MCH5632,Tandon Ltd,5311,Department Store,Sole Proprietor,Bengaluru,Karnataka,2025-05-29,,Active,270.52
REC100095,MCH8355,"Virk, Sarna and Sangha",5812,Restaurant,Individual,Mumbai,Maharashtra,2023-09-10,0702210119,Active,3279.0
REC100096,MCH3281,Ranganathan and Sons,5311,Department Store,Partnership,Kolkata,West Bengal,2024-03-01,XXXX9655,Active,
REC100097,MCH2978,Deshpande LLC,7011,Hotel/Lodging,Private Limited,Lucknow,Uttar Pradesh,2023-02-01,XXXX0228,Active,194.6
REC100098,MCH3399,Rana-Talwar,5912,Pharmacy,Private Limited,Mumbai,Maharashtra,2024-03-30,6585786984,Active,575.9
REC100099,MCH7219,Dhawan-Saha,7011,Hotel/Lodging,Individual,Delhi,Delhi,2026-01-06,HJFW5603026154965,Inactive,2354.94
REC100100,MCH3757,Chokshi PLC,4814,Telecom,Private Limited,Jaipur,Rajasthan,2025-10-23,KUIQ2748561079701,Active,2492.69
REC100101,MCH1214,Padmanabhan Group,4814,Telecom,Individual,Amritsar,Punjab,2025-08-24,,Active,
REC100102,MCH2249,Bahri-Nagarajan,7011,Hotel/Lodging,Sole Proprietor,Ludhiana,Punjab,2024-11-17,0364290572,Active,590.8
REC100103,MCH9098,Manda and Sons,5812,Restaurant,Partnership,Bengaluru,Karnataka,2024-03-03,XXXX2826,Active,870.0
REC100104,MCH7932,Sethi Ltd,4814,Telecom,Private Limited,Bengaluru,Karnataka,2025-04-20,AUYT1495828220876,Active,4410.18
REC100105,MCH1216,"Agarwal, Dave and Vala",7011,Hotel/Lodging,Sole Proprietor,Chennai,Tamil Nadu,2024-10-18,,Active,2228.42
REC100106,MCH3497,"Gokhale, Parmer and Contractor",4131,Transportation,Individual,Jalandhar,Punjab,2023-11-03,,Active,
REC100107,MCH8517,"Bandi, Bir and Buch",5912,Pharmacy,Individual,Delhi,Delhi,2025-05-12,XXXX8958,Active,2544.34
REC100108,MCH3567,Kala Ltd,4814,Telecom,Sole Proprietor,Amritsar,Punjab,2023-05-15,0120134197,Active,1794.62
REC100109,MCH6890,Pandit-Narasimhan,7011,Hotel/Lodging,Private Limited,Kolkata,West Bengal,2024-04-21,XXXX8046,Closed,525.87
REC100110,MCH6632,"Om, Mall and Sandhu",4131,Transportation,Partnership,Lucknow,Uttar Pradesh,2023-07-28,XXXX3092,Hold,996.13
REC100111,MCH7269,Lall-Raman,4814,Telecom,Private Limited,Lucknow,Uttar Pradesh,2023-10-25,4846136502,Active,1031.92
REC100112,MCH4180,Dave-Oza,5942,Books & Stationery,Sole Proprietor,Delhi,Delhi,2024-01-08,,Active,394.99
REC100113,MCH1492,"Panchal, Bail and Nadkarni",5912,Pharmacy,Sole Proprietor,Jaipur,Rajasthan,2024-07-05,,Hold,6674.02
REC100114,MCH5210,Natarajan LLC,4131,Transportation,Partnership,Lucknow,Uttar Pradesh,2023-08-25,,Active,2522.68
REC100115,MCH6115,Padmanabhan-Chahal,5311,Department Store,Private Limited,Mumbai,Maharashtra,2024-03-01,XXXX5769,Inactive,266.65
REC100116,MCH5950,Dey-Raj,5999,Miscellaneous Retail,Sole Proprietor,Amritsar,Punjab,2025-11-29,0371217445,Active,
REC100117,MCH3556,Andra-Nagar,5999,Miscellaneous Retail,Sole Proprietor,Pune,Maharashtra,2025-05-04,,Active,1107.13
REC100118,MCH4842,Palla LLC,5942,Books & Stationery,Individual,Kolkata,West Bengal,2024-12-19,XXXX0707,Active,3127.0
REC100119,MCH6831,"Kothari, De and Arora",5999,Miscellaneous Retail,Individual,Kolkata,West Bengal,2025-11-17,FVLK6104664273261,Suspended,
REC100120,MCH2922,Chhabra-Jha,5999,Miscellaneous Retail,Sole Proprietor,Mumbai,Maharashtra,2024-10-10,FAIS4263479017973,Active,
REC100121,MCH8509,"Majumdar, Deshpande and Solanki",5311,Department Store,Partnership,Bengaluru,Karnataka,2024-09-17,XXXX5135,Inactive,
REC100122,MCH3604,"Shetty, Bali and Sama",5411,Grocery Store,Partnership,Ludhiana,Punjab,2023-01-04,IQHJ3383226507557,Active,394.0
REC100123,MCH9785,Nagarajan PLC,5699,Apparel,Individual,Mumbai,Maharashtra,2025-08-06,,Active,2709.78
REC100124,MCH1447,"Dara, Om and Chaudhry",5699,Apparel,Private Limited,Bengaluru,Karnataka,2023-04-29,NJHB3866390601882,Disabled,373.0
REC100125,MCH7659,"Pandya, Bakshi and Chaudhary",4131,Transportation,Private Limited,Chennai,Tamil Nadu,2023-04-16,FNTE9764699509957,Active,1564.19
REC100126,MCH1600,"Warrior, An and and Kata",5311,Department Store,Individual,Chennai,Tamil Nadu,2025-10-07,DNAN6947992423478,Active,2937.03
REC100127,MCH8561,Mahal-Talwar,5912,Pharmacy,Individual,Pune,Maharashtra,2024-11-21,XXXX1106,Active,892.64
REC100128,MCH4029,Kuruvilla and Sons,5411,Grocery Store,Private Limited,Pune,Maharashtra,,DGMS6783095939908,Active,55.43
REC100129,MCH1392,Johal-Gaba,5912,Pharmacy,Private Limited,Pune,Maharashtra,2024-02-20,XXXX9354,Inactive,4352.7
REC100130,MCH4985,Hayre and Sons,5942,Books & Stationery,Partnership,Lucknow,Uttar Pradesh,2023-08-01,PXAE0911368692866,Active,1981.89
REC100131,MCH8808,"Kothari, Bansal and Gupta",5942,Books & Stationery,Individual,Bengaluru,Karnataka,2025-09-19,9868014892,Active,380.0
REC100132,MCH7137,Krishna-Palan,4814,Telecom,Partnership,Ludhiana,Punjab,2025-09-29,GJTY8331565779502,Active,
REC100133,MCH2813,"Sha, Bhatia and Vig",5311,Department Store,Individual,Chennai,Tamil Nadu,2024-10-24,5399147177,Active,3821.16
REC100134,MCH1375,Golla and Sons,5912,Pharmacy,Partnership,Bengaluru,Karnataka,2023-01-08,,Active,503.66
REC100135,MCH2074,D'Alia Inc,5699,Apparel,Partnership,Jaipur,Rajasthan,2025-10-22,VRCT7941741947399,Active,1616.2
REC100136,MCH1256,Vala Inc,5912,Pharmacy,Sole Proprietor,Kolkata,West Bengal,2025-01-17,,Blocked,1415.24
REC100137,MCH8440,"Chacko, Natarajan and Menon",5999,Miscellaneous Retail,Individual,Mumbai,Maharashtra,2025-01-19,,Active,775.41
REC100138,MCH3060,Deep-Tata,5311,Department Store,Individual,Amritsar,Punjab,2023-04-17,,Active,
REC100139,MCH4025,Hegde-Sule,5311,Department Store,Individual,Hyderabad,Telangana,,XXXX6804,Inactive,1108.29
REC100140,MCH6970,Chopra-Loke,5311,Department Store,Partnership,Jaipur,Rajasthan,2025-02-13,,Active,564.18
REC100141,MCH2850,Reddy-Kara,4131,Transportation,Private Limited,Jaipur,Rajasthan,2024-04-22,XXXX7186,Active,
REC100142,MCH5117,"Parikh, Sengupta and Chander",7011,Hotel/Lodging,Partnership,Chennai,Tamil Nadu,2023-01-26,,Suspended,266.62
REC100143,MCH6651,"Mahajan, Vig and Balakrishnan",5411,Grocery Store,Partnership,Delhi,Delhi,2023-02-17,ZZEW6214809734757,Active,1407.45
REC100144,MCH6206,"Johal, Verma and Sane",5812,Restaurant,Private Limited,Jalandhar,Punjab,2024-04-26,,Active,
REC100145,MCH9755,"Mane, Dey and Nagy",7011,Hotel/Lodging,Individual,Lucknow,Uttar Pradesh,2023-09-05,,Active,2207.77
REC100146,MCH3401,Chana LLC,5411,Grocery Store,Individual,Chennai,Tamil Nadu,,XXXX4048,Active,3703.23
REC100147,MCH7698,Sachdev and Sons,5812,Restaurant,Sole Proprietor,Amritsar,Punjab,2023-07-23,,Active,
REC100148,MCH2085,Loke Inc,7011,Hotel/Lodging,Individual,Hyderabad,Telangana,2023-12-05,CQUN5447672400868,Blocked,
REC100149,MCH1060,"Subramaniam, Rama and Contractor",4131,Transportation,Individual,Hyderabad,Telangana,2024-05-02,FXHY9362967598468,Active,480.0
REC100150,MCH7876,"Deshpande, Nagar and Parsa",4814,Telecom,Individual,Jaipur,Rajasthan,2024-08-22,,Active,502.95
REC100151,MCH9966,"Kara, Chanda and Hayre",4131,Transportation,Individual,Kolkata,West Bengal,2024-01-16,XXXX6108,Active,3566.37
REC100152,MCH2710,"Ramanathan, Bandi and Edwin",5411,Grocery Store,Sole Proprietor,Delhi,Delhi,2024-11-07,9267399474,Active,5021.08
REC100153,MCH2723,Purohit-Dani,5812,Restaurant,Individual,Amritsar,Punjab,2024-04-16,XXXX6527,Active,1384.67
REC100154,MCH6084,Gera-Patla,4131,Transportation,Sole Proprietor,Lucknow,Uttar Pradesh,2026-01-26,0059005491,Active,3360.46
REC100155,MCH1457,Shetty Group,5999,Miscellaneous Retail,Individual,Jalandhar,Punjab,2025-07-11,7979475554,Active,1159.43
REC100156,MCH7866,Bhattacharyya and Sons,5311,Department Store,Partnership,Delhi,Delhi,2025-10-31,QKIU3712061004002,Active,2522.0
REC100157,MCH9528,Kibe-Memon,5699,Apparel,Sole Proprietor,Delhi,Delhi,2025-12-07,XXXX9874,Active,5399.84
REC100158,MCH3612,Vaidya-Arya,5311,Department Store,Private Limited,Kolkata,West Bengal,2023-09-01,UOBK5661273202199,Active,695.7
REC100159,MCH3971,Sura PLC,7011,Hotel/Lodging,Individual,Delhi,Delhi,2024-04-17,,Active,748.82
REC100160,MCH6025,Rege-Bali,4131,Transportation,Individual,Bengaluru,Karnataka,2025-04-21,XXXX0320,Inactive,2516.42
REC100161,MCH6507,Kadakia PLC,5812,Restaurant,Partnership,Chennai,Tamil Nadu,2023-05-01,XXXX3350,Active,740.55
REC100162,MCH8031,Chokshi Ltd,7011,Hotel/Lodging,Individual,Hyderabad,Telangana,2025-07-26,3288481391,Active,2110.06
REC100163,MCH8431,Bala Group,4131,Transportation,Individual,Ludhiana,Punjab,2025-05-02,XXXX7030,Active,964.23
REC100164,MCH9718,Mammen and Sons,5411,Grocery Store,Sole Proprietor,Jalandhar,Punjab,2023-06-20,3331553891,Active,678.94
REC100165,MCH3058,Patla-Padmanabhan,5942,Books & Stationery,Individual,Pune,Maharashtra,2024-10-18,OBXD4944464643223,Active,974.77
REC100166,MCH8327,Menon Ltd,5999,Miscellaneous Retail,Individual,Bengaluru,Karnataka,2023-06-18,,Disabled,1670.04
REC100167,MCH9038,"Dara, Pai and Saxena",5699,Apparel,Sole Proprietor,Ludhiana,Punjab,2024-04-18,0739300438,Active,2740.86
REC100168,MCH2412,Nadig Inc,5942,Books & Stationery,Individual,Hyderabad,Telangana,2024-12-08,XXXX9581,Active,144.12
REC100169,MCH2904,Iyengar-Comar,5999,Miscellaneous Retail,Private Limited,Delhi,Delhi,2026-01-05,XXXX7160,Active,1147.91
REC100170,MCH5405,Balan-Sabharwal,5812,Restaurant,Individual,Bengaluru,Karnataka,2023-04-07,,Active,2280.95
REC100171,MCH1625,Handa LLC,5912,Pharmacy,Private Limited,Ludhiana,Punjab,2024-07-27,,Inactive,4123.17
REC100172,MCH3926,Master-Sarin,5999,Miscellaneous Retail,Individual,Hyderabad,Telangana,2025-05-08,,Active,1913.5
REC100173,MCH6979,Nadig Ltd,5912,Pharmacy,Sole Proprietor,Chennai,Tamil Nadu,2023-05-18,SYHI9438066539953,Inactive,640.32
REC100174,MCH1842,Bedi-Vohra,5411,Grocery Store,Private Limited,Lucknow,Uttar Pradesh,,XXXX6666,Active,1241.96
REC100175,MCH8130,"Kale, Kumer and Ch and",5311,Department Store,Partnership,Ludhiana,Punjab,2026-02-05,GYEV9276514828192,Active,419.61
REC100176,MCH1571,"Rao, Viswanathan and Joshi",4131,Transportation,Sole Proprietor,Chennai,Tamil Nadu,2023-08-03,,Active,866.2
REC100177,MCH9626,Gulati-Chhabra,4814,Telecom,Partnership,Lucknow,Uttar Pradesh,2025-02-21,,Active,880.0
REC100178,MCH2099,"Tara, Date and Thakur",4131,Transportation,Sole Proprietor,Chennai,Tamil Nadu,2023-06-28,BFBY2666613604973,Active,1054.15
REC100179,MCH1841,Kadakia-Rao,7011,Hotel/Lodging,Sole Proprietor,Kolkata,West Bengal,2025-07-01,7706295964,Active,532.17
REC100180,MCH7901,Bala Group,5812,Restaurant,Partnership,Jaipur,Rajasthan,2023-03-02,VXJE9106968913579,Active,
REC100181,MCH8607,"Wali, Mane and Thakur",5699,Apparel,Individual,Delhi,Delhi,2023-10-15,XXXX4911,Active,2981.0
REC100182,MCH5570,"Sahni, Bala and Sharma",5999,Miscellaneous Retail,Individual,Delhi,Delhi,2025-11-28,,Blocked,1506.33
REC100183,MCH5328,Dhaliwal Inc,5812,Restaurant,Private Limited,Kolkata,West Bengal,2025-04-19,,Active,375.06
REC100184,MCH2408,"Kumar, Din and Sule",5999,Miscellaneous Retail,Sole Proprietor,Bengaluru,Karnataka,,,Active,
REC100185,MCH9448,"Sant, Manda and Khurana",5699,Apparel,Partnership,Jalandhar,Punjab,2023-10-08,XXXX3103,Inactive,522.0
REC100186,MCH9463,Boase and Sons,5942,Books & Stationery,Private Limited,Amritsar,Punjab,2025-06-01,8867615299,Active,835.0
REC100187,MCH5882,"Barad, Kara and Gokhale",4814,Telecom,Sole Proprietor,Chennai,Tamil Nadu,2024-09-25,8200004171,Inactive,626.5
REC100188,MCH5072,Shroff-Sangha,5999,Miscellaneous Retail,Private Limited,Jaipur,Rajasthan,2024-12-08,XXXX4443,Active,3955.29
REC100189,MCH2817,Keer and Sons,5999,Miscellaneous Retail,Private Limited,Ludhiana,Punjab,2025-05-19,XXXX7166,Inactive,2074.28
REC100190,MCH7403,"Naik, Badami and Raj",5311,Department Store,Sole Proprietor,Pune,Maharashtra,,,Active,1191.42
REC100191,MCH8984,Sharma Group,5812,Restaurant,Private Limited,Ludhiana,Punjab,2023-06-21,,Active,590.58
REC100192,MCH8915,Sur Ltd,5812,Restaurant,Individual,Mumbai,Maharashtra,2025-08-04,2079428373,Closed,665.18
REC100193,MCH6109,Sampath Ltd,4814,Telecom,Individual,Ludhiana,Punjab,2026-01-15,6737069990,Active,399.08
REC100194,MCH9193,Shroff Inc,5411,Grocery Store,Sole Proprietor,Jalandhar,Punjab,2023-02-10,,Active,
REC100195,MCH7548,Kalla LLC,5411,Grocery Store,Individual,Bengaluru,Karnataka,2024-05-26,JVRD8475866858020,Active,3106.71
REC100196,MCH7196,Kurian-Trivedi,4814,Telecom,Partnership,Jaipur,Rajasthan,2023-06-09,,Active,1000.33
REC100197,MCH5182,"Kadakia, Raman and Badal",4131,Transportation,Sole Proprietor,Amritsar,Punjab,2023-07-15,5073008487,Inactive,932.0
REC100198,MCH4839,Sura-Mall,4131,Transportation,Private Limited,Ludhiana,Punjab,2025-12-08,,Active,682.13
REC100199,MCH4369,"Gupta, Mane and Bhasin",5812,Restaurant,Individual,Hyderabad,Telangana,2025-03-03,,Active,950.76
REC100200,MCH3333,Dada PLC,5999,Miscellaneous Retail,Private Limited,Mumbai,Maharashtra,2024-03-18,,Active,668.0
REC100201,MCH9278,Pant PLC,5942,Books & Stationery,Partnership,Bengaluru,Karnataka,2024-06-25,MCZF8391507084286,Active,822.0
REC100202,MCH6315,Prabhakar-Soman,5942,Books & Stationery,Partnership,Mumbai,Maharashtra,,XXXX3336,Hold,341.33
REC100203,MCH7305,Iyer-Nagi,5699,Apparel,Individual,Mumbai,Maharashtra,2023-08-23,,Active,1967.89
REC100204,MCH6024,Thakkar-Kunda,5411,Grocery Store,Sole Proprietor,Chennai,Tamil Nadu,2025-05-14,,Active,
REC100205,MCH7912,Sarma-Arya,5699,Apparel,Private Limited,Lucknow,Uttar Pradesh,2025-01-01,ZNNS3870382152945,Active,1318.64
REC100206,MCH6660,Nori Group,4814,Telecom,Sole Proprietor,Chennai,Tamil Nadu,2023-05-26,XXXX4499,Active,3030.0
REC100207,MCH8809,"Doshi, Ghose and Amble",5411,Grocery Store,Individual,Mumbai,Maharashtra,,,Active,3965.67
REC100208,MCH7600,Panchal Ltd,5912,Pharmacy,Individual,Lucknow,Uttar Pradesh,2023-10-13,,Active,1148.2
REC100209,MCH5498,"Gera, Narayan and Sankaran",5311,Department Store,Partnership,Kolkata,West Bengal,2025-11-10,8296349363,Active,849.49
REC100210,MCH5923,"Banik, Yogi and Seth",4814,Telecom,Individual,Delhi,Delhi,,CKTY3945451387681,Disabled,378.2
REC100211,MCH6450,"Goel, Madan and Gola",5942,Books & Stationery,Individual,Chennai,Tamil Nadu,2025-10-15,,Suspended,855.0
REC100212,MCH6822,"Sankar, Deol and Goswami",4814,Telecom,Sole Proprietor,Jaipur,Rajasthan,2025-03-31,XXXX2270,Closed,
REC100213,MCH5995,Bassi Ltd,5812,Restaurant,Private Limited,Lucknow,Uttar Pradesh,2024-02-01,XXXX5294,Active,2631.68
REC100214,MCH5879,"Sridhar, Sani and Mall",4814,Telecom,Individual,Hyderabad,Telangana,2025-12-30,XXXX4907,Active,
REC100215,MCH4682,Chaudry LLC,4131,Transportation,Individual,Hyderabad,Telangana,2024-01-28,,Active,
REC100216,MCH1261,"Cheema, Savant and Bakshi",5311,Department Store,Sole Proprietor,Ludhiana,Punjab,2024-06-03,EXGQ1328686965867,Closed,
REC100217,MCH2964,Bala-Sarkar,4814,Telecom,Individual,Jalandhar,Punjab,2025-06-20,4343067882,Active,1298.45
REC100218,MCH5362,"Kunda, Tiwari and Nagi",5912,Pharmacy,Private Limited,Jaipur,Rajasthan,2024-08-09,,Inactive,1922.99
REC100219,MCH5285,"Yadav, Dhawan and Bahri",5311,Department Store,Individual,Bengaluru,Karnataka,2025-08-03,XXXX3759,Active,220.0
REC100220,MCH3998,"Krish, Tak and Peri",4814,Telecom,Partnership,Ludhiana,Punjab,2023-08-16,,Active,1019.25
REC100221,MCH4926,Shankar Ltd,5812,Restaurant,Individual,Hyderabad,Telangana,2024-12-28,6804229881,Active,
REC100222,MCH9424,Sur-Bajaj,5311,Department Store,Sole Proprietor,Bengaluru,Karnataka,2025-04-18,XXXX3219,Active,1902.79
REC100223,MCH7504,Balay PLC,7011,Hotel/Lodging,Individual,Chennai,Tamil Nadu,2025-10-24,1818420938,Active,1030.01
REC100224,MCH9769,"Kota, Dara and Sarin",4131,Transportation,Partnership,Ludhiana,Punjab,2025-05-22,XXXX8418,Active,2120.25
REC100225,MCH2504,Mittal Ltd,5999,Miscellaneous Retail,Individual,Pune,Maharashtra,2024-12-29,XXXX5857,Inactive,1689.96
REC100226,MCH8484,"Grover, Swamy and Johal",5912,Pharmacy,Private Limited,Kolkata,West Bengal,2023-08-17,,Suspended,1273.08
REC100227,MCH3023,Arora LLC,7011,Hotel/Lodging,Individual,Bengaluru,Karnataka,2025-02-03,,Inactive,1722.88
REC100228,MCH4106,Dey and Sons,5411,Grocery Store,Private Limited,Hyderabad,Telangana,2026-01-31,XXXX0072,Active,4216.77
REC100229,MCH6059,Bhargava PLC,7011,Hotel/Lodging,Private Limited,Jaipur,Rajasthan,2025-07-16,XXXX7802,Hold,333.57
REC100230,MCH4801,Bhargava-Basak,5311,Department Store,Sole Proprietor,Lucknow,Uttar Pradesh,2025-11-18,XXXX3111,Active,2920.36
REC100231,MCH3418,Parsa-Parikh,5912,Pharmacy,Partnership,Hyderabad,Telangana,2024-07-15,CWGO5653761986608,Active,8725.31
REC100232,MCH6448,Pal LLC,4814,Telecom,Partnership,Mumbai,Maharashtra,2024-09-07,XXXX5021,Active,1680.84
REC100233,MCH6450,"Goel, Madan and Gola",5942,Books & Stationery,Individual,Chennai,Tamil Nadu,2025-10-15,,Active,855.0
REC100234,MCH6052,Nayak-Wadhwa,5912,Pharmacy,Private Limited,Jaipur,Rajasthan,2023-07-12,XXXX8602,Active,600.38
REC100235,MCH6923,"Kumar, Hayre and Grover",5942,Books & Stationery,Partnership,Lucknow,Uttar Pradesh,2024-03-12,RIOW5493044350343,Disabled,937.24
REC100236,MCH1075,Lala PLC,4814,Telecom,Individual,Pune,Maharashtra,2024-06-01,IPNE1576095102770,Suspended,1162.41
REC100237,MCH7749,"Dhaliwal, Chaudhari and Lad",4131,Transportation,Private Limited,Lucknow,Uttar Pradesh,2023-03-28,,Active,472.27
REC100238,MCH7607,"Vyas, Ramakrishnan and Narayanan",5942,Books & Stationery,Sole Proprietor,Amritsar,Punjab,2025-01-02,2925658717,Active,7039.03
REC100239,MCH7832,More-Cherian,5311,Department Store,Sole Proprietor,Amritsar,Punjab,2024-12-21,,Active,1748.94
REC100240,MCH4864,Date Ltd,5411,Grocery Store,Private Limited,Bengaluru,Karnataka,2023-12-06,XXXX6587,Active,4042.64
REC100241,MCH1843,Edwin and Sons,5999,Miscellaneous Retail,Sole Proprietor,Delhi,Delhi,2024-09-19,,Active,
REC100242,MCH2559,"Sastry, Dhar and Kibe",7011,Hotel/Lodging,Partnership,Pune,Maharashtra,2023-05-08,0777710681,Active,1827.84
REC100243,MCH5927,"Hayer, Palla and Ganesh",5699,Apparel,Private Limited,Lucknow,Uttar Pradesh,2024-06-16,,Active,3764.09
REC100244,MCH6105,Upadhyay PLC,7011,Hotel/Lodging,Sole Proprietor,Kolkata,West Bengal,2024-02-07,,Active,527.81
REC100245,MCH8782,Swamy-Khurana,5699,Apparel,Sole Proprietor,Amritsar,Punjab,2025-04-29,,Active,1314.55
REC100246,MCH7661,Mutti Group,5912,Pharmacy,Sole Proprietor,Ludhiana,Punjab,2023-12-19,,Active,1349.43
REC100247,MCH1772,Grover Group,5311,Department Store,Partnership,Kolkata,West Bengal,2023-03-18,0665098924,Active,1962.32
REC100248,MCH5793,Hayre and Sons,4131,Transportation,Individual,Amritsar,Punjab,2023-10-23,XXXX4734,Active,2411.65
REC100249,MCH8019,Chaudhry-Naidu,5942,Books & Stationery,Private Limited,Jaipur,Rajasthan,,,Active,888.78
REC100250,MCH6707,Chandra Group,4814,Telecom,Private Limited,Ludhiana,Punjab,2024-02-10,,Active,648.63
REC100251,MCH4743,Ahluwalia-Bansal,5912,Pharmacy,Private Limited,Ludhiana,Punjab,2023-08-23,KIYE1462195754397,Disabled,486.29
REC100252,MCH4277,"Lad, Krish and Lad",4131,Transportation,Private Limited,Hyderabad,Telangana,2024-06-04,,Active,472.96
REC100253,MCH6765,Handa PLC,5912,Pharmacy,Individual,Kolkata,West Bengal,2023-10-30,,Active,
REC100254,MCH4867,"Nath, Taneja and Dey",5812,Restaurant,Partnership,Bengaluru,Karnataka,2024-08-05,7096325090,Active,726.56
REC100255,MCH6819,"Arya, Bassi and Kaur",5999,Miscellaneous Retail,Partnership,Amritsar,Punjab,2025-11-19,,Active,2433.05
REC100256,MCH4282,Pingle Ltd,5311,Department Store,Sole Proprietor,Amritsar,Punjab,2023-05-26,,Active,816.0
REC100257,MCH5737,"Chaudhary, Raghavan and Brahmbhatt",5912,Pharmacy,Individual,Amritsar,Punjab,2026-02-25,,Active,1419.52
REC100258,MCH6519,Mane-Madan,5699,Apparel,Partnership,Ludhiana,Punjab,2024-12-25,,Active,978.4
REC100259,MCH2902,"Narang, Varghese and Sur",4131,Transportation,Individual,Amritsar,Punjab,2023-04-11,,Active,1675.0
REC100260,MCH6692,"Mohan, Ravi and Sinha",7011,Hotel/Lodging,Partnership,Jalandhar,Punjab,2023-05-10,UFCM4399349836488,Active,641.51
REC100261,MCH8374,"Kohli, Chakraborty and Wali",5942,Books & Stationery,Sole Proprietor,Lucknow,Uttar Pradesh,2025-02-16,,Active,838.62
REC100262,MCH2217,"Rai, Bala and Shenoy",5411,Grocery Store,Individual,Mumbai,Maharashtra,2023-08-15,2506258510,Active,728.77
REC100263,MCH4739,Karpe-Doshi,5411,Grocery Store,Individual,Lucknow,Uttar Pradesh,2023-10-20,DQQT0527144866471,Active,
REC100264,MCH1345,Bhat Inc,5311,Department Store,Private Limited,Hyderabad,Telangana,2025-01-28,XXXX9759,Active,1702.79
REC100265,MCH2493,"Tella, Lata and Tripathi",4814,Telecom,Individual,Jaipur,Rajasthan,2023-10-28,ROFA2679305641354,Active,
REC100266,MCH2471,Das Group,5942,Books & Stationery,Individual,Jalandhar,Punjab,2024-05-30,SVRE3169162150744,Active,3177.16
REC100267,MCH8854,Kohli-Aurora,4131,Transportation,Private Limited,Chennai,Tamil Nadu,2023-12-04,XXXX8113,Active,
REC100268,MCH5056,Subramaniam PLC,5411,Grocery Store,Partnership,Bengaluru,Karnataka,,WHRV5412713701234,Blocked,473.92
REC100269,MCH3259,Deep and Sons,5912,Pharmacy,Partnership,Delhi,Delhi,,7747336061,Active,308.57
REC100270,MCH8225,Bedi-Date,5999,Miscellaneous Retail,Private Limited,Pune,Maharashtra,2024-02-28,6820537783,Active,2289.3
REC100271,MCH2118,Jani-Subramaniam,5942,Books & Stationery,Partnership,Ludhiana,Punjab,2024-05-30,TOPO3167206929855,Active,1546.09
REC100272,MCH6738,"Jain, Kothari and Subramanian",4814,Telecom,Individual,Delhi,Delhi,2025-12-06,MCPW5267667383117,Inactive,1846.61
REC100273,MCH7699,Chakraborty LLC,7011,Hotel/Lodging,Sole Proprietor,Bengaluru,Karnataka,2023-01-29,,Active,145.86
REC100274,MCH8299,Garde PLC,5812,Restaurant,Partnership,Jaipur,Rajasthan,2023-01-06,,Active,1496.13
REC100275,MCH8401,Pandey PLC,7011,Hotel/Lodging,Partnership,Chennai,Tamil Nadu,2025-09-09,0328253862,Inactive,625.0
REC100276,MCH4102,Pandya-Kapoor,5942,Books & Stationery,Sole Proprietor,Amritsar,Punjab,2025-06-03,SZIE5520167745590,Active,1618.63
REC100277,MCH8730,"Bhasin, Mall and Sarraf",5999,Miscellaneous Retail,Private Limited,Jalandhar,Punjab,2025-02-13,XXXX3406,Active,937.7
REC100278,MCH3353,Bhardwaj and Sons,5912,Pharmacy,Partnership,Bengaluru,Karnataka,2023-02-23,,Suspended,4012.28
REC100279,MCH8755,Guha-Dara,5999,Miscellaneous Retail,Sole Proprietor,Amritsar,Punjab,2023-08-07,,Active,3411.15
REC100280,MCH1375,"Sahota, Johal and Shanker",5411,Grocery Store,Individual,Jalandhar,Punjab,2025-03-02,PHOZ2706415438619,Suspended,1836.94
REC100281,MCH2655,"Brahmbhatt, Desai and Sangha",4814,Telecom,Sole Proprietor,Amritsar,Punjab,2026-01-04,4532869649,Active,3102.0
REC100282,MCH5127,Sankar Group,7011,Hotel/Lodging,Partnership,Delhi,Delhi,2024-09-06,3303273399,Active,2034.47
REC100283,MCH2676,Desai Ltd,4814,Telecom,Private Limited,Ludhiana,Punjab,2025-10-05,,Active,399.5
REC100284,MCH9304,Char Ltd,4814,Telecom,Individual,Bengaluru,Karnataka,2024-01-05,,Active,531.14
REC100285,MCH9888,"Majumdar, Sama and Narayanan",4814,Telecom,Sole Proprietor,Kolkata,West Bengal,2025-08-13,XXXX3073,Inactive,444.72
REC100286,MCH8051,"Saxena, Kamdar and Kannan",5942,Books & Stationery,Partnership,Delhi,Delhi,2024-10-17,,Active,598.72
REC100287,MCH6016,Batta-Roy,5942,Books & Stationery,Private Limited,Jalandhar,Punjab,2023-07-02,,Active,3694.66
REC100288,MCH5231,Varghese-Rattan,5411,Grocery Store,Partnership,Delhi,Delhi,2026-02-05,,Active,692.04
REC100289,MCH8453,Manne LLC,5699,Apparel,Private Limited,Amritsar,Punjab,,,Active,397.0
REC100290,MCH3674,Wason and Sons,5812,Restaurant,Individual,Delhi,Delhi,2025-07-19,6823891084,Active,
REC100291,MCH3662,Dalal-Arora,4814,Telecom,Sole Proprietor,Kolkata,West Bengal,2024-09-01,,Active,4799.31
REC100292,MCH7021,"Dewan, Banerjee and Purohit",7011,Hotel/Lodging,Sole Proprietor,Bengaluru,Karnataka,2024-07-01,XXXX8572,Active,969.81
REC100293,MCH7490,Datta Ltd,5912,Pharmacy,Sole Proprietor,Kolkata,West Bengal,2023-11-12,,Active,1590.69
REC100294,MCH7430,Pingle-Lata,5311,Department Store,Individual,Lucknow,Uttar Pradesh,2024-09-07,XXXX3604,Active,2426.91
REC100295,MCH4477,Edwin Group,5912,Pharmacy,Partnership,Pune,Maharashtra,2025-12-19,,Active,1145.96
REC100296,MCH8724,"Ganesh, Sarin and Gera",5411,Grocery Store,Partnership,Delhi,Delhi,2024-11-20,8119568584,Active,639.73
REC100297,MCH1772,"Thakur, Talwar and Chahal",5912,Pharmacy,Partnership,Pune,Maharashtra,2025-11-19,XXXX1519,Active,645.09
REC100298,MCH1420,"Nath, Setty and Pai",7011,Hotel/Lodging,Partnership,Kolkata,West Bengal,2023-04-08,,Inactive,1986.0
REC100299,MCH3070,"Patel, Sandal and Sinha",4814,Telecom,Individual,Hyderabad,Telangana,2025-09-18,XXXX6846,Active,1706.27
REC100300,MCH3776,"Kapadia, Sathe and Shenoy",5311,Department Store,Partnership,Delhi,Delhi,,2896927884,Active,1854.99
REC100301,MCH4233,Parmar and Sons,5912,Pharmacy,Sole Proprietor,Bengaluru,Karnataka,2024-07-30,4132683121,Closed,3068.07
REC100302,MCH3523,"Khare, Radhakrishnan and Gala",5812,Restaurant,Individual,Jaipur,Rajasthan,2025-12-04,,Active,
REC100303,MCH5712,Goda-Kashyap,5942,Books & Stationery,Private Limited,Amritsar,Punjab,2025-01-12,ILKC7960163227117,Active,
REC100304,MCH3070,Agate-Chopra,5411,Grocery Store,Sole Proprietor,Mumbai,Maharashtra,2025-04-29,4174323514,Active,1355.0
REC100305,MCH6061,Nazareth PLC,4131,Transportation,Sole Proprietor,Pune,Maharashtra,2025-02-02,,Suspended,1189.87
REC100306,MCH4233,Padmanabhan and Sons,5999,Miscellaneous Retail,Sole Proprietor,Ludhiana,Punjab,2025-02-04,4395615588,Active,1697.48
REC100307,MCH8197,Virk-Venkataraman,5912,Pharmacy,Sole Proprietor,Kolkata,West Bengal,2024-01-03,,Active,964.03
REC100308,MCH3085,"Sarkar, Memon and Mand",4131,Transportation,Individual,Pune,Maharashtra,2025-07-16,,Active,
REC100309,MCH8756,Warrior Inc,5699,Apparel,Private Limited,Jalandhar,Punjab,2023-10-04,9910438985,Active,1476.03
REC100310,MCH1863,Sachar-Gokhale,5942,Books & Stationery,Private Limited,Hyderabad,Telangana,2024-03-24,XXXX8775,Active,760.42
REC100311,MCH9494,"Wable, Warrior and Parmer",4814,Telecom,Individual,Pune,Maharashtra,2024-05-27,,Active,455.01
REC100312,MCH4729,Deshpande Inc,7011,Hotel/Lodging,Sole Proprietor,Mumbai,Maharashtra,,XXXX6726,Inactive,1506.61
REC100313,MCH1836,"Nazareth, Bahl and Manda",5411,Grocery Store,Private Limited,Hyderabad,Telangana,2023-11-15,IUQT6934618863943,Active,
REC100314,MCH9918,"Jha, Kumer and Srivastava",5699,Apparel,Sole Proprietor,Bengaluru,Karnataka,2024-01-16,UOAA2292690080709,Disabled,902.09
REC100315,MCH7336,Krishnan and Sons,5812,Restaurant,Partnership,Jalandhar,Punjab,2024-09-03,2456383296,Active,1122.92
REC100316,MCH9307,"Bajwa, Dhawan and Guha",5812,Restaurant,Sole Proprietor,Jalandhar,Punjab,2024-03-07,,Active,468.19
REC100317,MCH8233,Patel Ltd,5411,Grocery Store,Partnership,Jalandhar,Punjab,2024-12-28,,Active,1942.94
REC100318,MCH6671,Chandran-Dada,5699,Apparel,Partnership,Amritsar,Punjab,2023-04-12,6648722960,Active,2579.5
REC100319,MCH9620,Prakash Group,5411,Grocery Store,Partnership,Ludhiana,Punjab,2023-02-02,,Active,2975.01
REC100320,MCH2769,Sehgal PLC,4814,Telecom,Private Limited,Amritsar,Punjab,2023-09-19,3613137952,Active,131.0
REC100321,MCH3618,"Narang, Atwal and Merchant",5912,Pharmacy,Sole Proprietor,Mumbai,Maharashtra,2023-07-25,LZII0053942814377,Active,1728.22
REC100322,MCH9149,Bandi Inc,5999,Miscellaneous Retail,Partnership,Jaipur,Rajasthan,2025-03-15,,Active,2169.18
REC100323,MCH2165,Venkataraman-Seshadri,5912,Pharmacy,Sole Proprietor,Pune,Maharashtra,2024-06-26,,Active,137.68
REC100324,MCH1832,Mistry-Chaudhary,5999,Miscellaneous Retail,Individual,Hyderabad,Telangana,2024-12-11,,Inactive,448.33
REC100325,MCH1640,Trivedi-Agrawal,5411,Grocery Store,Private Limited,Jalandhar,Punjab,2025-01-25,WQQD1666405545072,Active,2316.65
REC100326,MCH7314,Mahajan-Borde,5999,Miscellaneous Retail,Partnership,Lucknow,Uttar Pradesh,2023-01-05,3772469001,Active,1003.0
REC100327,MCH4688,Hora PLC,5912,Pharmacy,Individual,Ludhiana,Punjab,2024-05-18,XXXX6054,Suspended,1146.0
REC100328,MCH8612,Kurian-Goda,5812,Restaurant,Sole Proprietor,Mumbai,Maharashtra,2023-07-18,XXXX5561,Active,1133.93
REC100329,MCH7400,Chaudhari Ltd,5999,Miscellaneous Retail,Individual,Delhi,Delhi,2025-07-01,,Suspended,1040.56
REC100330,MCH4118,Upadhyay LLC,4131,Transportation,Private Limited,Kolkata,West Bengal,2024-03-16,,Active,
REC100331,MCH1197,"Gaba, Wadhwa and Sahni",5411,Grocery Store,Private Limited,Mumbai,Maharashtra,2024-08-01,8143796682,Active,488.96
REC100332,MCH1718,Wason-Vaidya,5311,Department Store,Private Limited,Jalandhar,Punjab,2025-04-04,,Active,705.66
REC100333,MCH9800,Dasgupta-Sathe,7011,Hotel/Lodging,Partnership,Ludhiana,Punjab,2024-06-13,4290574632,Active,
REC100334,MCH2198,"Arya, Dalal and Keer",5812,Restaurant,Private Limited,Jaipur,Rajasthan,2023-09-08,,Active,2776.31
REC100335,MCH3395,"Boase, Dutt and Sami",5912,Pharmacy,Partnership,Jaipur,Rajasthan,2024-07-22,,Inactive,619.0
REC100336,MCH3547,Ramanathan-Dada,5812,Restaurant,Private Limited,Delhi,Delhi,2025-02-03,,Active,5262.6
REC100337,MCH7837,Wali Group,5999,Miscellaneous Retail,Individual,Kolkata,West Bengal,2023-06-03,,Active,803.03
REC100338,MCH3890,Tata-Bal,5912,Pharmacy,Individual,Pune,Maharashtra,2026-02-22,,Active,668.0
REC100339,MCH7218,Varghese-Arya,7011,Hotel/Lodging,Private Limited,Lucknow,Uttar Pradesh,2025-12-25,VAFX9362941506530,Active,2725.82
REC100340,MCH2943,Khosla LLC,5812,Restaurant,Private Limited,Mumbai,Maharashtra,2024-03-29,XXXX8006,Active,2741.64
REC100341,MCH2083,Patla-Basak,5912,Pharmacy,Individual,Kolkata,West Bengal,2024-10-08,,Suspended,556.93
REC100342,MCH3361,Sabharwal-Shah,4131,Transportation,Partnership,Jalandhar,Punjab,2024-01-06,KQNB2621280715561,Closed,887.23
REC100343,MCH1195,Cherian-Rana,4131,Transportation,Sole Proprietor,Jalandhar,Punjab,2025-09-09,,Active,364.17
REC100344,MCH6131,"Dhar, Dada and Bakshi",5699,Apparel,Partnership,Bengaluru,Karnataka,2024-03-10,4600930161,Active,1921.0
REC100345,MCH9996,Kala-Nadkarni,5699,Apparel,Private Limited,Delhi,Delhi,2023-01-03,XXXX7769,Active,628.11
REC100346,MCH1164,Goda PLC,4131,Transportation,Partnership,Ludhiana,Punjab,2025-10-27,,Active,953.0
REC100347,MCH2384,"Atwal, Sawhney and Magar",5999,Miscellaneous Retail,Sole Proprietor,Lucknow,Uttar Pradesh,2023-01-20,,Active,638.0
REC100348,MCH5186,"Iyer, Sarma and Issac",5311,Department Store,Private Limited,Jaipur,Rajasthan,2023-03-27,WHOY9873117052427,Inactive,830.18
REC100349,MCH1956,Sodhi PLC,5912,Pharmacy,Individual,Amritsar,Punjab,2025-09-28,TLKU2109519549509,Inactive,1459.74
REC100350,MCH8136,Bora Inc,7011,Hotel/Lodging,Sole Proprietor,Amritsar,Punjab,2025-10-27,XXXX8920,Disabled,635.0
REC100351,MCH5366,Bali Ltd,5311,Department Store,Private Limited,Lucknow,Uttar Pradesh,2024-02-25,XXXX6307,Disabled,1551.58
REC100352,MCH2870,"Loyal, Buch and Ghose",5812,Restaurant,Sole Proprietor,Delhi,Delhi,2025-05-27,,Active,2213.61
REC100353,MCH5443,Loyal-Narasimhan,7011,Hotel/Lodging,Individual,Kolkata,West Bengal,2023-09-12,VCRF1570737200411,Active,1593.65
REC100354,MCH1929,"Bahri, Dara and Saran",5942,Books & Stationery,Private Limited,Jaipur,Rajasthan,2025-12-26,XXXX4676,Active,
REC100355,MCH7620,"Vaidya, Deshmukh and Cherian",5942,Books & Stationery,Individual,Pune,Maharashtra,2024-10-20,SIIG8824885521026,Hold,1771.87
REC100356,MCH7851,"Warrior, Hora and Dayal",4814,Telecom,Individual,Jalandhar,Punjab,2024-02-07,6337984791,Active,
REC100357,MCH8407,Dey Group,4131,Transportation,Individual,Lucknow,Uttar Pradesh,2024-07-10,,Active,2726.27
REC100358,MCH4104,Sawhney-Suri,4814,Telecom,Individual,Hyderabad,Telangana,2023-12-15,8776394591,Inactive,295.0
REC100359,MCH3907,"Andra, Chakrabarti and Khalsa",5311,Department Store,Sole Proprietor,Mumbai,Maharashtra,,OAMS4252276899430,Active,1320.29
REC100360,MCH5549,Bahri Ltd,5812,Restaurant,Partnership,Chennai,Tamil Nadu,2023-10-06,XXXX0036,Active,1045.04
REC100361,MCH5092,Dubey-Gade,4814,Telecom,Partnership,Kolkata,West Bengal,2023-07-01,,Active,730.73
REC100362,MCH9492,Sahni-Ravel,5311,Department Store,Individual,Lucknow,Uttar Pradesh,2024-03-01,1939900223,Active,3080.63
REC100363,MCH4630,Modi and Sons,5699,Apparel,Sole Proprietor,Jalandhar,Punjab,2023-03-01,,Active,333.91
REC100364,MCH4481,Nagi Inc,5699,Apparel,Partnership,Pune,Maharashtra,2023-11-28,,Active,2759.79
REC100365,MCH6783,"Deep, Pall and Suri",5912,Pharmacy,Individual,Lucknow,Uttar Pradesh,2025-11-28,,Active,1131.0
REC100366,MCH7896,Samra LLC,7011,Hotel/Lodging,Private Limited,Kolkata,West Bengal,2023-10-16,SGTY6881761008390,Hold,2276.65
REC100367,MCH8600,"Kalita, Bains and Gandhi",5812,Restaurant,Sole Proprietor,Delhi,Delhi,2024-07-06,RRYJ6587686551997,Active,855.0
REC100368,MCH9207,"Jani, Mittal and Narasimhan",5411,Grocery Store,Partnership,Bengaluru,Karnataka,2025-01-15,XJLY4559421802745,Inactive,1049.45
REC100369,MCH8725,Gala Group,7011,Hotel/Lodging,Private Limited,Jaipur,Rajasthan,2024-08-14,PIMP1040686768002,Active,7512.0
REC100370,MCH2623,"Oak, Nadig and Doshi",5411,Grocery Store,Sole Proprietor,Jalandhar,Punjab,2025-03-18,SGLM9352062021997,Active,1380.47
REC100371,MCH3280,"Vohra, Bora and Vasa",5411,Grocery Store,Private Limited,Pune,Maharashtra,2023-10-16,,Suspended,412.76
REC100372,MCH6216,Agarwal Group,5812,Restaurant,Private Limited,Amritsar,Punjab,2024-03-28,XXXX1409,Active,1210.0
REC100373,MCH4809,Viswanathan PLC,7011,Hotel/Lodging,Individual,Kolkata,West Bengal,2023-07-12,,Active,1713.6
REC100374,MCH3327,Balay Ltd,5912,Pharmacy,Partnership,Amritsar,Punjab,2024-06-10,4132109142,Active,799.92
REC100375,MCH1984,"Lala, Wagle and Bal",5699,Apparel,Partnership,Chennai,Tamil Nadu,2025-01-08,,Active,5244.88
REC100376,MCH5944,Jayaraman-Bhattacharyya,4131,Transportation,Private Limited,Hyderabad,Telangana,2023-09-04,BTLX3994335719192,Active,545.7
REC100377,MCH3824,Chand-Sarna,5812,Restaurant,Sole Proprietor,Kolkata,West Bengal,2025-08-24,,Active,733.85
REC100378,MCH8598,Chanda-Parekh,5942,Books & Stationery,Partnership,Ludhiana,Punjab,,5300981765,Active,1205.19
REC100379,MCH2846,"Sha, Ramanathan and Kota",5411,Grocery Store,Individual,Jaipur,Rajasthan,2025-09-30,2763596998,Inactive,2995.95
REC100380,MCH2576,"Shan, Sem and Pau",5311,Department Store,Partnership,Hyderabad,Telangana,2023-12-03,3390811191,Active,472.21
REC100381,MCH3841,"Sandhu, Khosla and Guha",5999,Miscellaneous Retail,Partnership,Bengaluru,Karnataka,2024-09-16,7616513593,Closed,2207.18
REC100382,MCH3085,Mander-Mital,7011,Hotel/Lodging,Private Limited,Chennai,Tamil Nadu,2024-08-20,,Active,3842.0
REC100383,MCH1952,Madan Inc,5942,Books & Stationery,Partnership,Chennai,Tamil Nadu,2024-06-28,7688662215,Inactive,1643.17
REC100384,MCH4574,Cherian and Sons,5311,Department Store,Individual,Lucknow,Uttar Pradesh,2024-08-31,XXXX0148,Active,789.16
REC100385,MCH5841,Nori Group,5912,Pharmacy,Sole Proprietor,Mumbai,Maharashtra,2023-01-11,,Active,466.44
REC100386,MCH4530,"Bhandari, Ramakrishnan and Srinivasan",5812,Restaurant,Partnership,Pune,Maharashtra,2023-12-10,8219848716,Active,669.95
REC100387,MCH5204,Sibal-Kanda,5942,Books & Stationery,Private Limited,Ludhiana,Punjab,2025-06-20,3994262713,Active,
REC100388,MCH5401,"Sama, Arora and Memon",5942,Books & Stationery,Private Limited,Kolkata,West Bengal,2023-07-23,,Active,
REC100389,MCH1213,Ray LLC,5912,Pharmacy,Partnership,Pune,Maharashtra,2024-01-07,1805958295,Active,1556.0
REC100390,MCH6206,"Sanghvi, Dugar and Rajagopal",4814,Telecom,Individual,Chennai,Tamil Nadu,2025-03-31,5473942096,Active,683.76
REC100391,MCH4043,Sodhi Group,5942,Books & Stationery,Partnership,Ludhiana,Punjab,,QEIP6568462838668,Inactive,
REC100392,MCH5608,Raman-Behl,5812,Restaurant,Individual,Amritsar,Punjab,2023-10-05,,Active,251.88
REC100393,MCH1159,Sabharwal-Gole,4814,Telecom,Partnership,Hyderabad,Telangana,,XXXX4659,Closed,790.13
REC100394,MCH6388,Pillai-Subramaniam,5699,Apparel,Sole Proprietor,Jalandhar,Punjab,2023-04-28,XXXX3833,Inactive,2418.46
REC100395,MCH8876,Apte and Sons,5812,Restaurant,Partnership,Kolkata,West Bengal,2024-02-03,,Active,2620.0
REC100396,MCH3755,Hayer and Sons,5812,Restaurant,Private Limited,Pune,Maharashtra,2025-08-02,1710186455,Active,1098.64
REC100397,MCH8598,"Raghavan, Nadig and Karpe",5812,Restaurant,Sole Proprietor,Pune,Maharashtra,2024-06-16,XXXX2019,Active,1385.16
REC100398,MCH4077,Din LLC,4131,Transportation,Sole Proprietor,Jaipur,Rajasthan,2024-09-21,,Active,640.73
REC100399,MCH4926,Shankar Ltd,5812,Restaurant,Individual,Hyderabad,Telangana,2024-12-28,6804229881,Active,
REC100400,MCH2719,"Ranganathan, Mall and Aggarwal",5812,Restaurant,Partnership,Lucknow,Uttar Pradesh,2024-05-24,,Active,2283.24
REC100401,MCH1004,Pillai-Mohan,4131,Transportation,Sole Proprietor,Lucknow,Uttar Pradesh,2023-04-08,3448414449,Active,342.7
REC100402,MCH1275,Kata Group,7011,Hotel/Lodging,Partnership,Lucknow,Uttar Pradesh,2025-09-11,XXXX0284,Active,252.53
REC100403,MCH6165,"Luthra, Bala and Khurana",7011,Hotel/Lodging,Individual,Lucknow,Uttar Pradesh,2025-01-29,XXXX9557,Active,1785.07
REC100404,MCH7432,Agate PLC,5812,Restaurant,Individual,Chennai,Tamil Nadu,2024-06-11,OKRJ7586561022456,Active,88.41
REC100405,MCH9377,"Badal, Mitter and Mitter",5912,Pharmacy,Sole Proprietor,Lucknow,Uttar Pradesh,2024-08-22,USJW2353874844902,Active,
REC100406,MCH8132,Venkataraman-Yadav,5942,Books & Stationery,Partnership,Kolkata,West Bengal,2023-10-30,7864776232,Inactive,2105.69
REC100407,MCH6039,Padmanabhan-Bora,4814,Telecom,Sole Proprietor,Lucknow,Uttar Pradesh,,,Active,6727.69
REC100408,MCH5249,Tak Inc,7011,Hotel/Lodging,Private Limited,Lucknow,Uttar Pradesh,2025-03-10,,Active,
REC100409,MCH7876,Yadav-Bansal,5942,Books & Stationery,Individual,Lucknow,Uttar Pradesh,2024-09-22,,Active,
REC100410,MCH2592,"Mander, Goel and Soni",4131,Transportation,Individual,Mumbai,Maharashtra,2023-04-25,,Active,1371.19
REC100411,MCH1725,"Narayanan, Thaker and Sandhu",5999,Miscellaneous Retail,Partnership,Jaipur,Rajasthan,2025-02-15,XXXX2721,Active,385.5
REC100412,MCH6566,"Kala, Talwar and Keer",5311,Department Store,Private Limited,Chennai,Tamil Nadu,2024-02-15,2935227590,Active,
REC100413,MCH7331,Kala-Loyal,5311,Department Store,Sole Proprietor,Hyderabad,Telangana,2024-05-20,6553174901,Active,
REC100414,MCH6165,"Chandran, Dey and Dalal",5699,Apparel,Private Limited,Delhi,Delhi,2025-08-29,CFEB4939576870397,Active,1513.56
REC100415,MCH8537,Sunder LLC,4131,Transportation,Private Limited,Chennai,Tamil Nadu,2025-09-16,FNGX1491502830694,Active,1072.34
REC100416,MCH6218,Chad-Bhakta,5411,Grocery Store,Sole Proprietor,Chennai,Tamil Nadu,2023-12-23,TDSR2442651102267,Active,218.0
REC100417,MCH9543,Khanna-Som,5942,Books & Stationery,Sole Proprietor,Bengaluru,Karnataka,2023-11-13,XXXX7044,Active,1143.19
REC100418,MCH7050,Chand and Sons,5912,Pharmacy,Private Limited,Bengaluru,Karnataka,2025-02-04,XXXX7630,Active,781.34
REC100419,MCH6061,"Nadkarni, Tella and Padmanabhan",4131,Transportation,Individual,Chennai,Tamil Nadu,2024-11-22,9827765407,Active,
REC100420,MCH5701,"Lad, Thakkar and Nazareth",4131,Transportation,Private Limited,Kolkata,West Bengal,,XXXX7572,Active,1254.73
REC100421,MCH4287,"Kuruvilla, Chanda and Sood",4131,Transportation,Individual,Jalandhar,Punjab,2025-04-01,,Active,1244.04
REC100422,MCH2525,Narayan-Mallick,5912,Pharmacy,Sole Proprietor,Amritsar,Punjab,2025-03-17,,Active,1084.48
REC100423,MCH5842,"Dutt, Trivedi and Dhingra",5942,Books & Stationery,Partnership,Amritsar,Punjab,2024-01-21,XXXX5651,Active,182.55
REC100424,MCH5213,Keer-Yadav,7011,Hotel/Lodging,Private Limited,Jalandhar,Punjab,2023-09-04,NHOQ3812159504524,Active,2157.19
REC100425,MCH9332,Gupta Inc,5912,Pharmacy,Private Limited,Pune,Maharashtra,2023-09-24,,Active,1393.93
REC100426,MCH6651,"Choudhry, Sarma and Seshadri",7011,Hotel/Lodging,Sole Proprietor,Delhi,Delhi,2024-10-05,SMUJ2866206053187,Active,2606.0
REC100427,MCH7521,Boase PLC,4131,Transportation,Sole Proprietor,Kolkata,West Bengal,2026-01-27,WKCL3458708850629,Active,880.0
REC100428,MCH6240,"Dutta, Aggarwal and Devan",5812,Restaurant,Sole Proprietor,Amritsar,Punjab,2025-09-04,,Active,905.07
REC100429,MCH7096,Saxena-Kara,5942,Books & Stationery,Partnership,Jaipur,Rajasthan,2025-01-25,,Active,1167.73
REC100430,MCH2851,Minhas Group,5311,Department Store,Sole Proprietor,Hyderabad,Telangana,2023-01-25,XXXX8636,Active,1535.83
REC100431,MCH9546,"Mohan, Tak and Dhingra",5999,Miscellaneous Retail,Sole Proprietor,Amritsar,Punjab,2024-11-20,XXXX5350,Active,1645.26
REC100432,MCH3612,Lal Inc,4814,Telecom,Individual,Pune,Maharashtra,2025-01-07,XXXX1339,Active,354.59
REC100433,MCH7095,Soni-Dubey,5812,Restaurant,Individual,Mumbai,Maharashtra,2025-05-01,,Active,589.1
REC100434,MCH8889,"Mahal, Edwin and Dasgupta",5699,Apparel,Sole Proprietor,Pune,Maharashtra,2023-03-26,,Suspended,
REC100435,MCH4847,Dhillon-Pillay,7011,Hotel/Lodging,Private Limited,Lucknow,Uttar Pradesh,2023-12-10,5738051147,Active,2178.15
REC100436,MCH3237,Gaba Inc,5999,Miscellaneous Retail,Sole Proprietor,Delhi,Delhi,2023-03-06,YPVB7296650386869,Suspended,
REC100437,MCH4319,"Chaudhry, Rajan and Lad",5812,Restaurant,Private Limited,Jaipur,Rajasthan,2025-07-13,,Suspended,1128.44
REC100438,MCH2137,Saran and Sons,5699,Apparel,Private Limited,Delhi,Delhi,2023-11-10,,Active,2376.86
REC100439,MCH1109,Sinha-Bumb,4131,Transportation,Private Limited,Amritsar,Punjab,2023-02-11,,Active,
REC100440,MCH6939,"Memon, Gole and Pingle",5812,Restaurant,Private Limited,Lucknow,Uttar Pradesh,2023-09-13,VYGQ0383354923460,Inactive,1508.63
REC100441,MCH6219,"Morar, Walla and Behl",5912,Pharmacy,Partnership,Delhi,Delhi,2024-06-24,,Active,4347.57
REC100442,MCH9624,Brar-Chad,5311,Department Store,Individual,Amritsar,Punjab,2025-02-04,XXXX6058,Suspended,2595.66
REC100443,MCH6299,Pathak-Mukherjee,5999,Miscellaneous Retail,Individual,Delhi,Delhi,2025-02-02,,Active,256.83
REC100444,MCH6852,Swamy-Srinivas,4814,Telecom,Private Limited,Chennai,Tamil Nadu,,SOKG3294393943682,Active,
REC100445,MCH7614,Wali Ltd,5699,Apparel,Individual,Mumbai,Maharashtra,2023-07-03,BEBD9243619313229,Active,969.0
REC100446,MCH2757,Chhabra-Dugar,5699,Apparel,Sole Proprietor,Kolkata,West Bengal,2025-11-16,XXXX2280,Active,1214.2
REC100447,MCH4667,Kapur-Gara,5812,Restaurant,Private Limited,Delhi,Delhi,2025-10-30,9822186565,Active,1043.72
REC100448,MCH1014,"Raghavan, Barad and Bahl",5812,Restaurant,Partnership,Pune,Maharashtra,2024-03-23,PDTL9868386773357,Active,
REC100449,MCH8715,"Raju, Loke and Vora",5999,Miscellaneous Retail,Partnership,Hyderabad,Telangana,2025-09-14,,Active,1332.26
REC100450,MCH9964,Dua Inc,4131,Transportation,Sole Proprietor,Mumbai,Maharashtra,2023-02-06,,Inactive,794.67
REC100451,MCH9790,Ganesh-Lal,5999,Miscellaneous Retail,Sole Proprietor,Delhi,Delhi,2024-03-11,XCKU8726264646953,Active,914.14
REC100452,MCH5892,Mangat-Dutta,5942,Books & Stationery,Sole Proprietor,Jaipur,Rajasthan,2023-10-08,3873887194,Inactive,2243.17
REC100453,MCH1774,"Chawla, Luthra and Kapur",4814,Telecom,Sole Proprietor,Amritsar,Punjab,2024-08-09,MJXY1754643071882,Active,691.84
REC100454,MCH5447,Chhabra-Bajaj,5411,Grocery Store,Sole Proprietor,Hyderabad,Telangana,2025-04-08,3031826064,Active,363.53
REC100455,MCH4928,"Narang, Bedi and Sachar",5699,Apparel,Private Limited,Jalandhar,Punjab,2025-09-25,,Active,3146.1
REC100456,MCH4398,"Bose, Dhar and Oza",5812,Restaurant,Individual,Jalandhar,Punjab,2024-03-06,VPBZ3389716321736,Active,580.38
REC100457,MCH2997,Mohanty Ltd,7011,Hotel/Lodging,Individual,Bengaluru,Karnataka,2024-10-16,AVZS8243524193975,Active,2948.35
REC100458,MCH7098,Patla PLC,4131,Transportation,Individual,Jaipur,Rajasthan,2024-11-14,,Active,926.0
REC100459,MCH2435,"Badal, Chada and Narang",5699,Apparel,Private Limited,Ludhiana,Punjab,,0219895854,Active,2576.23
REC100460,MCH6284,Grewal-Kulkarni,7011,Hotel/Lodging,Private Limited,Chennai,Tamil Nadu,2025-02-07,,Active,1068.79
REC100461,MCH7360,Rajan-Sahni,4814,Telecom,Partnership,Kolkata,West Bengal,2023-11-05,HKWU3873449938871,Inactive,1218.43
REC100462,MCH7790,Barman-Roy,5942,Books & Stationery,Sole Proprietor,Chennai,Tamil Nadu,2025-05-28,3171421828,Active,1525.46
REC100463,MCH1899,Subramaniam-Bedi,5942,Books & Stationery,Private Limited,Ludhiana,Punjab,2025-09-27,XXXX4698,Active,
REC100464,MCH7258,"Om, Swaminathan and Ray",5699,Apparel,Private Limited,Jaipur,Rajasthan,2024-07-16,ARZZ7929473227025,Inactive,472.89
REC100465,MCH9180,Ramaswamy PLC,5699,Apparel,Individual,Pune,Maharashtra,2025-08-08,,Active,
REC100466,MCH3659,Tandon PLC,5411,Grocery Store,Individual,Lucknow,Uttar Pradesh,2024-01-30,,Suspended,1421.27
REC100467,MCH6756,Mangal PLC,5812,Restaurant,Individual,Kolkata,West Bengal,2024-12-21,XXXX7752,Active,689.85
REC100468,MCH4066,Swaminathan and Sons,5311,Department Store,Partnership,Hyderabad,Telangana,2025-05-24,,Active,972.63
REC100469,MCH5972,Parmar-Ramanathan,4814,Telecom,Sole Proprietor,Mumbai,Maharashtra,,,Disabled,3048.92
REC100470,MCH5683,Subramanian Group,5311,Department Store,Private Limited,Lucknow,Uttar Pradesh,2024-10-24,XUFZ9750077803623,Active,774.44
REC100471,MCH3199,Deshmukh-Karnik,5311,Department Store,Partnership,Jaipur,Rajasthan,2023-08-10,GHWA0359999214011,Active,2251.19
REC100472,MCH8369,"Vyas, Dutt and Ganesan",5912,Pharmacy,Individual,Kolkata,West Bengal,2023-09-15,0639952317,Active,410.34
REC100473,MCH5135,Kapoor Ltd,5699,Apparel,Partnership,Chennai,Tamil Nadu,2024-02-25,XXXX2733,Active,1221.22
REC100474,MCH1894,Setty-Doshi,5812,Restaurant,Partnership,Bengaluru,Karnataka,2025-08-11,1742153273,Active,2961.06
REC100475,MCH2757,Cherian-Parmer,5942,Books & Stationery,Sole Proprietor,Chennai,Tamil Nadu,2023-05-02,9249178567,Active,1801.26
REC100476,MCH9744,Walia Inc,5942,Books & Stationery,Sole Proprietor,Bengaluru,Karnataka,2024-06-24,XXXX8765,Suspended,574.28
REC100477,MCH4325,Choudhry LLC,7011,Hotel/Lodging,Private Limited,Jaipur,Rajasthan,2023-06-07,,Disabled,
REC100478,MCH9997,"Kalita, Dass and Balay",5999,Miscellaneous Retail,Individual,Ludhiana,Punjab,2023-07-12,XXXX2557,Active,2233.91
REC100479,MCH3037,Gokhale PLC,5411,Grocery Store,Partnership,Kolkata,West Bengal,2024-12-13,XXXX1304,Hold,1146.48
REC100480,MCH1353,Chada and Sons,4131,Transportation,Partnership,Jaipur,Rajasthan,2023-11-25,,Active,2641.0
REC100481,MCH6896,Padmanabhan-Purohit,4814,Telecom,Private Limited,Kolkata,West Bengal,2025-09-10,9931095643,Active,1862.46
REC100482,MCH1106,"Narang, Wali and Aurora",5411,Grocery Store,Sole Proprietor,Jalandhar,Punjab,2023-10-04,XKBE4857491773438,Active,1853.84
REC100483,MCH2623,Chokshi Ltd,4131,Transportation,Partnership,Chennai,Tamil Nadu,2023-05-17,,Active,
REC100484,MCH7953,Deep Group,5411,Grocery Store,Sole Proprietor,Mumbai,Maharashtra,2025-08-07,4208218333,Active,1668.75
REC100485,MCH4248,"Bahl, Prashad and Reddy",5311,Department Store,Sole Proprietor,Lucknow,Uttar Pradesh,2025-06-30,,Active,4921.5
REC100486,MCH3613,Lad-Chacko,4814,Telecom,Private Limited,Jaipur,Rajasthan,2025-04-02,XXXX9897,Active,466.16
REC100487,MCH2981,"Parekh, Anand and Nagi",4131,Transportation,Individual,Amritsar,Punjab,,4706473579,Active,2350.58
REC100488,MCH6188,"Batta, Choudhary and Bhalla",4131,Transportation,Private Limited,Kolkata,West Bengal,2026-01-09,3109651401,Active,163.0
REC100489,MCH5110,"Anne, Nayak and Chada",5311,Department Store,Private Limited,Amritsar,Punjab,2023-04-26,6381447674,Active,478.0
REC100490,MCH3598,Kapur-Sahni,4814,Telecom,Private Limited,Bengaluru,Karnataka,2024-12-07,0759983753,Active,7252.05
REC100491,MCH3255,"Shah, Kala and Sarraf",7011,Hotel/Lodging,Private Limited,Jalandhar,Punjab,2024-06-09,XXXX8773,Active,807.0
REC100492,MCH3684,Chahal-Reddy,5411,Grocery Store,Partnership,Delhi,Delhi,,,Active,629.48
REC100493,MCH9858,"Memon, Mohanty and Ghosh",4131,Transportation,Sole Proprietor,Mumbai,Maharashtra,2025-12-11,WBRG3053362542372,Active,911.0
REC100494,MCH4023,"Dhaliwal, Dugar and Vasa",5942,Books & Stationery,Partnership,Chennai,Tamil Nadu,2023-01-02,7015726404,Active,
REC100495,MCH5017,"Datta, Sinha and Patla",7011,Hotel/Lodging,Sole Proprietor,Kolkata,West Bengal,2024-11-25,6167636642,Active,617.0
REC100496,MCH9109,"Som, Mittal and Wable",5699,Apparel,Partnership,Amritsar,Punjab,2024-11-08,XXXX6670,Active,553.0
REC100497,MCH2063,Bhavsar Group,4131,Transportation,Private Limited,Chennai,Tamil Nadu,2025-10-10,,Active,2405.73
REC100498,MCH7802,Venkatesh LLC,5912,Pharmacy,Partnership,Lucknow,Uttar Pradesh,2024-04-12,5184855438,Active,1493.43
REC100499,MCH4022,Varughese-Taneja,5699,Apparel,Individual,Bengaluru,Karnataka,2025-12-12,SVSY3016666927119,Suspended,724.48
REC100500,MCH3662,"Mand, Walia and Bhalla",5411,Grocery Store,Private Limited,Chennai,Tamil Nadu,2023-04-08,KFML5342009384721,Active,677.63
REC100501,MCH6163,Mani Ltd,5942,Books & Stationery,Partnership,Hyderabad,Telangana,2025-10-30,RJUA0543412555773,Active,2298.3
REC100502,MCH1438,"Memon, Chaudhuri and Choudhry",5812,Restaurant,Sole Proprietor,Amritsar,Punjab,2024-05-17,,Active,2393.0
REC100503,MCH3328,Jha-Chahal,5311,Department Store,Individual,Kolkata,West Bengal,2023-04-13,VIVF5640000542857,Active,
REC100504,MCH7794,Kalita PLC,5912,Pharmacy,Partnership,Delhi,Delhi,2025-01-05,GLZI3360162189324,Active,622.63
REC100505,MCH4947,Mohan-Sahota,4131,Transportation,Individual,Mumbai,Maharashtra,2025-04-22,QAWO0072726316755,Active,1906.18
REC100506,MCH1990,Mitra PLC,7011,Hotel/Lodging,Partnership,Amritsar,Punjab,2024-04-12,5026245001,Active,1251.23
REC100507,MCH2748,"Banerjee, Wason and Dyal",5812,Restaurant,Private Limited,Pune,Maharashtra,2023-11-16,XXXX5034,Active,1037.44
REC100508,MCH7651,Sur Inc,5912,Pharmacy,Sole Proprietor,Jalandhar,Punjab,2025-07-24,VAPP7301302357942,Active,1138.07
REC100509,MCH3093,"Dube, Venkatesh and Jha",5999,Miscellaneous Retail,Private Limited,Kolkata,West Bengal,2024-10-22,PHHT2563139884519,Active,1107.0
REC100510,MCH1494,Joshi-Bala,5311,Department Store,Sole Proprietor,Mumbai,Maharashtra,2023-12-07,QLRF2864130155210,Active,997.33
REC100511,MCH2548,Anne LLC,5812,Restaurant,Partnership,Kolkata,West Bengal,2024-03-28,,Active,2367.01
REC100512,MCH7306,Devi-Narang,4131,Transportation,Individual,Delhi,Delhi,2024-10-20,XXXX6412,Active,539.76
REC100513,MCH3983,"Magar, Tara and Gera",5912,Pharmacy,Sole Proprietor,Amritsar,Punjab,2024-12-15,XXXX1963,Active,511.0
REC100514,MCH4587,Karnik and Sons,5311,Department Store,Partnership,Jaipur,Rajasthan,2025-02-07,,Active,2493.1
REC100515,MCH3555,Chaudhari-Dutta,5311,Department Store,Partnership,Kolkata,West Bengal,2023-03-31,FYRB6292482908836,Active,712.21
REC100516,MCH7127,"Thakur, Hayre and Kalla",5912,Pharmacy,Individual,Chennai,Tamil Nadu,2023-07-15,,Active,1116.33
REC100517,MCH8994,Shukla-Manne,4814,Telecom,Partnership,Kolkata,West Bengal,2025-11-22,AOKV6829664383303,Active,2951.22
REC100518,MCH3240,"Roy, Dash and Bobal",5411,Grocery Store,Partnership,Pune,Maharashtra,2023-11-13,CMDO7903517998811,Active,1077.02
REC100519,MCH1417,"Sekhon, Parsa and Bandi",4814,Telecom,Sole Proprietor,Mumbai,Maharashtra,2026-01-26,,Active,1501.66
REC100520,MCH4322,Patla PLC,4814,Telecom,Private Limited,Pune,Maharashtra,2025-10-17,XXXX9948,Active,274.0
REC100521,MCH1130,"Kothari, Singh and Sura",5311,Department Store,Sole Proprietor,Ludhiana,Punjab,2025-09-20,,Active,3514.91
REC100522,MCH5559,Muni-Raval,5411,Grocery Store,Private Limited,Jalandhar,Punjab,2026-01-21,,Active,723.26
REC100523,MCH5695,Divan Inc,5699,Apparel,Individual,Hyderabad,Telangana,2025-08-20,6474425874,Active,
REC100524,MCH4475,"Ray, Kulkarni and Suresh",5311,Department Store,Private Limited,Ludhiana,Punjab,2024-03-03,XXXX5127,Active,3417.23
REC100525,MCH8410,Kade LLC,5411,Grocery Store,Partnership,Lucknow,Uttar Pradesh,2024-11-08,5959501337,Active,893.08
REC100526,MCH5478,"Prashad, Tripathi and Bala",4814,Telecom,Private Limited,Jaipur,Rajasthan,2024-06-14,XXXX3083,Active,3789.33
REC100527,MCH1616,"Suresh, Borra and Ganesh",4814,Telecom,Individual,Chennai,Tamil Nadu,2023-11-10,,Active,2818.0
REC100528,MCH5237,Deep-Raja,5999,Miscellaneous Retail,Individual,Mumbai,Maharashtra,2025-02-13,XXXX0515,Active,986.24
REC100529,MCH1263,Krishnan-Venkataraman,4814,Telecom,Partnership,Kolkata,West Bengal,,,Active,565.9
REC100530,MCH4956,Kant-Setty,5411,Grocery Store,Sole Proprietor,Jaipur,Rajasthan,2025-01-22,DOXB7877644685999,Active,6450.59
REC100531,MCH3966,Nath-Dixit,5411,Grocery Store,Partnership,Pune,Maharashtra,2023-08-21,XXXX2614,Active,1005.47
REC100532,MCH6331,Wagle-Sinha,5912,Pharmacy,Sole Proprietor,Bengaluru,Karnataka,2024-05-10,IOKV1240109633121,Active,2605.3
REC100533,MCH7185,Agarwal PLC,7011,Hotel/Lodging,Individual,Pune,Maharashtra,2025-08-26,,Active,1255.08
REC100534,MCH9884,Sidhu Group,7011,Hotel/Lodging,Partnership,Chennai,Tamil Nadu,2023-10-27,PILQ9149941231060,Active,1570.58
REC100535,MCH7321,"Krishna, Saraf and Pant",5999,Miscellaneous Retail,Partnership,Kolkata,West Bengal,2024-02-28,,Active,954.48
REC100536,MCH6383,Shere-Mander,4131,Transportation,Private Limited,Delhi,Delhi,2024-05-20,,Blocked,1196.32
REC100537,MCH8673,Goswami and Sons,5812,Restaurant,Private Limited,Delhi,Delhi,2026-02-25,1774013903,Active,979.86
REC100538,MCH6919,Mander Ltd,5999,Miscellaneous Retail,Partnership,Jalandhar,Punjab,2024-05-02,6597659461,Active,2549.85
REC100539,MCH4092,"Badami, Prabhakar and Grover",5942,Books & Stationery,Individual,Chennai,Tamil Nadu,2024-10-30,KNKS3499549207785,Hold,5822.31
REC100540,MCH3389,Korpal-Hegde,5912,Pharmacy,Individual,Ludhiana,Punjab,2023-11-04,,Active,
REC100541,MCH7323,Koshy-Comar,5311,Department Store,Sole Proprietor,Chennai,Tamil Nadu,2026-02-15,,Active,973.0
REC100542,MCH8037,Hans LLC,7011,Hotel/Lodging,Sole Proprietor,Kolkata,West Bengal,2024-08-09,CEOR0731906884915,Active,2212.52
REC100543,MCH6837,Oommen-Thaker,5942,Books & Stationery,Individual,Jalandhar,Punjab,2025-10-11,6324216769,Inactive,1750.4
REC100544,MCH2236,Yohannan-Chada,5311,Department Store,Private Limited,Kolkata,West Bengal,2023-01-24,3926948531,Inactive,5340.64
REC100545,MCH8212,Taneja Ltd,5311,Department Store,Private Limited,Chennai,Tamil Nadu,2023-07-03,,Closed,2159.07
REC100546,MCH4912,Devi Group,5411,Grocery Store,Sole Proprietor,Kolkata,West Bengal,2025-07-07,DTHN1330740328006,Active,1738.86
REC100547,MCH6291,"Bal, Divan and Natt",7011,Hotel/Lodging,Private Limited,Amritsar,Punjab,2023-01-18,9816350407,Active,908.0
REC100548,MCH2580,Rajagopalan-Soman,5812,Restaurant,Private Limited,Jaipur,Rajasthan,2023-07-17,XXXX4205,Active,7864.69
REC100549,MCH8306,Magar-Gaba,4131,Transportation,Private Limited,Delhi,Delhi,2025-11-22,,Closed,840.15
REC100550,MCH9973,"Parsa, Loyal and Pai",4814,Telecom,Partnership,Lucknow,Uttar Pradesh,2024-04-19,VRDN2962805644016,Active,1836.29
REC100551,MCH6583,"Iyengar, Puri and Tiwari",5311,Department Store,Partnership,Jalandhar,Punjab,2025-07-20,OTYU4679169024065,Inactive,4193.64
REC100552,MCH1567,Samra PLC,5699,Apparel,Individual,Mumbai,Maharashtra,2023-07-23,XXXX0316,Closed,1417.9
REC100553,MCH8125,Dar PLC,5311,Department Store,Partnership,Ludhiana,Punjab,2025-09-16,VZMM0683609991755,Inactive,176.19
REC100554,MCH6600,Raju Inc,7011,Hotel/Lodging,Individual,Bengaluru,Karnataka,2025-04-18,IHUG8298515768880,Active,484.58
REC100555,MCH9319,Lad Inc,5699,Apparel,Sole Proprietor,Jalandhar,Punjab,2025-07-20,XXXX7774,Inactive,839.54
REC100556,MCH5626,"Borah, Bedi and Khalsa",7011,Hotel/Lodging,Sole Proprietor,Hyderabad,Telangana,2026-02-25,,Hold,1422.38
REC100557,MCH8570,Reddy Ltd,5942,Books & Stationery,Partnership,Hyderabad,Telangana,2023-03-28,4219980172,Active,528.1
REC100558,MCH9693,"Babu, Murty and Rao",5942,Books & Stationery,Sole Proprietor,Pune,Maharashtra,2023-07-25,SBLA0467817458024,Active,1260.07
REC100559,MCH8744,Prashad LLC,5942,Books & Stationery,Individual,Jalandhar,Punjab,2025-03-31,WWJH8069949347893,Active,3282.54
REC100560,MCH6033,"Sama, Basak and Majumdar",5999,Miscellaneous Retail,Private Limited,Hyderabad,Telangana,2025-03-05,0665928024,Active,365.0
REC100561,MCH6989,Raju LLC,5699,Apparel,Individual,Jaipur,Rajasthan,2023-11-03,4351608402,Disabled,1427.8
REC100562,MCH7470,Venkatesh Ltd,5699,Apparel,Sole Proprietor,Lucknow,Uttar Pradesh,2025-04-29,DLXM0557851330372,Active,787.0
REC100563,MCH7400,"Kunda, Ramachandran and Khurana",5942,Books & Stationery,Private Limited,Pune,Maharashtra,2024-02-11,,Inactive,9167.75
REC100564,MCH6449,Chakraborty-Hans,5812,Restaurant,Sole Proprietor,Hyderabad,Telangana,2024-03-01,XXXX5646,Active,1506.6
REC100565,MCH2081,Swaminathan and Sons,7011,Hotel/Lodging,Individual,Jalandhar,Punjab,2026-02-24,,Active,515.0
REC100566,MCH7256,Arora-Raman,4131,Transportation,Sole Proprietor,Lucknow,Uttar Pradesh,2026-02-14,,Active,449.65
REC100567,MCH5112,Agarwal Ltd,5311,Department Store,Private Limited,Chennai,Tamil Nadu,2026-02-18,,Active,782.67
REC100568,MCH3163,Dada-Kalita,5912,Pharmacy,Partnership,Hyderabad,Telangana,2026-01-16,,Active,963.91
REC100569,MCH2589,Dhawan-Thaker,5311,Department Store,Sole Proprietor,Hyderabad,Telangana,2025-12-01,XXXX8775,Inactive,
REC100570,MCH5959,Nigam Group,5942,Books & Stationery,Private Limited,Mumbai,Maharashtra,2025-06-14,TOMC3445782175803,Inactive,2495.0
REC100571,MCH6061,Nazareth PLC,4131,Transportation,Sole Proprietor,Pune,Maharashtra,2025-02-02,,Active,1189.87
REC100572,MCH4556,Parmar and Sons,7011,Hotel/Lodging,Private Limited,Jaipur,Rajasthan,2024-05-16,CXEA6616163600300,Active,
REC100573,MCH2899,Sampath-Mannan,5812,Restaurant,Individual,Bengaluru,Karnataka,2023-05-27,,Active,
REC100574,MCH1465,"Shah, Solanki and Rajagopalan",5699,Apparel,Individual,Lucknow,Uttar Pradesh,2024-10-04,XXXX9396,Suspended,725.72
REC100575,MCH6377,"Sharma, Bedi and Pandya",5812,Restaurant,Partnership,Hyderabad,Telangana,2023-10-03,,Suspended,531.47
REC100576,MCH7618,Mutti-Mohan,5942,Books & Stationery,Individual,Hyderabad,Telangana,2023-03-14,XXXX5035,Active,664.0
REC100577,MCH9824,Memon-Mistry,4814,Telecom,Partnership,Ludhiana,Punjab,2024-08-16,,Hold,837.47
REC100578,MCH1828,Goel PLC,5699,Apparel,Private Limited,Chennai,Tamil Nadu,2025-10-15,XXXX2989,Active,4227.93
REC100579,MCH7748,Chhabra Group,5812,Restaurant,Individual,Pune,Maharashtra,2025-12-26,0225226630,Active,1602.16
REC100580,MCH8058,Sem-Kapoor,5311,Department Store,Partnership,Kolkata,West Bengal,2024-05-06,XXXX0797,Active,8700.14
REC100581,MCH1199,Chad-Grewal,5812,Restaurant,Sole Proprietor,Hyderabad,Telangana,2024-11-22,8520358001,Active,187.18
REC100582,MCH5767,Pandya Inc,4814,Telecom,Individual,Jaipur,Rajasthan,2024-01-09,6172553008,Active,793.79
REC100583,MCH8058,"Tripathi, Bhagat and Kala",5999,Miscellaneous Retail,Private Limited,Hyderabad,Telangana,2024-07-28,,Active,259.88
REC100584,MCH3535,"Mammen, Patla and Kala",4131,Transportation,Sole Proprietor,Jaipur,Rajasthan,2025-08-08,,Active,1091.98
REC100585,MCH2910,"Mall, Sankaran and Mittal",4131,Transportation,Private Limited,Delhi,Delhi,2025-09-28,XXXX0107,Active,3631.28
REC100586,MCH6263,"Bahri, Bajaj and Mander",5942,Books & Stationery,Individual,Chennai,Tamil Nadu,2025-09-10,,Inactive,667.85
REC100587,MCH1270,Tiwari and Sons,5311,Department Store,Private Limited,Hyderabad,Telangana,2023-06-02,,Active,1107.02
REC100588,MCH5559,"Ganguly, Bakshi and Chopra",5699,Apparel,Individual,Jalandhar,Punjab,2023-11-14,,Inactive,
REC100589,MCH1913,"Sandal, Srinivas and Lata",5912,Pharmacy,Partnership,Lucknow,Uttar Pradesh,2023-06-09,3453698993,Active,468.17
REC100590,MCH3765,Mohanty LLC,5311,Department Store,Partnership,Hyderabad,Telangana,2023-06-20,0770998127,Active,1911.75
REC100591,MCH7639,Guha and Sons,5699,Apparel,Private Limited,Jalandhar,Punjab,2024-04-10,CBVL9950272702158,Active,2082.39
REC100592,MCH6737,Kohli Inc,5942,Books & Stationery,Partnership,Ludhiana,Punjab,2023-07-06,7394942754,Active,675.29
REC100593,MCH9749,"Vasa, Jha and Babu",7011,Hotel/Lodging,Sole Proprietor,Chennai,Tamil Nadu,2025-04-08,KYLU7872860441516,Active,276.87
REC100594,MCH3803,"Tara, Wali and Sachdev",5942,Books & Stationery,Individual,Lucknow,Uttar Pradesh,2025-10-14,,Active,2461.72
REC100595,MCH1645,Savant-Singhal,5942,Books & Stationery,Sole Proprietor,Chennai,Tamil Nadu,2024-04-19,GUUE6743967074534,Active,337.0
REC100596,MCH6441,Bhatia and Sons,7011,Hotel/Lodging,Partnership,Lucknow,Uttar Pradesh,2025-12-20,,Active,995.16
REC100597,MCH2650,Choudhary Ltd,5942,Books & Stationery,Individual,Delhi,Delhi,2024-09-22,,Inactive,1197.2
REC100598,MCH9883,"Korpal, Bera and Sachdeva",4814,Telecom,Partnership,Bengaluru,Karnataka,2025-07-08,,Active,1595.57
REC100599,MCH8663,Khalsa Group,5942,Books & Stationery,Partnership,Jalandhar,Punjab,2023-04-05,CZSI5545012134696,Disabled,338.0
REC100600,MCH1786,"Ganguly, Mammen and Babu",5411,Grocery Store,Sole Proprietor,Pune,Maharashtra,2025-05-22,YNDF5378176701295,Active,1212.0
REC100601,MCH6164,"Bir, Patil and Chahal",5912,Pharmacy,Sole Proprietor,Mumbai,Maharashtra,2023-03-01,4503250362,Active,1451.0
REC100602,MCH3997,Bhatia Inc,4814,Telecom,Partnership,Kolkata,West Bengal,2025-01-19,XXXX8184,Inactive,
REC100603,MCH6860,Buch PLC,5699,Apparel,Private Limited,Kolkata,West Bengal,2025-01-09,,Active,364.0
REC100604,MCH8900,Nadkarni-Khare,5812,Restaurant,Individual,Lucknow,Uttar Pradesh,2025-06-11,ORVR2313413068698,Closed,1349.0
REC100605,MCH2981,"Rastogi, Varma and Sarraf",5999,Miscellaneous Retail,Partnership,Lucknow,Uttar Pradesh,2023-10-07,XXXX3025,Active,1266.61
REC100606,MCH9554,Kale Ltd,4814,Telecom,Partnership,Kolkata,West Bengal,2025-12-07,,Hold,696.0
REC100607,MCH4383,"Sabharwal, Patla and Nagy",5812,Restaurant,Individual,Jaipur,Rajasthan,2024-12-13,,Active,4027.8
REC100608,MCH2800,Raja-Naik,5311,Department Store,Private Limited,Bengaluru,Karnataka,2024-04-18,9493307388,Closed,1096.85
REC100609,MCH5921,Saraf-Saraf,7011,Hotel/Lodging,Individual,Jaipur,Rajasthan,2025-05-31,XXXX9547,Inactive,352.95
REC100610,MCH3384,Gill-Bakshi,5999,Miscellaneous Retail,Partnership,Kolkata,West Bengal,2023-06-27,8993037640,Active,1223.35
REC100611,MCH6960,Das-Dhawan,5812,Restaurant,Partnership,Jaipur,Rajasthan,2023-01-22,,Active,1832.0
REC100612,MCH3325,Varty-Vig,5912,Pharmacy,Partnership,Kolkata,West Bengal,2023-10-29,XXXX1753,Active,4212.0
REC100613,MCH2575,Rastogi-Verma,5912,Pharmacy,Individual,Pune,Maharashtra,2025-04-09,XXXX2986,Active,549.08
REC100614,MCH3348,"Chauhan, Chowdhury and Dhillon",5942,Books & Stationery,Individual,Amritsar,Punjab,2023-12-16,MCSB8481417353125,Active,
REC100615,MCH8842,"Bala, Pillai and Kala",5999,Miscellaneous Retail,Partnership,Amritsar,Punjab,2023-04-23,XXXX1658,Suspended,
REC100616,MCH1473,Lata-Khurana,5912,Pharmacy,Partnership,Hyderabad,Telangana,,,Inactive,326.76
REC100617,MCH9995,Ben-Krish,5311,Department Store,Sole Proprietor,Pune,Maharashtra,2025-09-11,FLBG6350605755281,Active,2919.94
REC100618,MCH9398,"Soman, Murthy and Mangat",5411,Grocery Store,Partnership,Bengaluru,Karnataka,2026-02-21,,Active,5429.9
REC100619,MCH8505,Kamdar-Ghosh,5942,Books & Stationery,Private Limited,Jaipur,Rajasthan,2023-08-02,XXXX4333,Active,517.98
REC100620,MCH3780,Hegde Group,5311,Department Store,Private Limited,Lucknow,Uttar Pradesh,2026-02-27,XXXX3079,Suspended,315.62
REC100621,MCH5762,Hayre and Sons,5942,Books & Stationery,Sole Proprietor,Kolkata,West Bengal,2024-01-05,XXXX2767,Active,823.98
REC100622,MCH6200,"Sen, Walla and Bath",5999,Miscellaneous Retail,Private Limited,Delhi,Delhi,2024-01-29,,Active,
REC100623,MCH7108,Krishnan Group,5411,Grocery Store,Sole Proprietor,Delhi,Delhi,2023-05-14,,Active,567.27
REC100624,MCH6035,Radhakrishnan-Chad,5812,Restaurant,Partnership,Delhi,Delhi,2026-01-25,,Active,706.81
REC100625,MCH4693,Dhingra-Bava,7011,Hotel/Lodging,Private Limited,Mumbai,Maharashtra,2024-12-28,,Active,3445.16
REC100626,MCH9456,"Rajagopalan, Luthra and Singh",5999,Miscellaneous Retail,Individual,Delhi,Delhi,2025-09-22,XXXX4617,Active,
REC100627,MCH8928,Deo PLC,4131,Transportation,Partnership,Chennai,Tamil Nadu,2024-10-18,XXXX5889,Active,1547.93
REC100628,MCH2205,Mannan and Sons,5999,Miscellaneous Retail,Sole Proprietor,Ludhiana,Punjab,2023-07-23,XXXX7174,Disabled,490.97
REC100629,MCH4033,Kota PLC,5699,Apparel,Individual,Ludhiana,Punjab,2025-02-23,5691989399,Active,
REC100630,MCH3154,Bhardwaj Ltd,4131,Transportation,Individual,Mumbai,Maharashtra,2024-10-28,XXXX9089,Inactive,633.37
REC100631,MCH3548,"Bhakta, Dhaliwal and Comar",4814,Telecom,Individual,Jaipur,Rajasthan,,VZDR7391504338268,Active,1931.09
REC100632,MCH6354,"Gulati, Khosla and Peri",5812,Restaurant,Partnership,Lucknow,Uttar Pradesh,2025-08-14,,Active,122.8
REC100633,MCH3611,"Ratti, Sunder and Kapoor",4131,Transportation,Private Limited,Bengaluru,Karnataka,,XXXX2260,Active,787.19
REC100634,MCH3886,Gandhi Inc,5812,Restaurant,Sole Proprietor,Kolkata,West Bengal,2025-12-18,XXXX0009,Active,
REC100635,MCH8272,Bava and Sons,5311,Department Store,Sole Proprietor,Bengaluru,Karnataka,2024-08-08,1994793915,Active,
REC100636,MCH4382,"Bahl, Ratta and Mann",5912,Pharmacy,Individual,Mumbai,Maharashtra,2023-07-18,,Active,1094.0
REC100637,MCH2357,Shan Ltd,5999,Miscellaneous Retail,Individual,Jalandhar,Punjab,2025-06-16,XXXX8144,Active,945.26
REC100638,MCH1148,Deep-Manda,4131,Transportation,Individual,Amritsar,Punjab,2025-06-15,,Active,3461.0
REC100639,MCH4026,Nagy Ltd,5812,Restaurant,Private Limited,Kolkata,West Bengal,,,Active,1027.0
REC100640,MCH1522,Mody Inc,5912,Pharmacy,Sole Proprietor,Jaipur,Rajasthan,2024-08-04,,Active,631.57
REC100641,MCH6144,Ravi-Dhingra,5912,Pharmacy,Private Limited,Hyderabad,Telangana,2023-04-28,,Active,2686.0
REC100642,MCH6062,Kata PLC,5699,Apparel,Sole Proprietor,Mumbai,Maharashtra,2025-09-10,3065314778,Active,9045.0
REC100643,MCH6084,"Jaggi, Ganguly and Mall",5699,Apparel,Private Limited,Ludhiana,Punjab,2023-08-30,,Active,1089.53
REC100644,MCH8929,Suri-Toor,5999,Miscellaneous Retail,Individual,Hyderabad,Telangana,,,Active,447.0
REC100645,MCH9506,"Savant, Bains and Bali",5912,Pharmacy,Partnership,Pune,Maharashtra,2025-01-12,XXXX0299,Active,353.01
REC100646,MCH7605,Behl-D'Alia,5311,Department Store,Partnership,Chennai,Tamil Nadu,2023-03-05,,Active,6345.68
REC100647,MCH6594,Varkey-Bhatti,5411,Grocery Store,Partnership,Pune,Maharashtra,2025-01-24,7425361686,Active,1271.0
REC100648,MCH1154,"Oommen, Tata and Randhawa",7011,Hotel/Lodging,Partnership,Kolkata,West Bengal,2025-04-18,RBFJ6015227406897,Active,655.3
REC100649,MCH6013,Date Ltd,5699,Apparel,Individual,Mumbai,Maharashtra,2025-11-12,9831248184,Disabled,138.89
REC100650,MCH3122,Lala-Chaudhari,4814,Telecom,Sole Proprietor,Ludhiana,Punjab,2024-09-12,XXXX8953,Active,380.73
REC100651,MCH8297,Natarajan-Gill,4814,Telecom,Individual,Lucknow,Uttar Pradesh,2024-05-14,BYTE1111357515501,Active,558.71
REC100652,MCH3388,"Chaudhary, Patel and Bhatti",7011,Hotel/Lodging,Partnership,Delhi,Delhi,2026-02-10,,Inactive,2198.14
REC100653,MCH6155,Kari-Basu,5699,Apparel,Sole Proprietor,Hyderabad,Telangana,2023-06-20,,Active,
REC100654,MCH6033,"Sama, Basak and Majumdar",5999,Miscellaneous Retail,Private Limited,Hyderabad,Telangana,2025-03-05,0665928024,Active,365.0
REC100655,MCH2382,Parsa-Mandal,4814,Telecom,Individual,Jalandhar,Punjab,2026-01-30,,Suspended,16892.62
REC100656,MCH9975,Nadkarni-Sane,5999,Miscellaneous Retail,Sole Proprietor,Delhi,Delhi,2025-08-02,XXXX7415,Active,4465.19
REC100657,MCH5316,Madan Ltd,5311,Department Store,Individual,Kolkata,West Bengal,2023-05-11,,Active,706.61
REC100658,MCH5881,"Bandi, Krishnamurthy and Saran",5411,Grocery Store,Partnership,Amritsar,Punjab,2025-12-13,XXXX6576,Active,345.76
REC100659,MCH3594,Khalsa Inc,5999,Miscellaneous Retail,Partnership,Chennai,Tamil Nadu,,7162144056,Active,381.0
REC100660,MCH4583,Krish-Dar,5812,Restaurant,Sole Proprietor,Mumbai,Maharashtra,2025-11-23,5472564311,Active,4726.0
REC100661,MCH6165,Sibal-Bora,7011,Hotel/Lodging,Sole Proprietor,Jaipur,Rajasthan,2024-06-17,XXXX5672,Active,
REC100662,MCH3292,Murthy PLC,5942,Books & Stationery,Individual,Chennai,Tamil Nadu,2023-06-21,XXXX2688,Closed,2151.78
REC100663,MCH4417,Nair-Bhavsar,5942,Books & Stationery,Private Limited,Jalandhar,Punjab,2024-10-26,XXXX2826,Active,291.65
REC100664,MCH5375,"Zacharia, Krishnamurthy and Talwar",5699,Apparel,Individual,Pune,Maharashtra,2023-02-04,6686840480,Active,
REC100665,MCH8896,Yadav-Padmanabhan,4131,Transportation,Private Limited,Hyderabad,Telangana,2024-02-05,XXXX8367,Active,1243.9
REC100666,MCH7835,"Dugar, Dhawan and De",7011,Hotel/Lodging,Private Limited,Lucknow,Uttar Pradesh,2023-12-26,,Blocked,1744.59
REC100667,MCH8334,"Rai, Bandi and Jayaraman",4131,Transportation,Partnership,Kolkata,West Bengal,2024-08-17,MJDT6229880746794,Active,3117.64
REC100668,MCH3758,Dube Ltd,5999,Miscellaneous Retail,Sole Proprietor,Delhi,Delhi,2023-09-10,7052831071,Active,1607.42
REC100669,MCH9406,Randhawa and Sons,5812,Restaurant,Individual,Lucknow,Uttar Pradesh,2025-08-11,XXXX6795,Active,2159.94
REC100670,MCH8412,Sachdeva-Mutti,5311,Department Store,Private Limited,Bengaluru,Karnataka,2023-03-01,,Active,2327.41
REC100671,MCH7582,Gola Ltd,4131,Transportation,Individual,Kolkata,West Bengal,2024-07-31,,Active,1056.25
REC100672,MCH4815,"Karan, Bhattacharyya and Saran",5912,Pharmacy,Private Limited,Kolkata,West Bengal,2025-04-10,4505912973,Active,1152.86
REC100673,MCH4875,"Sangha, Sodhi and Banik",5999,Miscellaneous Retail,Sole Proprietor,Kolkata,West Bengal,2023-03-12,,Inactive,303.18
REC100674,MCH3184,"Sane, Dhawan and Prabhakar",4814,Telecom,Individual,Mumbai,Maharashtra,2023-12-09,,Active,1192.54
REC100675,MCH4930,Dasgupta-Dua,5812,Restaurant,Partnership,Jaipur,Rajasthan,2025-06-25,,Active,
REC100676,MCH7078,"Vasa, Gade and Viswanathan",5699,Apparel,Individual,Mumbai,Maharashtra,2025-08-17,XXXX5209,Active,660.73
REC100677,MCH9226,Bhatnagar-Magar,5812,Restaurant,Partnership,Chennai,Tamil Nadu,2024-11-27,CSVM1025081118272,Suspended,500.21
REC100678,MCH3593,"Kara, Brar and Apte",4814,Telecom,Private Limited,Mumbai,Maharashtra,2023-12-04,,Active,474.6
REC100679,MCH8980,Sibal and Sons,5999,Miscellaneous Retail,Sole Proprietor,Kolkata,West Bengal,,NSXF9069953614841,Active,
REC100680,MCH2605,Gera-Karpe,5699,Apparel,Individual,Mumbai,Maharashtra,2026-02-25,ZUZI7142150561628,Active,1371.0
REC100681,MCH8832,Gour Ltd,5942,Books & Stationery,Individual,Pune,Maharashtra,2024-10-19,9524602047,Active,
REC100682,MCH4577,"Acharya, Apte and Bajwa",5999,Miscellaneous Retail,Sole Proprietor,Chennai,Tamil Nadu,2025-09-14,XXXX2492,Active,461.44
REC100683,MCH1035,Minhas-Khatri,5812,Restaurant,Sole Proprietor,Mumbai,Maharashtra,2024-01-24,LDCT0604920639781,Active,5777.68
REC100684,MCH1458,Chatterjee-Saran,5311,Department Store,Sole Proprietor,Jalandhar,Punjab,2025-05-09,XXXX1187,Inactive,658.54
REC100685,MCH3075,Setty Ltd,5411,Grocery Store,Private Limited,Mumbai,Maharashtra,,,Active,1370.51
REC100686,MCH2108,Sankar-Desai,5912,Pharmacy,Sole Proprietor,Ludhiana,Punjab,2023-10-30,9695114754,Suspended,1535.43
REC100687,MCH6726,Boase-Chatterjee,7011,Hotel/Lodging,Individual,Chennai,Tamil Nadu,2024-04-10,,Suspended,1583.09
REC100688,MCH6966,"Wali, Mand and Prabhakar",5942,Books & Stationery,Partnership,Amritsar,Punjab,2023-10-16,,Active,2789.87
REC100689,MCH5370,Lala LLC,5311,Department Store,Individual,Delhi,Delhi,2025-05-07,,Active,1448.94
REC100690,MCH7199,Manda and Sons,5942,Books & Stationery,Sole Proprietor,Delhi,Delhi,2026-02-10,,Active,1077.86
REC100691,MCH2528,Cherian Ltd,5999,Miscellaneous Retail,Private Limited,Jalandhar,Punjab,2024-08-03,,Active,830.85
REC100692,MCH9160,Som Ltd,4814,Telecom,Partnership,Ludhiana,Punjab,2025-01-29,9756179537,Active,722.22
REC100693,MCH5776,Varma-Bahri,5699,Apparel,Individual,Mumbai,Maharashtra,2025-04-10,0509545143,Inactive,807.85
REC100694,MCH1854,"Sule, Prashad and Balay",7011,Hotel/Lodging,Partnership,Amritsar,Punjab,2023-09-21,XXXX8005,Active,5318.31
REC100695,MCH1936,"Batra, Ramanathan and Din",5912,Pharmacy,Sole Proprietor,Hyderabad,Telangana,2024-07-16,XXXX3173,Active,143.98
REC100696,MCH4261,Swaminathan Ltd,7011,Hotel/Lodging,Private Limited,Lucknow,Uttar Pradesh,2025-06-08,XXXX1395,Active,965.51
REC100697,MCH4486,"Bumb, Kibe and Saraf",4814,Telecom,Private Limited,Chennai,Tamil Nadu,2026-02-14,XXXX9655,Active,2112.84
REC100698,MCH3078,"Gandhi, Rout and Sankaran",7011,Hotel/Lodging,Sole Proprietor,Bengaluru,Karnataka,2023-07-10,,Active,752.09
REC100699,MCH1234,Comar-Kari,4131,Transportation,Sole Proprietor,Jalandhar,Punjab,,IUGP6821222732474,Active,1120.89
REC100700,MCH8470,Munshi-Reddy,4131,Transportation,Sole Proprietor,Pune,Maharashtra,2025-12-29,,Active,1203.0
REC100701,MCH9228,Ram Inc,5999,Miscellaneous Retail,Individual,Hyderabad,Telangana,2025-10-19,XXXX4276,Active,1661.79
REC100702,MCH4675,"Minhas, Narayan and Bandi",5942,Books & Stationery,Sole Proprietor,Jalandhar,Punjab,2023-06-15,,Active,
REC100703,MCH8603,Mane Ltd,5812,Restaurant,Sole Proprietor,Ludhiana,Punjab,2023-04-01,9861979521,Active,258.46
REC100704,MCH8245,"Dhillon, Saran and Kalita",7011,Hotel/Lodging,Partnership,Ludhiana,Punjab,2025-09-06,,Active,2778.0
REC100705,MCH9780,"Kibe, Setty and Kaul",5942,Books & Stationery,Private Limited,Mumbai,Maharashtra,2024-07-14,EUVJ9352599503304,Active,3251.18
REC100706,MCH1020,Garg-Kale,4131,Transportation,Sole Proprietor,Amritsar,Punjab,2023-05-09,,Active,1015.68
REC100707,MCH1990,Sawhney-Parekh,4814,Telecom,Private Limited,Jaipur,Rajasthan,2026-01-26,,Active,507.78
REC100708,MCH9814,Sekhon-Luthra,5411,Grocery Store,Individual,Hyderabad,Telangana,2023-06-12,,Active,2338.35
REC100709,MCH8177,Soman Inc,5812,Restaurant,Private Limited,Kolkata,West Bengal,2024-03-04,XXXX3095,Active,2423.6
REC100710,MCH8726,Rastogi-Saini,5999,Miscellaneous Retail,Partnership,Ludhiana,Punjab,,5579571324,Active,4900.29
REC100711,MCH1378,Patil-Deshmukh,5311,Department Store,Private Limited,Chennai,Tamil Nadu,2023-10-09,HYZE0588457086111,Active,387.99
REC100712,MCH5154,Bhargava-Dey,5912,Pharmacy,Partnership,Jalandhar,Punjab,2025-03-22,XPFJ2723277827453,Active,861.82
REC100713,MCH4482,Sawhney-Raman,7011,Hotel/Lodging,Private Limited,Ludhiana,Punjab,,8584867343,Active,246.88
REC100714,MCH4363,Bhagat Inc,5912,Pharmacy,Private Limited,Jalandhar,Punjab,2023-07-22,2625500394,Active,1657.41
REC100715,MCH1422,Merchant and Sons,5912,Pharmacy,Individual,Hyderabad,Telangana,2023-04-25,,Active,4074.0
REC100716,MCH9251,"Venkatesh, Randhawa and Lal",4131,Transportation,Sole Proprietor,Lucknow,Uttar Pradesh,2026-01-02,6838955230,Active,621.25
REC100717,MCH5829,Batta Ltd,5812,Restaurant,Sole Proprietor,Jalandhar,Punjab,2024-11-07,SFSR8195478520780,Suspended,690.13
REC100718,MCH6920,"Bhagat, Nadkarni and Dyal",5311,Department Store,Individual,Kolkata,West Bengal,2026-01-01,JTIZ3629800274600,Active,410.54
REC100719,MCH2078,Chada-Dubey,5311,Department Store,Individual,Bengaluru,Karnataka,2025-03-14,,Active,1915.85
REC100720,MCH7870,Vyas Inc,4814,Telecom,Individual,Amritsar,Punjab,2023-08-26,,Active,926.49
REC100721,MCH8410,"Bhargava, Srinivasan and Desai",4131,Transportation,Private Limited,Lucknow,Uttar Pradesh,2024-01-20,XCHH9247596987516,Active,1024.56
REC100722,MCH7546,Koshy LLC,5912,Pharmacy,Individual,Delhi,Delhi,2024-11-17,XXXX1749,Active,356.0
REC100723,MCH1904,Sandal Inc,4814,Telecom,Individual,Jalandhar,Punjab,2024-03-23,EZBT7024632751925,Active,1398.65
REC100724,MCH7495,"Biswas, Mane and Hari",5311,Department Store,Private Limited,Delhi,Delhi,,,Active,993.25
REC100725,MCH4126,"Wali, Mahal and Prabhu",4131,Transportation,Individual,Hyderabad,Telangana,2023-12-09,RAIS4512083077234,Active,1593.0
REC100726,MCH7222,Verma and Sons,4814,Telecom,Individual,Delhi,Delhi,2023-07-11,,Disabled,
REC100727,MCH2327,"Ganguly, Grover and Mutti",5999,Miscellaneous Retail,Sole Proprietor,Jaipur,Rajasthan,2025-01-24,XXXX8996,Suspended,12565.25
REC100728,MCH1977,Mukherjee-Menon,5311,Department Store,Partnership,Hyderabad,Telangana,2025-04-29,XXXX1090,Active,4221.17
REC100729,MCH5799,Nagar Inc,7011,Hotel/Lodging,Private Limited,Jalandhar,Punjab,2026-02-16,RWJB2008792112548,Active,209.08
REC100730,MCH4943,Sawhney-Dugar,7011,Hotel/Lodging,Sole Proprietor,Chennai,Tamil Nadu,2023-07-16,,Disabled,470.52
REC100731,MCH9471,Sarma Ltd,5699,Apparel,Partnership,Hyderabad,Telangana,2023-10-26,XXXX5808,Active,2136.82
REC100732,MCH7978,Korpal-Bassi,4814,Telecom,Private Limited,Jalandhar,Punjab,2025-10-26,,Active,4486.97
REC100733,MCH9009,"Singhal, Patil and Brar",5311,Department Store,Private Limited,Jalandhar,Punjab,2026-02-20,7365281036,Inactive,1016.03
REC100734,MCH1947,"Batra, Kar and Sodhi",5699,Apparel,Partnership,Bengaluru,Karnataka,2025-08-24,QPJE6965990436721,Active,3015.23
REC100735,MCH9429,"Sachar, Borra and Raj",4814,Telecom,Private Limited,Bengaluru,Karnataka,,,Active,1031.66
REC100736,MCH3742,"Mall, Sarma and Merchant",5999,Miscellaneous Retail,Partnership,Jalandhar,Punjab,2025-06-19,,Active,330.87
REC100737,MCH6061,Basu and Sons,7011,Hotel/Lodging,Private Limited,Amritsar,Punjab,2023-01-29,XXXX6131,Active,
REC100738,MCH4133,"Nayak, Prabhu and Som",4131,Transportation,Individual,Mumbai,Maharashtra,2023-12-20,,Active,570.23
REC100739,MCH4581,"Tailor, Ganesh and Menon",5812,Restaurant,Partnership,Mumbai,Maharashtra,2025-11-02,,Inactive,1137.0
REC100740,MCH9296,Bhakta-Sen,5699,Apparel,Private Limited,Delhi,Delhi,2024-12-29,CFXN3327085441809,Active,453.57
REC100741,MCH6818,"Bava, Badami and Sodhi",5311,Department Store,Partnership,Mumbai,Maharashtra,2023-03-16,JOTB5244966377910,Active,
REC100742,MCH3420,"Mani, Kota and Deol",4131,Transportation,Individual,Jaipur,Rajasthan,2024-01-18,,Inactive,453.43
REC100743,MCH2451,"Halder, Kannan and Dixit",7011,Hotel/Lodging,Private Limited,Kolkata,West Bengal,2025-11-20,NIXX7228219214941,Disabled,610.7
REC100744,MCH5892,Mangat-Dutta,5942,Books & Stationery,Sole Proprietor,Jaipur,Rajasthan,2023-10-08,3873887194,Active,2243.17
REC100745,MCH4419,Sankaran Inc,5912,Pharmacy,Partnership,Chennai,Tamil Nadu,2023-08-04,,Active,291.65
REC100746,MCH8753,"Bhandari, Trivedi and Bora",4131,Transportation,Partnership,Hyderabad,Telangana,2024-12-27,,Inactive,718.79
REC100747,MCH3048,Kala Group,7011,Hotel/Lodging,Private Limited,Jaipur,Rajasthan,2023-11-11,,Active,613.58
REC100748,MCH2533,Khatri-Devi,5411,Grocery Store,Sole Proprietor,Jaipur,Rajasthan,2024-11-23,3534229147,Active,3147.37
REC100749,MCH4080,Shenoy-Kashyap,4814,Telecom,Private Limited,Jaipur,Rajasthan,2025-10-04,YPYY3780350945436,Active,2043.03
REC100750,MCH6770,Chaudhari-Dewan,5942,Books & Stationery,Sole Proprietor,Jaipur,Rajasthan,,,Active,1139.41
REC100751,MCH5547,Chander-Menon,5912,Pharmacy,Partnership,Pune,Maharashtra,2024-03-02,,Suspended,1421.71
REC100752,MCH5553,Sarna and Sons,5812,Restaurant,Private Limited,Mumbai,Maharashtra,2023-06-07,XXXX7273,Inactive,
REC100753,MCH3837,Bhat Group,5311,Department Store,Individual,Delhi,Delhi,2026-01-17,XXXX7816,Active,
REC100754,MCH4008,"Deep, Rajagopal and Tandon",4814,Telecom,Private Limited,Hyderabad,Telangana,2024-06-02,,Active,1196.0
REC100755,MCH6764,Rama-Vora,4131,Transportation,Partnership,Hyderabad,Telangana,2025-08-22,XXXX1624,Active,892.82
REC100756,MCH7681,Kala PLC,4814,Telecom,Private Limited,Hyderabad,Telangana,2023-04-12,,Active,2015.68
REC100757,MCH2213,"Dash, Soni and Palla",7011,Hotel/Lodging,Individual,Kolkata,West Bengal,2023-04-30,,Active,4392.08
REC100758,MCH6637,Sagar Group,5311,Department Store,Sole Proprietor,Jaipur,Rajasthan,2023-08-16,,Active,
REC100759,MCH9388,"Mahajan, Dixit and Memon",7011,Hotel/Lodging,Partnership,Kolkata,West Bengal,2024-11-21,,Active,1507.31
REC100760,MCH5077,"Chauhan, Thakur and Chacko",5411,Grocery Store,Individual,Jaipur,Rajasthan,2023-11-12,9740262322,Closed,250.88
REC100761,MCH8364,Kata PLC,5912,Pharmacy,Individual,Mumbai,Maharashtra,2023-11-21,,Active,753.31
REC100762,MCH5438,"Krishna, Vohra and Ghose",5912,Pharmacy,Sole Proprietor,Chennai,Tamil Nadu,2023-12-11,XXXX0401,Active,1326.9
REC100763,MCH4427,Deshpande LLC,5812,Restaurant,Private Limited,Mumbai,Maharashtra,2023-02-05,0253333340,Active,1587.13
REC100764,MCH4462,"Koshy, Badal and Nayar",5699,Apparel,Individual,Hyderabad,Telangana,2025-01-17,XXXX9292,Active,937.0
REC100765,MCH3845,Hora-Bath,4131,Transportation,Individual,Bengaluru,Karnataka,2024-08-16,8760940800,Active,2098.39
REC100766,MCH8109,"Nadkarni, Sawhney and Singh",5912,Pharmacy,Partnership,Delhi,Delhi,2024-04-28,0836014923,Active,5729.0
REC100767,MCH3487,Mutti Inc,5699,Apparel,Sole Proprietor,Kolkata,West Bengal,2023-07-24,,Active,
REC100768,MCH1384,Naidu-Bhatti,5812,Restaurant,Individual,Ludhiana,Punjab,2024-03-04,,Active,3910.34
REC100769,MCH8066,Sane-Shukla,5411,Grocery Store,Partnership,Amritsar,Punjab,2023-08-03,0222417187,Active,
REC100770,MCH1226,Nadkarni Ltd,5912,Pharmacy,Sole Proprietor,Ludhiana,Punjab,,,Active,602.21
REC100771,MCH6386,Mahajan Inc,5311,Department Store,Individual,Amritsar,Punjab,2025-02-03,,Active,
REC100772,MCH8380,Gola-Bal,4814,Telecom,Individual,Hyderabad,Telangana,2025-10-14,XXXX2229,Active,
REC100773,MCH6408,Gade and Sons,5942,Books & Stationery,Sole Proprietor,Chennai,Tamil Nadu,2024-06-11,,Active,4374.58
REC100774,MCH1055,Dhingra-Kapoor,5311,Department Store,Partnership,Bengaluru,Karnataka,2024-12-30,6794786904,Active,
REC100775,MCH3788,"Divan, Kadakia and Kuruvilla",5311,Department Store,Private Limited,Chennai,Tamil Nadu,2025-06-27,,Active,10161.82
REC100776,MCH8512,Luthra-Bhasin,4131,Transportation,Sole Proprietor,Lucknow,Uttar Pradesh,2025-07-22,,Active,2579.73
REC100777,MCH6635,Sehgal Inc,5812,Restaurant,Private Limited,Bengaluru,Karnataka,,,Active,1810.23
REC100778,MCH4355,Sur-Pandit,5699,Apparel,Partnership,Lucknow,Uttar Pradesh,2023-04-18,0234156737,Active,
REC100779,MCH3266,"Lalla, Baral and Pau",5311,Department Store,Private Limited,Chennai,Tamil Nadu,2025-09-17,ZAAY3109374136824,Active,1627.34
REC100780,MCH9745,"Datta, Kibe and Barad",5912,Pharmacy,Sole Proprietor,Ludhiana,Punjab,2023-03-05,UQJV3362810389691,Inactive,1003.0
REC100781,MCH7780,Jain PLC,5912,Pharmacy,Sole Proprietor,Lucknow,Uttar Pradesh,2025-07-19,,Inactive,
REC100782,MCH9051,"Gara, Keer and Padmanabhan",4814,Telecom,Sole Proprietor,Bengaluru,Karnataka,2023-07-16,XXXX6304,Active,1715.14
REC100783,MCH4681,"Raja, Ramanathan and Koshy",5942,Books & Stationery,Sole Proprietor,Mumbai,Maharashtra,2023-09-13,,Active,554.63
REC100784,MCH3296,Sampath-Chopra,5999,Miscellaneous Retail,Individual,Bengaluru,Karnataka,2025-11-18,XXXX2813,Active,1074.2
REC100785,MCH4194,Srinivasan-Lala,4131,Transportation,Individual,Ludhiana,Punjab,2025-08-15,,Active,2059.54
REC100786,MCH4708,Loke-Ganesan,5999,Miscellaneous Retail,Sole Proprietor,Jalandhar,Punjab,2024-02-22,,Active,1266.56
REC100787,MCH7027,"Vyas, Ghose and Narasimhan",5311,Department Store,Sole Proprietor,Hyderabad,Telangana,2023-04-05,GJGE7959201596190,Active,860.0
REC100788,MCH7033,Mani and Sons,5699,Apparel,Partnership,Mumbai,Maharashtra,2023-07-06,,Active,2767.54
REC100789,MCH7731,Dalal PLC,7011,Hotel/Lodging,Individual,Chennai,Tamil Nadu,2024-05-25,,Active,2899.19
REC100790,MCH5944,Arya Inc,5699,Apparel,Partnership,Jaipur,Rajasthan,2025-03-31,,Active,394.63
REC100791,MCH4459,Agate-Majumdar,4131,Transportation,Sole Proprietor,Chennai,Tamil Nadu,2025-07-29,XXXX8386,Active,210.85
REC100792,MCH6672,"Mittal, Bajwa and Guha",5812,Restaurant,Individual,Delhi,Delhi,2023-08-09,XXXX4811,Active,3663.66
REC100793,MCH1321,Borah-Dhaliwal,7011,Hotel/Lodging,Sole Proprietor,Amritsar,Punjab,2025-12-06,XXXX0908,Active,7973.89
REC100794,MCH3030,"Sengupta, Bhagat and Kota",5942,Books & Stationery,Private Limited,Chennai,Tamil Nadu,2025-09-07,,Active,194.19
REC100795,MCH2654,Saxena-Sarkar,4814,Telecom,Sole Proprietor,Pune,Maharashtra,2026-01-10,,Active,3080.46
REC100796,MCH5880,"Varty, Ratta and Venkataraman",5699,Apparel,Sole Proprietor,Amritsar,Punjab,2023-06-11,0620802937,Active,1913.84
REC100797,MCH2249,"Rout, Thaker and Pal",5311,Department Store,Partnership,Mumbai,Maharashtra,2023-06-15,XXXX2277,Active,1367.02
REC100798,MCH3987,"Dubey, Aggarwal and Mangat",5942,Books & Stationery,Individual,Hyderabad,Telangana,2024-04-20,OTRE9764440633575,Active,474.5
REC100799,MCH7318,Keer-Rao,4814,Telecom,Partnership,Pune,Maharashtra,2023-11-27,RIME5549722708025,Active,502.45
REC100800,MCH8729,"Chowdhury, Krishnamurthy and Parekh",5942,Books & Stationery,Private Limited,Kolkata,West Bengal,2024-02-07,7331970917,Active,870.42
REC100801,MCH3737,Raval-Kurian,5812,Restaurant,Individual,Mumbai,Maharashtra,2026-01-23,,Active,
REC100802,MCH7885,Atwal-Jha,4131,Transportation,Private Limited,Jalandhar,Punjab,2023-08-15,XXXX1162,Hold,
REC100803,MCH1227,"Nazareth, Zacharia and Swaminathan",5812,Restaurant,Private Limited,Ludhiana,Punjab,2023-03-21,MUJQ0020831226650,Active,870.36
REC100804,MCH5984,Acharya-Badal,5999,Miscellaneous Retail,Sole Proprietor,Kolkata,West Bengal,2023-01-03,,Active,515.0
REC100805,MCH6639,Sandal Group,5812,Restaurant,Sole Proprietor,Amritsar,Punjab,2024-05-29,7230745501,Active,3334.16
REC100806,MCH3917,Chowdhury-Pandit,5699,Apparel,Private Limited,Hyderabad,Telangana,2023-04-02,XXXX2174,Active,
REC100807,MCH9306,Zachariah-Anne,5942,Books & Stationery,Partnership,Mumbai,Maharashtra,2026-02-10,JLTB4031924458479,Active,1250.09
REC100808,MCH3414,Sahota Ltd,4814,Telecom,Private Limited,Amritsar,Punjab,2025-12-29,4026065439,Active,1607.54
REC100809,MCH3837,"Balakrishnan, Mane and Ranganathan",5812,Restaurant,Partnership,Delhi,Delhi,2025-03-22,XXXX2369,Active,866.44
REC100810,MCH2120,"Yohannan, Patla and Parmer",7011,Hotel/Lodging,Partnership,Delhi,Delhi,2024-01-01,XXXX7380,Active,
REC100811,MCH9104,Goel PLC,5311,Department Store,Private Limited,Bengaluru,Karnataka,2025-06-30,,Active,2640.29
REC100812,MCH3313,Comar-Sidhu,5311,Department Store,Sole Proprietor,Lucknow,Uttar Pradesh,2023-07-30,GKCY1460435380907,Closed,408.55
REC100813,MCH8335,Bhatti-Keer,5311,Department Store,Sole Proprietor,Hyderabad,Telangana,2024-03-06,,Disabled,1335.83
REC100814,MCH2332,Toor Inc,7011,Hotel/Lodging,Individual,Ludhiana,Punjab,2023-04-20,PKCI7470482397105,Active,
REC100815,MCH1592,Agate Inc,5311,Department Store,Private Limited,Hyderabad,Telangana,2025-01-30,GLPT6683638156046,Suspended,1072.45
REC100816,MCH7503,Dixit-Lala,7011,Hotel/Lodging,Individual,Mumbai,Maharashtra,2024-10-06,6328103560,Active,
REC100817,MCH3805,Issac-Munshi,5999,Miscellaneous Retail,Private Limited,Bengaluru,Karnataka,2023-02-19,2364539164,Active,7651.0
REC100818,MCH8562,Radhakrishnan-Apte,5812,Restaurant,Private Limited,Chennai,Tamil Nadu,2023-12-04,,Active,1647.0
REC100819,MCH4099,"Dewan, Rastogi and Jayaraman",5311,Department Store,Individual,Ludhiana,Punjab,2025-08-06,,Active,1926.0
REC100820,MCH5696,Mittal Group,5411,Grocery Store,Private Limited,Chennai,Tamil Nadu,2024-05-18,,Active,2595.13
REC100821,MCH5573,Vora-Natarajan,4814,Telecom,Individual,Delhi,Delhi,,,Disabled,2579.11
REC100822,MCH2886,"Kurian, Dash and Walla",7011,Hotel/Lodging,Private Limited,Bengaluru,Karnataka,2023-05-25,XXXX6301,Suspended,8233.35
REC100823,MCH1793,Jaggi PLC,7011,Hotel/Lodging,Sole Proprietor,Delhi,Delhi,2024-08-21,,Active,2705.89
REC100824,MCH2135,"Singh, Talwar and Sur",5411,Grocery Store,Private Limited,Jalandhar,Punjab,2025-01-15,,Suspended,704.34
REC100825,MCH8705,"Sankar, Srinivas and Kanda",4814,Telecom,Private Limited,Delhi,Delhi,2024-02-05,7251156491,Active,
REC100826,MCH7943,Chaudhary-Rana,5912,Pharmacy,Individual,Kolkata,West Bengal,2024-12-27,IEWV4741965388466,Active,3927.63
REC100827,MCH5917,"Tara, Bhasin and Singh",5912,Pharmacy,Sole Proprietor,Pune,Maharashtra,2023-08-26,6037353463,Suspended,443.4
REC100828,MCH4578,Khare-Warrior,5912,Pharmacy,Private Limited,Amritsar,Punjab,2023-11-01,4489355946,Active,504.9
REC100829,MCH1474,"Sami, Sur and Tank",4131,Transportation,Private Limited,Pune,Maharashtra,,XXXX6224,Active,1645.61
REC100830,MCH4893,Jani-Verma,4131,Transportation,Partnership,Jalandhar,Punjab,2023-08-11,,Active,1601.52
REC100831,MCH3292,Ravi-Keer,5311,Department Store,Private Limited,Jalandhar,Punjab,2023-11-21,,Active,9611.45
REC100832,MCH9591,Bali Group,5999,Miscellaneous Retail,Sole Proprietor,Ludhiana,Punjab,2026-01-14,,Active,3007.14
REC100833,MCH4972,Seshadri-Dalal,5311,Department Store,Partnership,Pune,Maharashtra,2025-10-03,8465114405,Active,
REC100834,MCH1789,Loke-Chanda,5942,Books & Stationery,Partnership,Jaipur,Rajasthan,2023-02-25,,Active,15713.68
REC100835,MCH2115,Modi-Kari,5912,Pharmacy,Sole Proprietor,Delhi,Delhi,2023-10-04,XXXX4594,Active,1597.33
REC100836,MCH5258,Kibe-Ramanathan,5942,Books & Stationery,Partnership,Delhi,Delhi,2024-08-15,IIKD1145736850427,Active,3143.33
REC100837,MCH4805,Joshi PLC,5999,Miscellaneous Retail,Sole Proprietor,Hyderabad,Telangana,2023-08-26,,Active,4206.25
REC100838,MCH2861,Hayer Inc,5311,Department Store,Private Limited,Pune,Maharashtra,2024-11-09,XXXX6916,Active,676.0
REC100839,MCH8999,"Borde, Reddy and Mital",4131,Transportation,Sole Proprietor,Jalandhar,Punjab,2024-06-30,JAYY6619396625712,Active,
REC100840,MCH3279,"Zachariah, Gill and Palla",5812,Restaurant,Individual,Pune,Maharashtra,2025-12-25,,Active,
REC100841,MCH1293,"Kohli, Rajan and Nair",5699,Apparel,Sole Proprietor,Jaipur,Rajasthan,2023-09-04,XXXX7079,Active,915.17
REC100842,MCH1454,"Bali, Kurian and Garde",5812,Restaurant,Partnership,Lucknow,Uttar Pradesh,2023-07-29,,Active,1592.02
REC100843,MCH8912,Nagar PLC,5942,Books & Stationery,Private Limited,Mumbai,Maharashtra,2024-02-17,,Active,196.56
REC100844,MCH9848,Borde Inc,5311,Department Store,Private Limited,Hyderabad,Telangana,2024-02-03,0308046800,Active,1173.29
REC100845,MCH1296,Gaba-Rama,5912,Pharmacy,Individual,Delhi,Delhi,2023-01-16,6728414996,Active,2547.8
REC100846,MCH9920,Oommen-Mitra,5411,Grocery Store,Private Limited,Jaipur,Rajasthan,2024-01-17,7684049085,Active,767.57
REC100847,MCH3438,Sodhi-Khosla,5311,Department Store,Private Limited,Amritsar,Punjab,,XXXX2260,Active,
REC100848,MCH8379,"Borah, Kaur and Gera",5912,Pharmacy,Individual,Jaipur,Rajasthan,,,Active,351.15
REC100849,MCH8126,"Saxena, Mitra and Chada",5912,Pharmacy,Individual,Lucknow,Uttar Pradesh,2025-03-12,XXXX5937,Suspended,844.44
REC100850,MCH8990,Konda-Comar,4131,Transportation,Private Limited,Bengaluru,Karnataka,2023-05-12,,Active,273.69
REC100851,MCH1592,Cherian-Bhavsar,7011,Hotel/Lodging,Sole Proprietor,Mumbai,Maharashtra,2024-06-12,7646312300,Active,2941.81
REC100852,MCH9952,Vig-Doctor,4131,Transportation,Private Limited,Lucknow,Uttar Pradesh,2024-10-27,XXXX8487,Active,856.86
REC100853,MCH6818,Kaur Ltd,5311,Department Store,Individual,Ludhiana,Punjab,2024-02-23,,Active,333.34
REC100854,MCH4936,Batra-Patla,4814,Telecom,Individual,Mumbai,Maharashtra,2023-02-05,9027629602,Active,2064.79
REC100855,MCH6904,Master-Bhat,5311,Department Store,Partnership,Mumbai,Maharashtra,2023-05-08,,Active,252.96
REC100856,MCH2691,Pathak and Sons,7011,Hotel/Lodging,Private Limited,Lucknow,Uttar Pradesh,2024-09-06,,Active,5340.32
REC100857,MCH5457,Deol PLC,5942,Books & Stationery,Sole Proprietor,Jaipur,Rajasthan,2024-12-30,XXXX0292,Active,1085.1
REC100858,MCH2187,Balan and Sons,5999,Miscellaneous Retail,Sole Proprietor,Bengaluru,Karnataka,2024-10-22,,Active,1340.0
REC100859,MCH7157,Bir Inc,4814,Telecom,Private Limited,Lucknow,Uttar Pradesh,2023-04-16,,Active,906.12
REC100860,MCH2265,"Bail, Gopal and Khare",5912,Pharmacy,Partnership,Lucknow,Uttar Pradesh,2024-08-04,VZCP3787385327453,Disabled,
REC100861,MCH6939,Sampath Ltd,5999,Miscellaneous Retail,Sole Proprietor,Lucknow,Uttar Pradesh,2025-07-01,XXXX8052,Active,2962.51
REC100862,MCH9287,Sathe Group,4814,Telecom,Private Limited,Jaipur,Rajasthan,2023-04-16,,Disabled,
REC100863,MCH3539,"Korpal, Nair and Chana",5699,Apparel,Sole Proprietor,Mumbai,Maharashtra,2024-05-29,QRQK3185986773369,Closed,2681.05
REC100864,MCH9543,"Gour, Raju and Dara",4131,Transportation,Individual,Amritsar,Punjab,2024-02-10,,Active,
REC100865,MCH5704,Ravel-Talwar,4131,Transportation,Sole Proprietor,Chennai,Tamil Nadu,2025-09-25,7574908365,Inactive,
REC100866,MCH4844,Trivedi-Deol,7011,Hotel/Lodging,Individual,Bengaluru,Karnataka,2024-06-23,,Active,798.53
REC100867,MCH7895,Pau PLC,5999,Miscellaneous Retail,Individual,Amritsar,Punjab,2023-06-08,,Active,583.0
REC100868,MCH8159,Yogi Group,5699,Apparel,Individual,Kolkata,West Bengal,,,Suspended,8386.41
REC100869,MCH4109,"Lal, Handa and Mammen",5942,Books & Stationery,Individual,Kolkata,West Bengal,2024-07-01,,Active,1181.07
REC100870,MCH2201,"Date, Muni and Dasgupta",5999,Miscellaneous Retail,Individual,Kolkata,West Bengal,2023-07-12,EYWQ3550445400883,Active,238.32
REC100871,MCH3682,"Dash, Kashyap and Goda",5311,Department Store,Private Limited,Amritsar,Punjab,2025-12-01,UMOT0203540180050,Inactive,1702.0
REC100872,MCH7866,Mangal and Sons,4814,Telecom,Sole Proprietor,Amritsar,Punjab,2024-10-21,XXXX2681,Active,8914.37
REC100873,MCH7933,Barad Inc,5812,Restaurant,Individual,Amritsar,Punjab,2025-07-26,,Inactive,1177.0
REC100874,MCH5176,"Samra, Sampath and Chaudhuri",4131,Transportation,Individual,Jalandhar,Punjab,2025-03-18,,Active,905.0
REC100875,MCH7105,"Banerjee, Kurian and Bhatt",5699,Apparel,Sole Proprietor,Amritsar,Punjab,2025-03-24,EDVM3800952600806,Active,265.52
REC100876,MCH5389,Sem LLC,4131,Transportation,Partnership,Jaipur,Rajasthan,2024-06-16,XXXX3272,Active,342.38
REC100877,MCH9956,Khatri Inc,7011,Hotel/Lodging,Sole Proprietor,Pune,Maharashtra,2023-05-19,5037831406,Suspended,
REC100878,MCH1439,Chawla Ltd,4131,Transportation,Individual,Chennai,Tamil Nadu,2023-05-10,OYZO1535504454366,Active,6190.53
REC100879,MCH6405,Jaggi Ltd,5411,Grocery Store,Partnership,Delhi,Delhi,2024-01-26,XXXX6470,Active,4074.0
REC100880,MCH4308,Natt Group,5912,Pharmacy,Partnership,Delhi,Delhi,2023-01-16,3010499558,Active,2114.37
REC100881,MCH1876,"Deol, Sandal and Nagi",5999,Miscellaneous Retail,Partnership,Bengaluru,Karnataka,2024-04-29,KRVT6824787386581,Active,603.93
REC100882,MCH1862,Puri Inc,4131,Transportation,Individual,Mumbai,Maharashtra,2024-11-15,6516098644,Active,1444.68
REC100883,MCH6979,Tiwari and Sons,5999,Miscellaneous Retail,Sole Proprietor,Mumbai,Maharashtra,,XXXX1209,Active,2312.0
REC100884,MCH8661,Kapoor and Sons,4131,Transportation,Partnership,Mumbai,Maharashtra,,,Active,1762.47
REC100885,MCH9145,Chad-Karpe,5699,Apparel,Partnership,Jaipur,Rajasthan,2024-11-08,XQWX8871352480351,Active,359.12
REC100886,MCH6948,"Kala, Loke and Singhal",4814,Telecom,Individual,Bengaluru,Karnataka,2025-07-16,,Active,
REC100887,MCH9063,"Bhatt, Sabharwal and Devi",5699,Apparel,Sole Proprietor,Kolkata,West Bengal,2023-09-10,XXXX6663,Inactive,
REC100888,MCH3354,"Barad, Ahluwalia and Mahal",5942,Books & Stationery,Partnership,Lucknow,Uttar Pradesh,2026-02-06,XXXX7924,Active,906.14
REC100889,MCH3440,"Sahni, Thakur and Kale",5411,Grocery Store,Partnership,Hyderabad,Telangana,2024-10-14,SWXL8005196412661,Active,797.0
REC100890,MCH6197,Virk-Verma,4131,Transportation,Partnership,Hyderabad,Telangana,,,Active,661.04
REC100891,MCH5553,Salvi-Contractor,5411,Grocery Store,Individual,Kolkata,West Bengal,2024-03-21,,Active,3894.89
REC100892,MCH9941,Bava and Sons,5999,Miscellaneous Retail,Private Limited,Hyderabad,Telangana,2024-12-02,8632655432,Active,
REC100893,MCH1309,"Jhaveri, Dasgupta and Kata",5699,Apparel,Individual,Mumbai,Maharashtra,2023-09-20,XXXX1715,Active,929.23
REC100894,MCH6206,"Chander, Bawa and Setty",7011,Hotel/Lodging,Sole Proprietor,Lucknow,Uttar Pradesh,2025-12-08,,Active,1545.95
REC100895,MCH5425,"Bora, Kibe and Yadav",4814,Telecom,Individual,Delhi,Delhi,,3599725292,Suspended,810.1
REC100896,MCH7379,"Doctor, Dyal and Vaidya",5912,Pharmacy,Partnership,Jalandhar,Punjab,2023-03-07,XXXX4037,Active,198.46
REC100897,MCH9447,Singh and Sons,7011,Hotel/Lodging,Private Limited,Chennai,Tamil Nadu,2023-01-10,XXXX0990,Active,1158.32
REC100898,MCH5787,Bassi Inc,7011,Hotel/Lodging,Sole Proprietor,Mumbai,Maharashtra,2025-06-24,XXXX0298,Active,555.97
REC100899,MCH6903,Sanghvi-Suresh,5912,Pharmacy,Sole Proprietor,Pune,Maharashtra,2024-12-01,XXXX6921,Active,3930.65
REC100900,MCH9521,"Soni, Bal and Thaman",5699,Apparel,Partnership,Ludhiana,Punjab,2023-05-04,,Closed,155.0
REC100901,MCH8255,Sastry Group,5912,Pharmacy,Partnership,Ludhiana,Punjab,2023-08-13,,Active,1386.59
REC100902,MCH7967,Datta LLC,4814,Telecom,Individual,Amritsar,Punjab,2025-09-04,,Active,
REC100903,MCH7146,"Brar, Chadha and Choudhary",5311,Department Store,Partnership,Hyderabad,Telangana,2024-05-09,,Active,573.35
REC100904,MCH8409,"Dua, Naidu and Agate",4131,Transportation,Individual,Mumbai,Maharashtra,2024-09-05,,Active,1474.83
REC100905,MCH2495,"Sibal, Shankar and Malhotra",5699,Apparel,Individual,Bengaluru,Karnataka,2025-07-20,,Active,529.0
REC100906,MCH8283,Nadkarni LLC,4131,Transportation,Private Limited,Kolkata,West Bengal,2023-10-26,XXXX9874,Active,731.97
REC100907,MCH6155,"Mukhopadhyay, Doshi and Gopal",5411,Grocery Store,Sole Proprietor,Jalandhar,Punjab,2025-10-03,XXXX5418,Active,
REC100908,MCH3051,Hora-Mahajan,5699,Apparel,Private Limited,Jaipur,Rajasthan,2023-03-04,,Active,3699.21
REC100909,MCH2463,Yogi-Dhar,4131,Transportation,Private Limited,Mumbai,Maharashtra,2023-10-20,2758552991,Active,4463.41
REC100910,MCH8619,Salvi-Nazareth,5411,Grocery Store,Sole Proprietor,Delhi,Delhi,2024-07-25,,Active,860.21
REC100911,MCH2494,Sane Ltd,5699,Apparel,Partnership,Amritsar,Punjab,,8156434201,Active,582.0
REC100912,MCH4963,Atwal Ltd,5912,Pharmacy,Sole Proprietor,Hyderabad,Telangana,2024-09-17,,Active,
REC100913,MCH2693,Tandon-Kaur,5311,Department Store,Individual,Chennai,Tamil Nadu,2025-04-06,3068123352,Active,1966.59
REC100914,MCH8885,"Dhawan, Devan and Chokshi",5699,Apparel,Individual,Delhi,Delhi,2025-09-12,,Active,
REC100915,MCH8974,"Shukla, Gaba and Sani",5912,Pharmacy,Sole Proprietor,Delhi,Delhi,2026-02-15,EPWM9547022186249,Active,438.78
REC100916,MCH9992,Rajagopalan PLC,7011,Hotel/Lodging,Sole Proprietor,Bengaluru,Karnataka,2024-02-07,5652803993,Active,577.93
REC100917,MCH8450,Narayanan LLC,5912,Pharmacy,Sole Proprietor,Ludhiana,Punjab,,XXXX4013,Active,
REC100918,MCH5642,Ganguly-Kalla,5912,Pharmacy,Private Limited,Jalandhar,Punjab,2025-11-19,9623880565,Active,
REC100919,MCH6207,"Ganesan, Bajwa and Reddy",5912,Pharmacy,Partnership,Jaipur,Rajasthan,2023-03-21,1318873894,Active,391.96
REC100920,MCH8855,"Rau, Dua and Nadkarni",5411,Grocery Store,Private Limited,Ludhiana,Punjab,2025-06-06,5829674472,Active,2893.79
REC100921,MCH3700,Nath-Chakrabarti,5812,Restaurant,Partnership,Chennai,Tamil Nadu,2025-03-25,,Active,1733.0
REC100922,MCH7324,Grover-Murty,5942,Books & Stationery,Partnership,Jalandhar,Punjab,2025-02-12,,Suspended,1077.62
REC100923,MCH4552,"Palla, Mutti and Jayaraman",4131,Transportation,Sole Proprietor,Jaipur,Rajasthan,2025-07-21,ZNQK3499547364876,Active,912.53
REC100924,MCH7589,"Mangat, Din and Chatterjee",7011,Hotel/Lodging,Partnership,Mumbai,Maharashtra,2024-01-17,XXXX6278,Active,1692.13
REC100925,MCH6918,Sant Ltd,4131,Transportation,Private Limited,Chennai,Tamil Nadu,2023-01-15,,Active,472.0
REC100926,MCH6228,"Kar, Agarwal and Karpe",5812,Restaurant,Private Limited,Bengaluru,Karnataka,2024-08-05,,Active,1145.75
REC100927,MCH9688,Choudhry LLC,5942,Books & Stationery,Sole Proprietor,Bengaluru,Karnataka,2023-10-18,,Active,825.43
REC100928,MCH1811,Varkey Inc,5311,Department Store,Sole Proprietor,Bengaluru,Karnataka,2026-02-25,,Active,592.0
REC100929,MCH3501,Chandran-Tripathi,5999,Miscellaneous Retail,Private Limited,Mumbai,Maharashtra,,1873775978,Active,1658.21
REC100930,MCH2218,"Upadhyay, Sharma and Kothari",7011,Hotel/Lodging,Partnership,Lucknow,Uttar Pradesh,2024-04-23,VZAG9844318169851,Active,
REC100931,MCH3587,Sagar-Raval,7011,Hotel/Lodging,Partnership,Jalandhar,Punjab,2024-07-31,,Active,1064.25
REC100932,MCH5269,"Lala, Raval and Sahni",5942,Books & Stationery,Partnership,Jalandhar,Punjab,2024-10-21,1738664466,Active,873.0
REC100933,MCH8750,"Bawa, Chatterjee and Sathe",7011,Hotel/Lodging,Individual,Ludhiana,Punjab,2025-11-30,2442042302,Active,3120.06
REC100934,MCH6425,Pall-Kanda,5942,Books & Stationery,Sole Proprietor,Delhi,Delhi,,,Active,
REC100935,MCH8325,"Kaul, Bumb and Bal",5411,Grocery Store,Sole Proprietor,Amritsar,Punjab,2025-03-19,,Closed,183.98
REC100936,MCH5780,"Kumar, Bedi and Borah",5942,Books & Stationery,Individual,Bengaluru,Karnataka,2025-01-12,,Inactive,845.88
REC100937,MCH2384,Dugar-Sathe,4814,Telecom,Partnership,Ludhiana,Punjab,2023-10-01,9586840707,Active,7203.05
REC100938,MCH7332,"Mutti, Reddy and Guha",5311,Department Store,Private Limited,Kolkata,West Bengal,2025-05-04,XXXX9186,Active,1708.81
REC100939,MCH6332,Shukla-Hayre,5311,Department Store,Sole Proprietor,Lucknow,Uttar Pradesh,2026-01-12,,Active,788.91
REC100940,MCH1002,"Apte, Saha and Edwin",5812,Restaurant,Private Limited,Bengaluru,Karnataka,2026-01-07,XXXX8596,Active,1671.2
REC100941,MCH7430,"Seshadri, Kakar and Sarin",5699,Apparel,Sole Proprietor,Amritsar,Punjab,2024-08-07,BQCW3653569640830,Active,2698.18
REC100942,MCH8451,Setty Inc,4814,Telecom,Private Limited,Ludhiana,Punjab,2023-06-05,,Active,196.48
REC100943,MCH9383,"Sekhon, Padmanabhan and Rege",5942,Books & Stationery,Individual,Chennai,Tamil Nadu,2026-01-24,4786143604,Suspended,2841.0
REC100944,MCH3875,Natt Ltd,5812,Restaurant,Private Limited,Jalandhar,Punjab,2025-04-07,,Active,4372.03
REC100945,MCH9956,"Sanghvi, Ghose and Din",5311,Department Store,Private Limited,Delhi,Delhi,2025-11-29,,Active,2309.81
REC100946,MCH3654,Ganesan Ltd,5812,Restaurant,Sole Proprietor,Jalandhar,Punjab,2024-02-11,XXXX6762,Active,286.1
REC100947,MCH1073,"Dasgupta, Ray and Dara",5912,Pharmacy,Partnership,Lucknow,Uttar Pradesh,2024-09-22,XXXX7293,Suspended,1002.63
REC100948,MCH4469,Mane and Sons,4131,Transportation,Partnership,Hyderabad,Telangana,2025-05-18,ZELA9978143221753,Active,1447.11
REC100949,MCH7630,"Rama, Kalita and Jha",4131,Transportation,Individual,Mumbai,Maharashtra,2025-10-01,2315692507,Active,2393.0
REC100950,MCH8761,Pal LLC,5999,Miscellaneous Retail,Private Limited,Ludhiana,Punjab,,,Active,759.79
REC100951,MCH8672,"Ganguly, Sarin and Merchant",5311,Department Store,Individual,Jalandhar,Punjab,2025-06-09,3398230728,Inactive,1816.05
REC100952,MCH6302,Gour-Rattan,4131,Transportation,Individual,Hyderabad,Telangana,2024-09-29,HNZM4152862016158,Active,966.01
REC100953,MCH1081,Mistry Group,5812,Restaurant,Private Limited,Mumbai,Maharashtra,2025-05-27,XXXX5682,Active,2299.04
REC100954,MCH8941,Iyer LLC,5999,Miscellaneous Retail,Sole Proprietor,Ludhiana,Punjab,2023-01-24,EATG9868970979253,Active,2580.56
REC100955,MCH7837,Wali Group,5999,Miscellaneous Retail,Individual,Kolkata,West Bengal,2023-06-03,,Inactive,803.03
REC100956,MCH7843,Rastogi-Das,5812,Restaurant,Partnership,Amritsar,Punjab,2025-04-03,XXXX7401,Active,
REC100957,MCH1234,"Shah, Pathak and Bera",7011,Hotel/Lodging,Partnership,Jaipur,Rajasthan,2025-10-06,,Active,354.58
REC100958,MCH3311,"Agarwal, Bhandari and Varma",5699,Apparel,Individual,Lucknow,Uttar Pradesh,2023-10-16,6820052693,Active,1187.8
REC100959,MCH5354,Datta-Vala,5812,Restaurant,Partnership,Ludhiana,Punjab,2023-02-16,XXXX9615,Active,2213.0
REC100960,MCH7063,"Garg, Bawa and Hans",4814,Telecom,Private Limited,Lucknow,Uttar Pradesh,2025-12-28,,Active,2717.9
REC100961,MCH6325,"Sathe, Seth and Varghese",5311,Department Store,Partnership,Delhi,Delhi,2025-04-03,,Inactive,422.65
REC100962,MCH6299,Pathak-Mukherjee,5999,Miscellaneous Retail,Individual,Delhi,Delhi,2025-02-02,,Suspended,256.83
REC100963,MCH8863,Sastry PLC,4814,Telecom,Individual,Pune,Maharashtra,2024-03-08,,Active,
REC100964,MCH5080,"Shere, Jha and Sarma",5912,Pharmacy,Sole Proprietor,Kolkata,West Bengal,2025-02-22,,Active,2711.51
REC100965,MCH6102,Andra-Sachar,5699,Apparel,Sole Proprietor,Jaipur,Rajasthan,2023-12-12,,Active,926.97
REC100966,MCH5630,Srinivas-Doshi,7011,Hotel/Lodging,Sole Proprietor,Amritsar,Punjab,2023-04-28,BCPS7283289501457,Closed,2338.55
REC100967,MCH2765,Buch LLC,4814,Telecom,Individual,Jaipur,Rajasthan,2024-12-27,,Active,132.32
REC100968,MCH3533,Tiwari-Gulati,7011,Hotel/Lodging,Private Limited,Mumbai,Maharashtra,2025-10-07,SWEX6777199199579,Active,709.41
REC100969,MCH1191,Raval Ltd,4814,Telecom,Individual,Kolkata,West Bengal,2023-01-19,,Inactive,1670.52
REC100970,MCH1007,"Sunder, Wason and Pau",5812,Restaurant,Partnership,Jaipur,Rajasthan,2023-11-19,,Active,164.45
REC100971,MCH7841,Manda Group,5942,Books & Stationery,Sole Proprietor,Pune,Maharashtra,2024-10-01,8517196401,Active,14164.49
REC100972,MCH6672,Nagarajan Inc,5812,Restaurant,Partnership,Lucknow,Uttar Pradesh,2024-10-11,,Active,9245.49
REC100973,MCH6999,Solanki PLC,7011,Hotel/Lodging,Partnership,Chennai,Tamil Nadu,2024-02-26,,Active,926.71
REC100974,MCH7525,Char-Narayanan,5942,Books & Stationery,Individual,Lucknow,Uttar Pradesh,2025-03-31,,Active,424.34
REC100975,MCH9963,Mahajan and Sons,5942,Books & Stationery,Partnership,Jaipur,Rajasthan,2025-01-19,7503956758,Active,7342.46
REC100976,MCH2250,"Sachdev, Malhotra and Saraf",4131,Transportation,Individual,Ludhiana,Punjab,2023-12-17,XXXX4502,Closed,4090.25
REC100977,MCH2886,"Kurian, Dash and Walla",7011,Hotel/Lodging,Private Limited,Bengaluru,Karnataka,2023-05-25,XXXX6301,Inactive,8233.35
REC100978,MCH7922,Dara LLC,5812,Restaurant,Partnership,Mumbai,Maharashtra,2024-05-13,4216494567,Active,1260.96
REC100979,MCH8346,Sane-Ben,5999,Miscellaneous Retail,Private Limited,Kolkata,West Bengal,2024-04-03,IXCA8152224460445,Active,2955.96
REC100980,MCH8460,Luthra PLC,5311,Department Store,Private Limited,Jaipur,Rajasthan,2023-03-10,XXXX0930,Active,2927.81
REC100981,MCH2926,Sule-Thaker,5942,Books & Stationery,Partnership,Bengaluru,Karnataka,2024-12-16,XXXX3557,Active,1590.53
REC100982,MCH9839,Natarajan-Keer,5812,Restaurant,Individual,Delhi,Delhi,2025-03-03,XXXX6434,Active,2189.15
REC100983,MCH3292,Sehgal-Kapur,5912,Pharmacy,Private Limited,Jalandhar,Punjab,2025-03-06,,Active,751.44
REC100984,MCH1711,"Sastry, Kota and Merchant",5411,Grocery Store,Sole Proprietor,Ludhiana,Punjab,2023-12-17,NEUM7554192097058,Active,1991.22
REC100985,MCH7479,"Wadhwa, Bhatia and Gade",5311,Department Store,Partnership,Chennai,Tamil Nadu,2024-09-14,8868630340,Active,998.0
REC100986,MCH7802,"Kapur, Sarna and Chandra",5942,Books & Stationery,Individual,Ludhiana,Punjab,2023-06-30,,Inactive,9218.28
REC100987,MCH5483,Khare Inc,5311,Department Store,Sole Proprietor,Jalandhar,Punjab,2025-04-28,5460112584,Active,827.39
REC100988,MCH7476,Sundaram Ltd,5411,Grocery Store,Sole Proprietor,Ludhiana,Punjab,2025-07-09,MKAI7735339239141,Active,1389.53
REC100989,MCH3875,Kade and Sons,4814,Telecom,Private Limited,Pune,Maharashtra,2024-01-12,,Active,3073.34
REC100990,MCH3690,Aurora Inc,4131,Transportation,Partnership,Bengaluru,Karnataka,2025-04-26,XXXX3060,Active,915.55
REC100991,MCH8530,Chopra-Khanna,5311,Department Store,Partnership,Hyderabad,Telangana,,,Active,442.28
REC100992,MCH4577,"Atwal, Sura and Bhatti",5812,Restaurant,Partnership,Hyderabad,Telangana,2026-01-03,PWDW0230553443063,Active,316.9
REC100993,MCH1134,"Sani, Uppal and Pillai",5912,Pharmacy,Partnership,Kolkata,West Bengal,2025-04-11,,Active,6246.52
REC100994,MCH1704,"Shukla, Hari and Chopra",4131,Transportation,Sole Proprietor,Lucknow,Uttar Pradesh,2023-08-04,,Closed,2965.45
REC100995,MCH3551,"Chaudry, Toor and Lala",4814,Telecom,Sole Proprietor,Bengaluru,Karnataka,2023-12-15,,Active,941.64
REC100996,MCH6118,"Radhakrishnan, Lala and Devi",5311,Department Store,Sole Proprietor,Delhi,Delhi,2024-01-06,6215610983,Active,11547.0
REC100997,MCH9180,Ramaswamy PLC,5699,Apparel,Individual,Pune,Maharashtra,2025-08-08,,Suspended,
REC100998,MCH3984,"Wadhwa, Sunder and Bobal",7011,Hotel/Lodging,Private Limited,Chennai,Tamil Nadu,2023-08-10,QUQR5120846966545,Active,1305.55
REC100999,MCH1124,Andra Inc,7011,Hotel/Lodging,Partnership,Lucknow,Uttar Pradesh,2023-08-07,,Active,5664.0
REC101000,MCH3723,Wagle-Dugar,5411,Grocery Store,Individual,Bengaluru,Karnataka,2023-05-31,0970612973,Active,1906.51
REC101001,MCH8903,Keer-Sagar,5411,Grocery Store,Partnership,Lucknow,Uttar Pradesh,2024-09-16,,Active,841.61
REC101002,MCH3581,"Chadha, Sankaran and Pau",5699,Apparel,Partnership,Kolkata,West Bengal,2024-05-07,,Active,
REC101003,MCH8215,"Brar, Ramesh and Kaul",5411,Grocery Store,Partnership,Chennai,Tamil Nadu,2023-05-23,DOZI8655958280664,Closed,1544.34
REC101004,MCH6481,Kalita Inc,4131,Transportation,Private Limited,Mumbai,Maharashtra,2024-11-29,BFCN8370004846639,Active,1389.63
REC101005,MCH1263,Memon-Choudhary,5912,Pharmacy,Private Limited,Hyderabad,Telangana,2025-11-27,,Active,1888.17
REC101006,MCH7078,"Vasa, Gade and Viswanathan",5699,Apparel,Individual,Mumbai,Maharashtra,2025-08-17,XXXX5209,Active,660.73
REC101007,MCH9718,"Trivedi, Yohannan and Garde",5411,Grocery Store,Sole Proprietor,Pune,Maharashtra,2025-06-14,6798429963,Active,1881.34
REC101008,MCH2946,Divan Inc,4814,Telecom,Private Limited,Jaipur,Rajasthan,2024-09-22,XXXX7575,Active,1246.97
REC101009,MCH6782,Basu PLC,5812,Restaurant,Private Limited,Delhi,Delhi,2025-08-30,,Active,
REC101010,MCH4168,"Jani, Khalsa and Minhas",5912,Pharmacy,Individual,Jaipur,Rajasthan,2023-05-28,,Inactive,
REC101011,MCH4808,Padmanabhan-Pathak,5699,Apparel,Sole Proprietor,Lucknow,Uttar Pradesh,2024-05-07,HSVX5052815662312,Closed,
REC101012,MCH2851,Kalla-Jain,7011,Hotel/Lodging,Individual,Mumbai,Maharashtra,2025-11-29,XXXX3740,Active,3022.0
REC101013,MCH9029,Hayre and Sons,5311,Department Store,Individual,Amritsar,Punjab,2025-11-19,,Active,
REC101014,MCH2529,Sheth-Pal,5942,Books & Stationery,Individual,Lucknow,Uttar Pradesh,2023-08-23,2709901385,Active,1398.37
REC101015,MCH5523,Behl Inc,5699,Apparel,Individual,Lucknow,Uttar Pradesh,2025-06-15,GIRV9312114208892,Active,2946.06
REC101016,MCH2264,"Sule, Sarma and Sur",5311,Department Store,Individual,Delhi,Delhi,2025-10-21,HGHS4575612385959,Suspended,4017.0
REC101017,MCH3592,"Sem, Chandran and Dara",5999,Miscellaneous Retail,Sole Proprietor,Delhi,Delhi,2023-11-15,8281028913,Inactive,
REC101018,MCH6121,"More, Sandhu and Dugar",5699,Apparel,Private Limited,Jalandhar,Punjab,2023-07-26,8169816022,Active,
REC101019,MCH2917,Gole-Rau,5812,Restaurant,Sole Proprietor,Chennai,Tamil Nadu,2025-10-10,XXXX0356,Disabled,
REC101020,MCH9566,Batra-Kaul,5311,Department Store,Private Limited,Delhi,Delhi,2025-11-28,LYAO0984012362521,Active,1260.75
REC101021,MCH8902,Sabharwal Ltd,5411,Grocery Store,Sole Proprietor,Amritsar,Punjab,2024-12-27,8958186574,Active,
REC101022,MCH7635,Karpe Inc,4814,Telecom,Partnership,Mumbai,Maharashtra,2023-05-11,4808643996,Suspended,6027.41
REC101023,MCH2665,"Goswami, Savant and Kar",5311,Department Store,Sole Proprietor,Hyderabad,Telangana,2024-03-23,XXXX6615,Active,1516.75
REC101024,MCH9349,Mahajan-Ghosh,5812,Restaurant,Individual,Chennai,Tamil Nadu,2023-02-21,,Closed,3266.0
REC101025,MCH4964,Sarkar-Goda,5311,Department Store,Private Limited,Pune,Maharashtra,2025-07-14,,Suspended,1517.0
REC101026,MCH1769,"Sekhon, Goswami and Rajan",4814,Telecom,Sole Proprietor,Lucknow,Uttar Pradesh,2025-06-28,DYOJ7653218721893,Active,1009.67
REC101027,MCH9867,Loyal and Sons,5699,Apparel,Partnership,Pune,Maharashtra,2023-05-16,,Active,1984.39
REC101028,MCH9910,"Karan, Ram and Sengupta",5311,Department Store,Individual,Delhi,Delhi,2025-10-14,IIRT4821012999661,Active,191.17
REC101029,MCH3796,Mani-Saha,5812,Restaurant,Individual,Chennai,Tamil Nadu,2023-08-06,GQAE5409560780073,Active,860.72
REC101030,MCH2346,Palla-Mannan,5699,Apparel,Partnership,Chennai,Tamil Nadu,2025-04-29,XXXX3607,Active,468.76
REC101031,MCH1016,"Reddy, Amble and Parmar",4814,Telecom,Partnership,Chennai,Tamil Nadu,2023-03-10,,Active,517.37
REC101032,MCH9725,Shan LLC,5699,Apparel,Individual,Lucknow,Uttar Pradesh,2024-12-20,4923079593,Active,2250.85
REC101033,MCH8203,Lad-Suresh,5999,Miscellaneous Retail,Partnership,Ludhiana,Punjab,2024-10-16,YJQR4818378164787,Active,937.0
REC101034,MCH2478,"Bala, Sane and Som",5699,Apparel,Sole Proprietor,Hyderabad,Telangana,2023-02-15,QRPZ8741280654685,Active,911.53
REC101035,MCH3722,Upadhyay-Issac,5999,Miscellaneous Retail,Private Limited,Amritsar,Punjab,2024-01-13,8162918072,Suspended,2279.6
REC101036,MCH2085,Chacko-Zachariah,4131,Transportation,Sole Proprietor,Lucknow,Uttar Pradesh,,,Active,472.37
REC101037,MCH9921,"Datta, Chatterjee and Khalsa",4131,Transportation,Private Limited,Bengaluru,Karnataka,2024-02-22,XXXX9256,Active,2964.42
REC101038,MCH1494,Dave LLC,5999,Miscellaneous Retail,Private Limited,Hyderabad,Telangana,2023-08-23,,Active,14736.17
REC101039,MCH8794,"Mandal, Dalal and Sane",4131,Transportation,Partnership,Pune,Maharashtra,2025-02-27,,Closed,10132.54
REC101040,MCH1005,Sagar and Sons,5912,Pharmacy,Partnership,Ludhiana,Punjab,2024-02-06,IPTY9767700049775,Active,967.53
REC101041,MCH8820,"Sarkar, Arya and Ch and",4131,Transportation,Private Limited,Ludhiana,Punjab,2024-12-07,XXXX8518,Active,3994.88
REC101042,MCH1442,Wadhwa-Walla,7011,Hotel/Lodging,Private Limited,Pune,Maharashtra,2025-12-13,,Active,1483.74
REC101043,MCH8660,"Ben, Guha and Sabharwal",5812,Restaurant,Sole Proprietor,Lucknow,Uttar Pradesh,2025-07-22,XXXX9591,Active,
REC101044,MCH8091,"Kata, Mangat and Tiwari",5812,Restaurant,Partnership,Amritsar,Punjab,2023-09-18,XDJG1975759254930,Inactive,723.01
REC101045,MCH9107,Apte-Pathak,5699,Apparel,Private Limited,Jalandhar,Punjab,2023-05-25,,Active,4111.02
REC101046,MCH4062,Rana Group,5999,Miscellaneous Retail,Individual,Mumbai,Maharashtra,2023-09-20,XXXX3317,Disabled,1544.23
REC101047,MCH7880,Ben-Khare,4131,Transportation,Individual,Chennai,Tamil Nadu,2024-01-20,,Active,3857.41
REC101048,MCH2791,"Rastogi, Mannan and Sabharwal",5912,Pharmacy,Sole Proprietor,Delhi,Delhi,2025-08-21,,Active,
REC101049,MCH2988,"Mangal, Gokhale and Malhotra",5812,Restaurant,Sole Proprietor,Mumbai,Maharashtra,2023-10-10,,Active,3595.96
REC101050,MCH8724,"Gole, Roy and Khurana",5411,Grocery Store,Sole Proprietor,Bengaluru,Karnataka,2024-03-31,XXXX8526,Active,926.44
REC101051,MCH7288,Sandhu Inc,5812,Restaurant,Partnership,Bengaluru,Karnataka,2025-02-16,,Active,1887.15
REC101052,MCH1277,Deol-Nayak,4131,Transportation,Individual,Bengaluru,Karnataka,,,Active,1188.0
REC101053,MCH7969,"Karan, Bal and Khurana",4131,Transportation,Individual,Lucknow,Uttar Pradesh,2025-04-16,,Active,836.32
REC101054,MCH4765,Baral Inc,4131,Transportation,Private Limited,Ludhiana,Punjab,,,Closed,2514.87
REC101055,MCH2475,Bains-Sahota,5411,Grocery Store,Individual,Bengaluru,Karnataka,2023-08-16,XXXX6630,Active,
REC101056,MCH6429,Doshi Group,5699,Apparel,Sole Proprietor,Amritsar,Punjab,2025-10-15,YIYE8202990184325,Active,369.26
REC101057,MCH9439,Dhingra Inc,5411,Grocery Store,Individual,Mumbai,Maharashtra,2023-06-06,,Disabled,619.52
REC101058,MCH7751,"Vig, Iyer and Andra",5311,Department Store,Partnership,Pune,Maharashtra,2024-06-28,6513543497,Suspended,590.58
REC101059,MCH8509,"Majumdar, Deshpande and Solanki",5311,Department Store,Partnership,Bengaluru,Karnataka,2024-09-17,XXXX5135,Inactive,
REC101060,MCH4605,Barad PLC,5942,Books & Stationery,Sole Proprietor,Pune,Maharashtra,2025-06-02,XXXX1001,Active,5165.18
REC101061,MCH2212,Parmar Group,4131,Transportation,Private Limited,Jalandhar,Punjab,2025-02-01,,Active,4432.56
REC101062,MCH6016,Goda Inc,5942,Books & Stationery,Sole Proprietor,Kolkata,West Bengal,2025-07-21,FWRQ5490581831729,Active,1254.1
REC101063,MCH1530,"Suresh, Kadakia and Iyer",5912,Pharmacy,Private Limited,Jalandhar,Punjab,2024-08-23,,Active,158.58
REC101064,MCH4511,"Walla, Kala and Devi",4131,Transportation,Sole Proprietor,Hyderabad,Telangana,2025-03-12,8103217288,Active,1448.32
REC101065,MCH2313,Gulati LLC,5999,Miscellaneous Retail,Private Limited,Kolkata,West Bengal,2024-06-09,PWIA0473863869043,Closed,
REC101066,MCH7394,Brahmbhatt PLC,5812,Restaurant,Private Limited,Delhi,Delhi,2024-07-29,IKKI3369443713209,Active,3620.77
REC101067,MCH8724,Sethi-Reddy,5411,Grocery Store,Private Limited,Hyderabad,Telangana,2025-04-09,3785181664,Closed,425.41
REC101068,MCH7653,Mishra LLC,5699,Apparel,Individual,Jalandhar,Punjab,2025-04-30,CZKM6825233537936,Active,7064.16
REC101069,MCH6017,"Loyal, Sidhu and Balay",4814,Telecom,Sole Proprietor,Amritsar,Punjab,2025-08-01,,Inactive,985.33
REC101070,MCH8950,Handa Inc,4131,Transportation,Partnership,Mumbai,Maharashtra,2024-07-31,XXXX9807,Active,3860.38
REC101071,MCH5137,Bath-Keer,4814,Telecom,Private Limited,Bengaluru,Karnataka,2024-06-11,XXXX5840,Suspended,634.0
REC101072,MCH2019,Walla-Ranganathan,5999,Miscellaneous Retail,Partnership,Bengaluru,Karnataka,2024-05-22,,Active,1915.39
REC101073,MCH4104,Sawhney-Suri,4814,Telecom,Individual,Hyderabad,Telangana,2023-12-15,8776394591,Inactive,295.0
REC101074,MCH1221,"Sastry, Kapoor and Varughese",5812,Restaurant,Partnership,Jalandhar,Punjab,2025-04-26,,Disabled,3430.0
REC101075,MCH6200,"Sen, Walla and Bath",5999,Miscellaneous Retail,Private Limited,Delhi,Delhi,2024-01-29,,Inactive,
REC101076,MCH6161,Sura-Wadhwa,4814,Telecom,Individual,Bengaluru,Karnataka,2025-04-22,QWHT6526941757258,Active,490.18
REC101077,MCH8509,Merchant-Kalita,5411,Grocery Store,Private Limited,Hyderabad,Telangana,2025-02-11,5703041030,Active,329.11
REC101078,MCH4530,"Mangal, Sehgal and Vohra",5942,Books & Stationery,Sole Proprietor,Delhi,Delhi,,,Active,4172.0
REC101079,MCH4906,Gaba LLC,5812,Restaurant,Private Limited,Jaipur,Rajasthan,2024-01-31,,Active,1902.8
REC101080,MCH2022,Nagi-Gala,5999,Miscellaneous Retail,Individual,Chennai,Tamil Nadu,2024-04-08,,Active,3182.35
REC101081,MCH5768,Brar Inc,5812,Restaurant,Sole Proprietor,Hyderabad,Telangana,2023-04-04,PTPO3474925086916,Active,1354.3
REC101082,MCH9100,Dey-Bandi,5999,Miscellaneous Retail,Sole Proprietor,Mumbai,Maharashtra,2023-01-23,XLOL4843036264872,Active,707.08
REC101083,MCH7563,Anne and Sons,7011,Hotel/Lodging,Private Limited,Amritsar,Punjab,2023-05-16,XXXX7430,Active,300.06
REC101084,MCH4503,Sunder PLC,7011,Hotel/Lodging,Partnership,Mumbai,Maharashtra,2024-01-03,MTQA2966873504692,Active,540.93
REC101085,MCH4077,Verma-Dugar,5812,Restaurant,Private Limited,Kolkata,West Bengal,2023-07-31,7415298015,Active,1359.17
REC101086,MCH7316,Tak Ltd,5942,Books & Stationery,Sole Proprietor,Jaipur,Rajasthan,2024-05-26,AICM4314076152252,Active,688.43
REC101087,MCH1936,"Batra, Ramanathan and Din",5912,Pharmacy,Sole Proprietor,Hyderabad,Telangana,2024-07-16,XXXX3173,Active,143.98
REC101088,MCH7030,Shan Ltd,5311,Department Store,Individual,Ludhiana,Punjab,,,Suspended,466.83
REC101089,MCH2698,Purohit-Issac,5999,Miscellaneous Retail,Individual,Ludhiana,Punjab,2023-04-15,1149607185,Closed,798.99
REC101090,MCH1813,Balan-Deo,5311,Department Store,Partnership,Pune,Maharashtra,2024-08-28,UAJB1335544875863,Active,
REC101091,MCH9560,Kaul PLC,5942,Books & Stationery,Individual,Bengaluru,Karnataka,2024-10-24,XWSA3966243533864,Inactive,735.59
REC101092,MCH9859,Mukherjee-Agate,5999,Miscellaneous Retail,Sole Proprietor,Jalandhar,Punjab,,,Active,158.0
REC101093,MCH3712,Narain-Vaidya,7011,Hotel/Lodging,Individual,Hyderabad,Telangana,2025-07-05,PUJI3728932216325,Active,333.0
REC101094,MCH1894,Chandra-Kapur,5311,Department Store,Partnership,Jalandhar,Punjab,2023-02-22,,Active,3951.56
REC101095,MCH9242,"Kadakia, Yadav and Seshadri",7011,Hotel/Lodging,Partnership,Hyderabad,Telangana,2023-03-10,XXXX4049,Suspended,1024.36
REC101096,MCH1651,Kumar Inc,5942,Books & Stationery,Sole Proprietor,Mumbai,Maharashtra,2024-09-03,XXXX7749,Active,1249.76
REC101097,MCH7133,Din Inc,5411,Grocery Store,Private Limited,Pune,Maharashtra,2023-05-05,,Inactive,
REC101098,MCH6404,Tailor Group,5999,Miscellaneous Retail,Private Limited,Jaipur,Rajasthan,2026-02-04,,Suspended,792.4
REC101099,MCH5884,Raman and Sons,4131,Transportation,Individual,Chennai,Tamil Nadu,,1966210053,Active,743.19
REC101100,MCH7288,"Lalla, Sant and Mutti",5411,Grocery Store,Private Limited,Delhi,Delhi,2025-10-18,XXXX5071,Active,
REC101101,MCH4904,"Vohra, Lanka and Bumb",4814,Telecom,Partnership,Chennai,Tamil Nadu,2023-09-25,XXXX8030,Active,1946.13
REC101102,MCH4236,"Sinha, Shukla and Lad",5699,Apparel,Sole Proprietor,Delhi,Delhi,2025-07-08,OZWZ6142696689139,Active,844.0
REC101103,MCH9261,Gupta-Manne,5812,Restaurant,Individual,Jaipur,Rajasthan,2025-07-10,,Active,2734.0
REC101104,MCH8643,"Kota, Aurora and Dugal",5699,Apparel,Sole Proprietor,Delhi,Delhi,2024-04-15,GITM5447907663864,Active,1011.23
REC101105,MCH8286,"Chadha, Chaudhari and Edwin",5912,Pharmacy,Private Limited,Hyderabad,Telangana,2023-08-09,XXXX2952,Active,1828.46
REC101106,MCH3398,Chaudhary Ltd,5699,Apparel,Sole Proprietor,Chennai,Tamil Nadu,2023-11-18,5865246306,Disabled,1864.25
REC101107,MCH5648,Morar and Sons,7011,Hotel/Lodging,Individual,Pune,Maharashtra,2023-08-06,DHOL8937164342491,Active,
REC101108,MCH7644,Mital PLC,7011,Hotel/Lodging,Sole Proprietor,Chennai,Tamil Nadu,2024-03-07,,Active,602.59
REC101109,MCH7430,Arya Group,5699,Apparel,Individual,Kolkata,West Bengal,,,Active,1727.74
REC101110,MCH5267,"Chandra, Som and Grewal",4131,Transportation,Individual,Hyderabad,Telangana,2025-11-30,2585843766,Active,999.83
REC101111,MCH5288,"Thaman, Muni and Om",5999,Miscellaneous Retail,Sole Proprietor,Pune,Maharashtra,2023-07-08,7391241084,Active,1015.84
REC101112,MCH7075,D'Alia Group,7011,Hotel/Lodging,Partnership,Chennai,Tamil Nadu,2024-05-03,1415999033,Inactive,1262.21
REC101113,MCH4322,Khanna-Sarma,5311,Department Store,Sole Proprietor,Jalandhar,Punjab,2025-05-02,,Active,575.07
REC101114,MCH8423,Balasubramanian and Sons,5411,Grocery Store,Private Limited,Mumbai,Maharashtra,2025-01-26,5080169849,Active,1838.16
REC101115,MCH7229,"Salvi, Kale and Sunder",4814,Telecom,Private Limited,Pune,Maharashtra,2025-12-23,,Active,606.62
REC101116,MCH4127,Subramaniam-Jhaveri,4131,Transportation,Sole Proprietor,Jaipur,Rajasthan,2024-05-22,XXXX1628,Suspended,5333.88
REC101117,MCH8721,Bera-Chhabra,4131,Transportation,Sole Proprietor,Lucknow,Uttar Pradesh,2024-08-09,,Active,2543.82
REC101118,MCH8211,Parekh-Atwal,5411,Grocery Store,Private Limited,Jaipur,Rajasthan,2025-05-22,9728363988,Active,
REC101119,MCH8095,Saxena LLC,5699,Apparel,Private Limited,Jaipur,Rajasthan,2024-08-16,7415423811,Active,304.22
REC101120,MCH3656,"Sani, Rajagopalan and Sachar",5411,Grocery Store,Individual,Chennai,Tamil Nadu,2024-11-26,EFFS9159320721097,Active,901.19
REC101121,MCH3324,Char-Gera,5699,Apparel,Partnership,Pune,Maharashtra,2026-02-20,DLMI3626046968894,Suspended,2076.73
REC101122,MCH3927,Basak-Shukla,4814,Telecom,Private Limited,Jalandhar,Punjab,2023-03-18,KBJY1537538735375,Closed,980.64
REC101123,MCH2459,Gala and Sons,4131,Transportation,Sole Proprietor,Jaipur,Rajasthan,2025-04-16,OKFD4897091413997,Active,789.05
REC101124,MCH9804,Bhasin-Peri,5311,Department Store,Sole Proprietor,Chennai,Tamil Nadu,2023-12-21,,Suspended,962.52
REC101125,MCH9632,Kade-Shere,5311,Department Store,Sole Proprietor,Delhi,Delhi,2025-11-28,,Active,895.55
REC101126,MCH5896,Kale Group,5942,Books & Stationery,Individual,Hyderabad,Telangana,2023-07-21,3922466271,Active,533.74
REC101127,MCH9583,"Borra, Mutti and Chaudhary",5812,Restaurant,Private Limited,Ludhiana,Punjab,2023-05-13,3322589465,Active,1408.6
REC101128,MCH6548,"Kaur, Puri and Agate",4814,Telecom,Partnership,Hyderabad,Telangana,2023-09-24,0487365346,Active,1154.74
REC101129,MCH4776,Bobal-Dutta,5411,Grocery Store,Individual,Hyderabad,Telangana,2026-02-26,1427903652,Active,831.82
REC101130,MCH2137,Dyal Inc,4131,Transportation,Partnership,Amritsar,Punjab,2023-03-01,,Active,2285.47
REC101131,MCH2726,"Shukla, Trivedi and Balan",5411,Grocery Store,Private Limited,Amritsar,Punjab,2023-04-04,DPXX2201328447445,Active,7491.26
REC101132,MCH6284,Talwar Ltd,7011,Hotel/Lodging,Partnership,Amritsar,Punjab,2025-11-27,6681997576,Active,
REC101133,MCH7698,Bhatnagar Inc,5999,Miscellaneous Retail,Individual,Lucknow,Uttar Pradesh,2023-08-24,8131154936,Active,1276.92
REC101134,MCH2628,Muni PLC,5311,Department Store,Individual,Pune,Maharashtra,2024-07-13,1524505804,Active,
REC101135,MCH5518,Mannan Inc,5999,Miscellaneous Retail,Partnership,Hyderabad,Telangana,2024-03-28,,Active,1107.87
REC101136,MCH3804,"Pingle, Choudhry and Sastry",5942,Books & Stationery,Sole Proprietor,Delhi,Delhi,2025-10-13,,Active,729.5
REC101137,MCH8896,"Luthra, Kata and Bansal",5812,Restaurant,Private Limited,Jaipur,Rajasthan,2025-09-18,,Active,
REC101138,MCH8421,"Kannan, Nath and Kala",4131,Transportation,Private Limited,Amritsar,Punjab,2024-01-31,,Suspended,612.51
REC101139,MCH8427,"Hegde, Bajaj and Sura",5699,Apparel,Partnership,Jalandhar,Punjab,2024-10-07,,Active,557.6
REC101140,MCH9165,"Iyengar, Raja and Bhasin",5411,Grocery Store,Private Limited,Lucknow,Uttar Pradesh,2024-03-01,XXXX0194,Active,1898.13
REC101141,MCH6545,"Chanda, Mittal and Venkatesh",5912,Pharmacy,Individual,Kolkata,West Bengal,,0281511993,Active,909.37
REC101142,MCH6870,Basak Group,4814,Telecom,Sole Proprietor,Pune,Maharashtra,2025-04-03,5001363774,Active,2497.95
REC101143,MCH3955,"Dutta, Boase and Jha",5812,Restaurant,Partnership,Jaipur,Rajasthan,,7839475828,Active,935.24
REC101144,MCH7206,Srivastava and Sons,5411,Grocery Store,Private Limited,Lucknow,Uttar Pradesh,2025-08-18,1550287427,Active,1434.41
REC101145,MCH5734,Balan Inc,5311,Department Store,Private Limited,Jalandhar,Punjab,2025-05-20,,Active,2000.53
REC101146,MCH2384,Sarkar-Aurora,5912,Pharmacy,Sole Proprietor,Jaipur,Rajasthan,2025-01-22,,Active,4909.55
REC101147,MCH4227,Panchal PLC,5999,Miscellaneous Retail,Sole Proprietor,Kolkata,West Bengal,2025-01-09,,Active,1533.36
REC101148,MCH3301,Reddy and Sons,5942,Books & Stationery,Partnership,Jaipur,Rajasthan,2023-06-25,5060880178,Active,2571.65
REC101149,MCH5269,Swaminathan-Barman,5942,Books & Stationery,Sole Proprietor,Pune,Maharashtra,2024-05-04,ZNGO2188869689395,Active,526.0
REC101150,MCH6314,Tella-Sachdeva,4131,Transportation,Sole Proprietor,Lucknow,Uttar Pradesh,2023-01-22,,Active,2661.98
REC101151,MCH6481,"Virk, Shan and Chopra",5812,Restaurant,Individual,Pune,Maharashtra,2024-08-07,3425983900,Active,2726.92
REC101152,MCH1294,Rajagopalan Group,5912,Pharmacy,Individual,Amritsar,Punjab,2024-08-29,XXXX1888,Active,539.82
REC101153,MCH8297,Rai and Sons,5942,Books & Stationery,Partnership,Chennai,Tamil Nadu,2024-07-20,EMJO2764357164899,Active,618.85
REC101154,MCH1383,Dubey Group,5411,Grocery Store,Individual,Hyderabad,Telangana,2023-09-03,JDGO5125225131187,Active,
REC101155,MCH3214,Dubey Inc,4131,Transportation,Individual,Bengaluru,Karnataka,2024-07-24,1238686450,Active,2052.0
REC101156,MCH3641,"Khurana, Barman and Suresh",5699,Apparel,Individual,Delhi,Delhi,2025-08-06,XXXX0826,Active,2224.44
REC101157,MCH6273,"Dubey, Narula and Jhaveri",5311,Department Store,Private Limited,Pune,Maharashtra,2025-05-06,,Active,754.63
REC101158,MCH8400,Banerjee Inc,5812,Restaurant,Sole Proprietor,Lucknow,Uttar Pradesh,,,Active,
REC101159,MCH5793,Pathak Group,4131,Transportation,Individual,Mumbai,Maharashtra,2025-04-27,5675595225,Active,1570.7
REC101160,MCH5745,"Bahri, Dutta and Narang",4131,Transportation,Individual,Bengaluru,Karnataka,2024-03-27,GWGG2673614762721,Active,955.1
REC101161,MCH4246,Rama-Dasgupta,5311,Department Store,Individual,Amritsar,Punjab,2025-01-05,,Active,2336.28
REC101162,MCH6806,Badal-Bhasin,5411,Grocery Store,Individual,Hyderabad,Telangana,2025-12-05,,Active,23208.4
REC101163,MCH6818,"Halder, Tata and Ch and",7011,Hotel/Lodging,Sole Proprietor,Kolkata,West Bengal,2025-04-20,,Active,233.0
REC101164,MCH5378,Chaudhari Inc,7011,Hotel/Lodging,Individual,Bengaluru,Karnataka,2023-12-12,XXXX0207,Active,
REC101165,MCH4904,"Verma, Tak and Morar",4814,Telecom,Partnership,Mumbai,Maharashtra,,,Active,457.36
REC101166,MCH3561,Kumar LLC,5812,Restaurant,Partnership,Chennai,Tamil Nadu,2025-10-18,9204267445,Active,715.0
REC101167,MCH2945,Agarwal-Cherian,4814,Telecom,Sole Proprietor,Jalandhar,Punjab,2025-10-06,XXXX2889,Inactive,1759.15
REC101168,MCH8656,Singh PLC,5942,Books & Stationery,Individual,Bengaluru,Karnataka,2024-06-09,RQTA6882310547982,Active,9885.11
REC101169,MCH3442,Choudhry-Ravi,5699,Apparel,Partnership,Mumbai,Maharashtra,2025-09-09,XXXX0565,Active,3189.0
REC101170,MCH4733,Sankar Inc,5411,Grocery Store,Sole Proprietor,Jaipur,Rajasthan,2023-01-25,XXXX7201,Active,1176.53
REC101171,MCH5303,Walla Inc,5311,Department Store,Private Limited,Chennai,Tamil Nadu,,,Active,1019.0
REC101172,MCH8536,Boase PLC,4814,Telecom,Partnership,Mumbai,Maharashtra,2024-10-23,,Active,3149.45
REC101173,MCH5410,Ganesh LLC,7011,Hotel/Lodging,Partnership,Delhi,Delhi,2023-01-13,,Active,1114.19
REC101174,MCH1138,"Shan, Buch and Tank",5942,Books & Stationery,Sole Proprietor,Bengaluru,Karnataka,2024-07-03,XXXX0724,Active,1369.64
REC101175,MCH1652,Tripathi-Vasa,5311,Department Store,Private Limited,Amritsar,Punjab,2025-08-03,7462856821,Inactive,1419.63
REC101176,MCH4604,"Som, Kalla and Dada",5699,Apparel,Sole Proprietor,Chennai,Tamil Nadu,2024-07-02,,Active,1478.97
REC101177,MCH9380,Chakrabarti Group,5812,Restaurant,Private Limited,Ludhiana,Punjab,2023-11-23,ECMM7078142170981,Active,199.0
REC101178,MCH1015,Mannan-Subramaniam,7011,Hotel/Lodging,Individual,Hyderabad,Telangana,2024-05-19,,Active,
REC101179,MCH8053,Chhabra Inc,4814,Telecom,Individual,Hyderabad,Telangana,2023-03-29,XXXX7777,Active,1235.44
REC101180,MCH8033,"Kala, Mahal and Dash",5311,Department Store,Individual,Hyderabad,Telangana,2025-02-12,XXXX2251,Suspended,1390.13
REC101181,MCH7260,Kunda Inc,7011,Hotel/Lodging,Private Limited,Jalandhar,Punjab,2024-06-20,,Active,391.11
REC101182,MCH8713,"Shere, Loke and Butala",4814,Telecom,Private Limited,Delhi,Delhi,,,Disabled,
REC101183,MCH6001,Murthy-Batra,7011,Hotel/Lodging,Sole Proprietor,Jalandhar,Punjab,2024-08-31,DRAQ5734718978671,Active,1116.47
REC101184,MCH1792,Palan-Naidu,5699,Apparel,Partnership,Bengaluru,Karnataka,2023-01-28,JXLM1363091809821,Active,443.5
REC101185,MCH8129,"Devan, Ramesh and Oak",5311,Department Store,Individual,Kolkata,West Bengal,2025-03-22,XXXX5824,Active,2940.0
REC101186,MCH1775,Karnik Inc,5411,Grocery Store,Private Limited,Lucknow,Uttar Pradesh,2023-04-13,MCRQ9864671908344,Active,313.0
REC101187,MCH6593,"Thakur, Vohra and Kar",5411,Grocery Store,Private Limited,Hyderabad,Telangana,2025-05-26,,Active,5861.0
REC101188,MCH5556,Pau-Kale,5912,Pharmacy,Private Limited,Mumbai,Maharashtra,2023-10-31,FLTM9160494360696,Active,513.95
REC101189,MCH2024,"Ram, Manda and Chopra",4131,Transportation,Sole Proprietor,Pune,Maharashtra,2025-07-24,,Active,
REC101190,MCH8932,"Venkatesh, Nayak and Ravel",5999,Miscellaneous Retail,Private Limited,Lucknow,Uttar Pradesh,2023-01-01,STLO0893921270298,Active,1585.03
REC101191,MCH4419,Gill-Ratta,5912,Pharmacy,Sole Proprietor,Jaipur,Rajasthan,2024-09-15,ETZF4377515836271,Active,1442.51
REC101192,MCH5856,"Wason, Savant and Bahl",5999,Miscellaneous Retail,Individual,Mumbai,Maharashtra,2026-02-11,,Active,944.06
REC101193,MCH1060,Goda and Sons,5311,Department Store,Sole Proprietor,Chennai,Tamil Nadu,2023-05-18,2862334269,Closed,2371.8
REC101194,MCH4433,"Patil, Subramanian and Madan",7011,Hotel/Lodging,Partnership,Kolkata,West Bengal,2023-01-23,KNSD2742017347383,Active,830.16
REC101195,MCH9401,Ravi LLC,7011,Hotel/Lodging,Sole Proprietor,Pune,Maharashtra,2025-11-14,1215375647,Active,1824.72
REC101196,MCH8098,"Babu, Gupta and Bir",5812,Restaurant,Partnership,Lucknow,Uttar Pradesh,,FYXA2708849715447,Active,320.71
REC101197,MCH7564,"Mahal, Thaman and Dani",5942,Books & Stationery,Sole Proprietor,Jalandhar,Punjab,2023-12-23,7935535958,Active,503.13
REC101198,MCH7063,"Thaker, Grover and Mohanty",5999,Miscellaneous Retail,Individual,Delhi,Delhi,2024-01-19,,Inactive,
REC101199,MCH3040,"Dhar, Kunda and Desai",5411,Grocery Store,Partnership,Jaipur,Rajasthan,2025-03-05,,Active,267.0
REC101200,MCH1237,Agarwal-Kibe,7011,Hotel/Lodging,Partnership,Mumbai,Maharashtra,2023-03-30,CKEI2680343648784,Active,750.84
REC101201,MCH2014,Bali-Mani,7011,Hotel/Lodging,Individual,Pune,Maharashtra,2023-08-01,ARLE1914445816062,Active,8107.98
REC101202,MCH5251,Sehgal-Yadav,5411,Grocery Store,Sole Proprietor,Bengaluru,Karnataka,2024-11-18,XUHW6533831586352,Active,625.43
REC101203,MCH8967,Kade-Sama,5699,Apparel,Partnership,Delhi,Delhi,2023-02-18,,Active,
REC101204,MCH2350,Tata-Palla,5699,Apparel,Private Limited,Jaipur,Rajasthan,2025-01-29,,Active,1391.95
REC101205,MCH3093,"Bobal, Madan and Narain",5999,Miscellaneous Retail,Individual,Jalandhar,Punjab,2025-06-12,6552427779,Inactive,2015.86
REC101206,MCH8331,Yogi Inc,5999,Miscellaneous Retail,Sole Proprietor,Bengaluru,Karnataka,2025-05-07,,Inactive,1372.86
REC101207,MCH2236,Yohannan-Chada,5311,Department Store,Private Limited,Kolkata,West Bengal,2023-01-24,3926948531,Disabled,5340.64
REC101208,MCH3005,"Saxena, Narain and Mander",5699,Apparel,Private Limited,Kolkata,West Bengal,2024-03-25,RIGO9314848159457,Inactive,1149.79
REC101209,MCH5957,Bose PLC,5942,Books & Stationery,Partnership,Jaipur,Rajasthan,2023-09-22,,Disabled,1309.17
REC101210,MCH1320,Babu-Khatri,5699,Apparel,Individual,Kolkata,West Bengal,2023-11-24,XXXX8923,Suspended,
REC101211,MCH9984,"Dash, Radhakrishnan and Singh",4131,Transportation,Sole Proprietor,Amritsar,Punjab,2025-11-01,4065235597,Active,956.87
REC101212,MCH5293,Pingle PLC,5999,Miscellaneous Retail,Individual,Delhi,Delhi,2023-09-03,XXXX2228,Active,1088.29
REC101213,MCH2133,Bose-Saraf,5999,Miscellaneous Retail,Sole Proprietor,Mumbai,Maharashtra,2024-09-19,6035698626,Active,
REC101214,MCH3470,Chopra-Garde,4814,Telecom,Individual,Bengaluru,Karnataka,2025-03-02,,Active,509.62
REC101215,MCH1420,Aggarwal-Garde,4131,Transportation,Sole Proprietor,Mumbai,Maharashtra,2024-03-18,XXXX4337,Active,830.85
REC101216,MCH1340,Pingle-Lad,5999,Miscellaneous Retail,Individual,Chennai,Tamil Nadu,2023-02-09,,Active,
REC101217,MCH1786,"Ganguly, Mammen and Babu",5411,Grocery Store,Sole Proprietor,Pune,Maharashtra,2025-05-22,YNDF5378176701295,Active,1212.0
REC101218,MCH5671,Bava-Arya,5699,Apparel,Private Limited,Hyderabad,Telangana,2023-11-18,SNRX5730951285773,Active,2123.47
REC101219,MCH2681,Upadhyay-Bava,7011,Hotel/Lodging,Individual,Pune,Maharashtra,2024-02-16,YHMW6591611383032,Active,230.72
REC101220,MCH6745,Chaudry PLC,7011,Hotel/Lodging,Individual,Lucknow,Uttar Pradesh,2023-05-16,,Inactive,2605.91
REC101221,MCH1647,Narula LLC,5699,Apparel,Individual,Ludhiana,Punjab,2024-05-10,5628842369,Blocked,1898.14
REC101222,MCH4578,"Panchal, Chopra and Mall",5942,Books & Stationery,Private Limited,Chennai,Tamil Nadu,2023-07-22,IFCV0550743259811,Inactive,2039.12
REC101223,MCH3341,Ramesh Inc,5912,Pharmacy,Individual,Mumbai,Maharashtra,2024-11-15,,Active,1745.15
REC101224,MCH1333,Sastry PLC,4814,Telecom,Individual,Amritsar,Punjab,2025-09-18,DIOZ5944277163234,Closed,1548.51
REC101225,MCH1174,Mander-Kari,5411,Grocery Store,Partnership,Jalandhar,Punjab,2023-05-01,,Active,1013.97
REC101226,MCH8784,"Iyengar, Savant and Sehgal",4131,Transportation,Private Limited,Mumbai,Maharashtra,2024-01-12,,Active,575.0
REC101227,MCH6017,Hayer Group,5812,Restaurant,Private Limited,Mumbai,Maharashtra,2024-11-24,,Active,
REC101228,MCH9763,Bhatnagar-Ramesh,5699,Apparel,Individual,Bengaluru,Karnataka,2023-03-24,FAWR8699456284349,Active,2954.71
REC101229,MCH4909,"Sharaf, Lalla and Rattan",5942,Books & Stationery,Sole Proprietor,Kolkata,West Bengal,2025-02-16,5725440715,Blocked,650.04
REC101230,MCH6982,Manda and Sons,4814,Telecom,Partnership,Delhi,Delhi,2024-01-30,UKBI1493589511002,Inactive,
REC101231,MCH4221,"Rastogi, Goda and Naidu",5999,Miscellaneous Retail,Individual,Jalandhar,Punjab,,,Active,745.75
REC101232,MCH1934,"Deol, Dugar and Parmer",5942,Books & Stationery,Private Limited,Chennai,Tamil Nadu,2025-06-26,,Active,2520.96
REC101233,MCH7600,"Karnik, Thakur and Palla",5912,Pharmacy,Sole Proprietor,Hyderabad,Telangana,2023-04-24,,Active,1154.91
REC101234,MCH9745,Chaudhuri PLC,5699,Apparel,Sole Proprietor,Pune,Maharashtra,2025-05-26,LAJQ5592021482333,Inactive,475.31
REC101235,MCH4421,Natarajan-Borah,5999,Miscellaneous Retail,Sole Proprietor,Mumbai,Maharashtra,2024-11-21,,Active,1261.07
REC101236,MCH3490,Sachdev-Din,5411,Grocery Store,Individual,Delhi,Delhi,2023-02-21,VNMY8994386086089,Blocked,570.0
REC101237,MCH8264,"Hayer, Pant and Suresh",4131,Transportation,Private Limited,Jaipur,Rajasthan,2025-01-03,WKHI8476650778332,Active,2906.17
REC101238,MCH7567,Badal-Tripathi,5699,Apparel,Partnership,Delhi,Delhi,2023-01-23,,Active,581.85
REC101239,MCH6419,"Bhalla, Dubey and Salvi",5912,Pharmacy,Sole Proprietor,Jaipur,Rajasthan,2024-01-15,,Active,3881.01
REC101240,MCH6143,"Murthy, Kala and Mangat",5812,Restaurant,Individual,Hyderabad,Telangana,2023-03-26,3144502115,Active,
REC101241,MCH7681,"Aggarwal, Raj and Mand",5311,Department Store,Individual,Amritsar,Punjab,2023-07-26,6309524938,Active,148.0
REC101242,MCH4141,Sarkar and Sons,4814,Telecom,Partnership,Bengaluru,Karnataka,2023-06-10,,Active,1485.34
REC101243,MCH8571,"Sahni, Arya and Guha",4131,Transportation,Private Limited,Kolkata,West Bengal,,XXXX6085,Active,1192.48
REC101244,MCH6697,"Chanda, Chakraborty and Mand",4814,Telecom,Individual,Pune,Maharashtra,2025-09-29,4744924569,Active,706.35
REC101245,MCH1881,"Bawa, Ganesan and Oak",5912,Pharmacy,Partnership,Chennai,Tamil Nadu,2023-12-14,,Hold,
REC101246,MCH7586,Randhawa Inc,5812,Restaurant,Partnership,Chennai,Tamil Nadu,2025-06-21,,Inactive,629.75
REC101247,MCH8374,Nadig-Batra,5699,Apparel,Partnership,Amritsar,Punjab,2024-02-21,VELJ0567478440820,Active,831.77
REC101248,MCH1553,Basu-Varma,5942,Books & Stationery,Sole Proprietor,Kolkata,West Bengal,,,Active,1630.0
REC101249,MCH7957,Keer-Khalsa,5311,Department Store,Sole Proprietor,Amritsar,Punjab,2025-11-21,,Active,1690.94
REC101250,MCH2250,Borra and Sons,5942,Books & Stationery,Individual,Hyderabad,Telangana,2024-07-18,XXXX4935,Active,
REC101251,MCH7023,Mannan-Mallick,5999,Miscellaneous Retail,Individual,Hyderabad,Telangana,,BQNS1502974429250,Active,1891.27
REC101252,MCH5546,Borde Inc,5311,Department Store,Individual,Ludhiana,Punjab,2024-09-27,JPIE0555435223526,Active,1430.97
REC101253,MCH5494,Raja Ltd,5942,Books & Stationery,Partnership,Ludhiana,Punjab,2025-07-19,XXXX2189,Active,209.91
REC101254,MCH9714,Issac-Pall,5912,Pharmacy,Private Limited,Chennai,Tamil Nadu,2024-07-06,,Inactive,925.43
REC101255,MCH2532,Chad Inc,5999,Miscellaneous Retail,Partnership,Jaipur,Rajasthan,2023-01-11,SDKV0929160095786,Inactive,351.38
REC101256,MCH6776,"Khanna, Kadakia and Hans",5942,Books & Stationery,Partnership,Jalandhar,Punjab,2024-12-16,,Active,7527.28
REC101257,MCH9208,Lala-Tiwari,5942,Books & Stationery,Partnership,Amritsar,Punjab,2023-05-17,,Inactive,338.09
REC101258,MCH3930,Kashyap-Rastogi,5699,Apparel,Individual,Lucknow,Uttar Pradesh,,XXXX4709,Active,510.04
REC101259,MCH7618,"Thaman, Parikh and Dubey",7011,Hotel/Lodging,Private Limited,Delhi,Delhi,2025-11-22,SGHB3691205385794,Active,244.24
REC101260,MCH7621,"Sankaran, Sur and Panchal",5812,Restaurant,Individual,Jaipur,Rajasthan,2023-01-03,XXXX7790,Active,1992.6
REC101261,MCH4589,"Sathe, Bumb and Shankar",5699,Apparel,Sole Proprietor,Amritsar,Punjab,2024-10-27,XXXX1983,Active,76.99
REC101262,MCH2191,"Choudhry, Rai and Chokshi",5942,Books & Stationery,Private Limited,Chennai,Tamil Nadu,2025-04-14,,Active,3020.11
REC101263,MCH8955,"Gade, Venkatesh and Bedi",5999,Miscellaneous Retail,Sole Proprietor,Bengaluru,Karnataka,2023-05-13,LWFG7573237346886,Active,455.69
REC101264,MCH3591,"Panchal, Balasubramanian and Dey",5942,Books & Stationery,Private Limited,Kolkata,West Bengal,2025-03-15,9832386733,Active,2193.61
REC101265,MCH8221,Kala-Bajaj,5942,Books & Stationery,Sole Proprietor,Bengaluru,Karnataka,,5133526509,Inactive,1133.63
REC101266,MCH2552,"Saran, Dyal and Wable",4814,Telecom,Partnership,Hyderabad,Telangana,2023-10-19,XXXX2290,Active,1588.96
REC101267,MCH7784,Dave-Babu,5912,Pharmacy,Partnership,Ludhiana,Punjab,2023-03-16,XXXX3111,Active,643.0
REC101268,MCH1853,Narayanan-Chander,4131,Transportation,Sole Proprietor,Amritsar,Punjab,2023-10-10,GGYD8312524893538,Active,13872.38
REC101269,MCH9201,Ramachandran PLC,4814,Telecom,Private Limited,Jaipur,Rajasthan,2024-10-02,,Active,1064.13
REC101270,MCH3439,"Palan, Bora and Puri",5411,Grocery Store,Private Limited,Ludhiana,Punjab,2024-03-05,AHWJ3061043363701,Active,1840.58
REC101271,MCH8163,"Sama, Pant and Tara",5942,Books & Stationery,Private Limited,Lucknow,Uttar Pradesh,2025-06-13,,Active,
REC101272,MCH4090,Dube Group,5311,Department Store,Individual,Jaipur,Rajasthan,2024-12-06,NPEH3410333318653,Active,5497.54
REC101273,MCH6751,Jhaveri-Rege,5942,Books & Stationery,Private Limited,Jalandhar,Punjab,2023-07-30,,Active,1649.91
REC101274,MCH2770,Nagi PLC,5999,Miscellaneous Retail,Individual,Jaipur,Rajasthan,2024-05-06,,Blocked,
REC101275,MCH2274,Kade-Wadhwa,5699,Apparel,Partnership,Delhi,Delhi,,,Active,
REC101276,MCH4275,Raval-Bora,5812,Restaurant,Sole Proprietor,Jaipur,Rajasthan,2024-04-18,3945076989,Active,1335.0
REC101277,MCH5458,"Korpal, Venkatesh and Choudhary",7011,Hotel/Lodging,Individual,Jaipur,Rajasthan,2024-03-17,,Active,
REC101278,MCH5997,"Kothari, Basu and Kothari",5912,Pharmacy,Sole Proprietor,Delhi,Delhi,2025-09-07,4059468429,Inactive,2459.46
REC101279,MCH2675,Venkataraman-Rastogi,5942,Books & Stationery,Private Limited,Amritsar,Punjab,2025-06-23,YXGI4135701284971,Active,877.85
REC101280,MCH5239,Saha Inc,5999,Miscellaneous Retail,Individual,Lucknow,Uttar Pradesh,2025-09-29,,Active,6907.0
REC101281,MCH3907,"Oza, Sachdev and Sarkar",5812,Restaurant,Private Limited,Jalandhar,Punjab,,XXXX6224,Active,2184.56
REC101282,MCH6009,"Nagar, Chowdhury and Raghavan",5942,Books & Stationery,Private Limited,Pune,Maharashtra,,XXXX6864,Active,1266.03
REC101283,MCH8861,Prashad and Sons,5999,Miscellaneous Retail,Individual,Chennai,Tamil Nadu,,XXXX5366,Active,
REC101284,MCH2383,Dewan-Misra,4814,Telecom,Sole Proprietor,Ludhiana,Punjab,2023-05-09,,Active,923.06
REC101285,MCH5141,Sinha Ltd,5699,Apparel,Sole Proprietor,Jaipur,Rajasthan,2025-07-27,XXXX0376,Closed,764.85
REC101286,MCH5037,"Sekhon, Dhillon and Bath",5812,Restaurant,Partnership,Delhi,Delhi,2024-10-01,8639611595,Suspended,
REC101287,MCH7074,Lalla-Iyengar,5912,Pharmacy,Individual,Jalandhar,Punjab,2026-01-10,9351816139,Active,732.21
REC101288,MCH6137,"Sidhu, Ahuja and Kumar",5812,Restaurant,Partnership,Bengaluru,Karnataka,,0510702134,Active,1574.67
REC101289,MCH2115,Kohli-Doshi,4131,Transportation,Sole Proprietor,Chennai,Tamil Nadu,2024-05-24,XXXX7245,Active,8526.65
REC101290,MCH8177,"Ghose, Om and Dada",5912,Pharmacy,Individual,Jaipur,Rajasthan,2023-01-25,VAWO9622110634974,Active,578.46
REC101291,MCH2946,Nagy-Jani,4131,Transportation,Sole Proprietor,Mumbai,Maharashtra,,1929586448,Active,316.0
REC101292,MCH1973,Sastry Ltd,5699,Apparel,Sole Proprietor,Chennai,Tamil Nadu,2024-12-23,,Active,1479.74
REC101293,MCH7544,Narayan-Oommen,4814,Telecom,Individual,Jalandhar,Punjab,2023-06-29,RSLP3867431498538,Inactive,1478.06
REC101294,MCH8393,Salvi LLC,7011,Hotel/Lodging,Partnership,Jalandhar,Punjab,2024-10-18,XXXX4953,Active,1230.0
REC101295,MCH9393,"Sehgal, Chawla and Korpal",5812,Restaurant,Individual,Amritsar,Punjab,2025-09-03,XXXX8440,Active,896.96
REC101296,MCH2205,Parmer-Lad,5311,Department Store,Individual,Delhi,Delhi,2023-07-01,QDLE8658067283923,Active,986.0
REC101297,MCH3908,Kanda LLC,5999,Miscellaneous Retail,Sole Proprietor,Pune,Maharashtra,2024-07-05,2653904246,Active,
REC101298,MCH4560,Shankar Ltd,4814,Telecom,Individual,Bengaluru,Karnataka,2025-06-12,,Active,1403.88
REC101299,MCH7311,Jhaveri-Hans,7011,Hotel/Lodging,Sole Proprietor,Mumbai,Maharashtra,2025-05-12,RZUE2319491323812,Active,1009.0
REC101300,MCH5472,Dua Group,5942,Books & Stationery,Private Limited,Ludhiana,Punjab,2024-09-23,2328427852,Active,778.0
REC101301,MCH8851,"Kanda, Kohli and Thaman",5812,Restaurant,Sole Proprietor,Jalandhar,Punjab,,,Blocked,5573.07
REC101302,MCH9681,Bawa PLC,5699,Apparel,Private Limited,Pune,Maharashtra,2024-01-09,,Active,1913.04
REC101303,MCH8641,Rai and Sons,4131,Transportation,Individual,Ludhiana,Punjab,2024-01-10,,Active,
REC101304,MCH6468,Golla-Murty,4131,Transportation,Partnership,Hyderabad,Telangana,2024-06-20,,Active,
REC101305,MCH8995,Mahajan Group,5999,Miscellaneous Retail,Partnership,Jalandhar,Punjab,2023-09-12,XXXX2606,Active,2967.0
REC101306,MCH1827,Saha Ltd,5999,Miscellaneous Retail,Partnership,Pune,Maharashtra,2026-01-12,GFSK2439344528128,Active,790.89
REC101307,MCH1529,"Sangha, Banerjee and Sengupta",7011,Hotel/Lodging,Private Limited,Ludhiana,Punjab,2023-02-06,,Inactive,1257.59
REC101308,MCH8923,Raja-Sur,4131,Transportation,Individual,Hyderabad,Telangana,2023-05-29,,Active,1033.58
REC101309,MCH8464,"Kapadia, Sarin and Bhargava",5411,Grocery Store,Sole Proprietor,Ludhiana,Punjab,2024-07-19,,Active,1536.1
REC101310,MCH8749,"Tara, Parmer and Walla",4131,Transportation,Private Limited,Kolkata,West Bengal,2025-06-19,BWRP8229942592433,Closed,584.1
REC101311,MCH4298,Jain Group,4814,Telecom,Private Limited,Delhi,Delhi,2024-06-01,6571920723,Closed,316.99
REC101312,MCH8552,"Manne, Manda and Toor",4131,Transportation,Sole Proprietor,Pune,Maharashtra,2023-08-19,,Active,
REC101313,MCH5227,Gala PLC,7011,Hotel/Lodging,Partnership,Kolkata,West Bengal,2026-01-21,,Active,
REC101314,MCH3323,Dey PLC,4814,Telecom,Sole Proprietor,Jaipur,Rajasthan,2024-12-24,XXXX2284,Inactive,559.08
REC101315,MCH9199,Goda-Patel,4814,Telecom,Partnership,Lucknow,Uttar Pradesh,2024-12-23,3404405124,Active,992.24
REC101316,MCH4745,Divan-Rao,5311,Department Store,Sole Proprietor,Jalandhar,Punjab,2023-12-05,9446528330,Active,778.92
REC101317,MCH4463,"Kant, Varma and Madan",5411,Grocery Store,Individual,Amritsar,Punjab,2023-01-26,XXXX8058,Closed,703.89
REC101318,MCH8296,D'Alia-Kannan,5999,Miscellaneous Retail,Partnership,Mumbai,Maharashtra,2023-07-29,,Active,659.86
REC101319,MCH2585,Roy LLC,5411,Grocery Store,Sole Proprietor,Jaipur,Rajasthan,2025-10-13,2320667701,Active,2233.97
REC101320,MCH6427,Bose Inc,5999,Miscellaneous Retail,Private Limited,Ludhiana,Punjab,2025-07-02,UHFS8061607261976,Closed,1949.7
REC101321,MCH7176,"Sachar, Wali and Saha",4131,Transportation,Individual,Kolkata,West Bengal,2026-02-13,7683191787,Active,980.72
REC101322,MCH7679,Sodhi-Dugal,5411,Grocery Store,Individual,Jalandhar,Punjab,2023-01-23,8562313994,Active,975.38
REC101323,MCH6829,"Natarajan, Thaker and Aggarwal",5912,Pharmacy,Sole Proprietor,Mumbai,Maharashtra,2024-01-24,,Active,1746.05
REC101324,MCH4180,"Iyer, Saha and Kumar",7011,Hotel/Lodging,Partnership,Lucknow,Uttar Pradesh,2025-04-16,2796320001,Active,3864.5
REC101325,MCH4080,Jhaveri-Andra,5311,Department Store,Sole Proprietor,Jalandhar,Punjab,2024-06-18,,Active,4912.37
REC101326,MCH8537,Sunder LLC,4131,Transportation,Private Limited,Chennai,Tamil Nadu,2025-09-16,FNGX1491502830694,Inactive,1072.34
REC101327,MCH2639,Sunder-Keer,5411,Grocery Store,Partnership,Jaipur,Rajasthan,2025-04-19,,Active,
REC101328,MCH9697,Walla Ltd,4814,Telecom,Individual,Bengaluru,Karnataka,2025-07-21,,Active,1081.86
REC101329,MCH6643,"Bala, Palla and Srinivas",5942,Books & Stationery,Private Limited,Jalandhar,Punjab,2023-06-13,3868687292,Active,1698.35
REC101330,MCH6208,Tak-Parmar,4814,Telecom,Private Limited,Lucknow,Uttar Pradesh,2024-03-16,XXXX8227,Blocked,
REC101331,MCH8639,"Sodhi, Kala and Ramaswamy",5411,Grocery Store,Partnership,Pune,Maharashtra,2023-09-18,,Active,1544.0
REC101332,MCH6574,"Thaman, Gupta and Barad",4814,Telecom,Private Limited,Pune,Maharashtra,2024-03-03,2887690427,Active,1371.71
REC101333,MCH4980,Batra LLC,5411,Grocery Store,Individual,Pune,Maharashtra,,XXXX6176,Active,2806.42
REC101334,MCH8046,Muni LLC,5912,Pharmacy,Partnership,Mumbai,Maharashtra,2024-11-12,GNMM4947998232253,Active,401.9
REC101335,MCH5190,"Saini, Rana and Aggarwal",5411,Grocery Store,Sole Proprietor,Mumbai,Maharashtra,,4016367368,Active,1844.01
REC101336,MCH2577,Dua Inc,5812,Restaurant,Sole Proprietor,Bengaluru,Karnataka,2023-11-23,,Active,23536.65
REC101337,MCH6034,Sane Inc,5912,Pharmacy,Private Limited,Jaipur,Rajasthan,2025-10-18,5791425986,Active,1353.34
REC101338,MCH4083,"Loyal, Dara and Sharaf",4814,Telecom,Individual,Chennai,Tamil Nadu,2024-02-15,,Active,1752.1
REC101339,MCH8390,"Thakkar, Babu and Nagi",4131,Transportation,Private Limited,Hyderabad,Telangana,2024-03-25,XXXX7354,Active,2159.57
REC101340,MCH9016,Upadhyay-Sethi,4814,Telecom,Partnership,Mumbai,Maharashtra,2025-07-27,XXXX7823,Active,764.46
REC101341,MCH6780,"Bhatia, Dalal and Kapur",5999,Miscellaneous Retail,Private Limited,Jalandhar,Punjab,2025-05-24,,Active,
REC101342,MCH3201,Bahl and Sons,5942,Books & Stationery,Sole Proprietor,Amritsar,Punjab,2024-05-27,4264935431,Active,576.96
REC101343,MCH9352,Chaudhary-Munshi,7011,Hotel/Lodging,Sole Proprietor,Hyderabad,Telangana,2025-12-27,1982708228,Disabled,295.19
REC101344,MCH6091,Ratti-Kalita,5942,Books & Stationery,Sole Proprietor,Ludhiana,Punjab,2023-09-06,XXXX4886,Active,458.92
REC101345,MCH3491,"Chawla, Tella and Madan",4814,Telecom,Sole Proprietor,Lucknow,Uttar Pradesh,2025-05-23,,Active,1044.7
REC101346,MCH3426,"Morar, Dar and Raja",5311,Department Store,Individual,Jalandhar,Punjab,2023-10-25,XXXX0393,Inactive,1252.0
REC101347,MCH2395,Sathe-Dixit,4131,Transportation,Private Limited,Chennai,Tamil Nadu,2023-12-24,,Active,941.52
REC101348,MCH8330,Trivedi-Shan,5812,Restaurant,Partnership,Hyderabad,Telangana,2024-11-05,2548494928,Active,4115.86
REC101349,MCH7978,"Ganesan, Kohli and Savant",5999,Miscellaneous Retail,Individual,Jaipur,Rajasthan,2023-02-15,XXXX8648,Active,2414.03
REC101350,MCH8826,Mallick-Dasgupta,5311,Department Store,Private Limited,Jalandhar,Punjab,2023-02-09,2382228031,Active,1719.24
REC101351,MCH3593,"Kara, Brar and Apte",4814,Telecom,Private Limited,Mumbai,Maharashtra,2023-12-04,,Suspended,474.6
REC101352,MCH9888,"Contractor, Mohanty and Devi",5912,Pharmacy,Sole Proprietor,Chennai,Tamil Nadu,2025-09-23,XXXX3253,Active,1367.96
REC101353,MCH5154,Chauhan Inc,4814,Telecom,Partnership,Jalandhar,Punjab,2023-02-18,,Active,1206.43
REC101354,MCH3371,Bath PLC,4814,Telecom,Private Limited,Chennai,Tamil Nadu,2024-06-16,XXXX9871,Active,1557.07
REC101355,MCH1909,Murthy and Sons,5942,Books & Stationery,Sole Proprietor,Pune,Maharashtra,2023-11-25,6570869272,Active,823.0
REC101356,MCH6152,Dasgupta-Das,5942,Books & Stationery,Private Limited,Jaipur,Rajasthan,2024-10-26,XXXX8744,Active,344.11
REC101357,MCH4375,"Mani, Pillai and Soman",5311,Department Store,Sole Proprietor,Lucknow,Uttar Pradesh,2024-08-03,,Active,1050.41
REC101358,MCH7380,"Gour, Jani and Mital",5999,Miscellaneous Retail,Individual,Chennai,Tamil Nadu,2024-11-06,,Closed,688.41
REC101359,MCH4305,Padmanabhan-Thaker,4131,Transportation,Individual,Ludhiana,Punjab,2024-10-17,,Active,572.69
REC101360,MCH7198,Rama and Sons,5912,Pharmacy,Partnership,Jaipur,Rajasthan,2023-02-15,6060043689,Active,1594.96
REC101361,MCH1298,"Raghavan, Reddy and Sangha",5942,Books & Stationery,Sole Proprietor,Hyderabad,Telangana,2025-04-28,XXXX0353,Active,364.92
REC101362,MCH9510,Warrior-Thakkar,4131,Transportation,Sole Proprietor,Bengaluru,Karnataka,2024-09-15,,Active,1261.0
REC101363,MCH8799,"Dada, Ramaswamy and Dugal",5942,Books & Stationery,Private Limited,Hyderabad,Telangana,2023-04-09,STYQ1453146869201,Suspended,2080.34
REC101364,MCH3453,"Sangha, Minhas and Patil",7011,Hotel/Lodging,Private Limited,Jaipur,Rajasthan,2023-11-15,5047749653,Active,
REC101365,MCH6333,"Kumer, Butala and Sawhney",5699,Apparel,Individual,Chennai,Tamil Nadu,2024-09-08,HRFV9386173143650,Active,831.77
REC101366,MCH1255,Lala and Sons,4814,Telecom,Partnership,Kolkata,West Bengal,2023-07-19,8344362943,Inactive,772.22
REC101367,MCH8379,Deep Group,5942,Books & Stationery,Private Limited,Kolkata,West Bengal,2026-01-29,XXXX9737,Suspended,469.0
REC101368,MCH3147,Acharya-Uppal,4131,Transportation,Individual,Chennai,Tamil Nadu,2024-02-10,1420771239,Active,343.0
REC101369,MCH4236,Arora PLC,5942,Books & Stationery,Partnership,Amritsar,Punjab,2024-09-20,,Active,1427.88
REC101370,MCH1675,"Sarma, Saxena and Chandran",5311,Department Store,Private Limited,Jaipur,Rajasthan,2023-06-09,,Suspended,1777.8
REC101371,MCH6498,Peri-Saran,5999,Miscellaneous Retail,Private Limited,Kolkata,West Bengal,2025-01-08,XXXX0646,Active,7077.96
REC101372,MCH9849,Jayaraman Inc,5942,Books & Stationery,Individual,Kolkata,West Bengal,2026-02-11,8602198402,Active,1659.94
REC101373,MCH8659,Sha Ltd,7011,Hotel/Lodging,Partnership,Mumbai,Maharashtra,2024-10-23,6929887204,Active,
REC101374,MCH5707,Deol Group,5411,Grocery Store,Partnership,Hyderabad,Telangana,2023-09-19,NRWL7844875974966,Active,666.58
REC101375,MCH8553,"Sane, Chaudhari and Rai",4814,Telecom,Private Limited,Lucknow,Uttar Pradesh,2025-01-05,,Inactive,375.66
REC101376,MCH9390,"Minhas, Pau and Narayanan",4131,Transportation,Individual,Ludhiana,Punjab,,,Active,2246.12
REC101377,MCH9945,"Pant, Hayre and Pathak",4814,Telecom,Private Limited,Jalandhar,Punjab,2025-07-14,XXXX5088,Active,789.57
REC101378,MCH9412,Nayak-Guha,4131,Transportation,Individual,Amritsar,Punjab,,XXXX5639,Active,2887.33
REC101379,MCH1106,"Agrawal, Ganguly and Kalla",5411,Grocery Store,Private Limited,Delhi,Delhi,2024-08-25,ZKGK4764088745020,Active,1100.28
REC101380,MCH6940,Koshy Inc,4131,Transportation,Private Limited,Chennai,Tamil Nadu,2024-06-25,,Active,5556.5
REC101381,MCH9834,"Gill, Varghese and Ganesh",5912,Pharmacy,Private Limited,Kolkata,West Bengal,2023-03-26,,Active,1416.0
REC101382,MCH8235,Konda-Pillai,5942,Books & Stationery,Private Limited,Chennai,Tamil Nadu,2025-08-29,XXXX2371,Active,
REC101383,MCH9684,Bhasin Inc,5912,Pharmacy,Private Limited,Delhi,Delhi,2025-01-20,XXXX1695,Inactive,2227.2
REC101384,MCH4122,"Lata, Magar and Savant",5999,Miscellaneous Retail,Partnership,Bengaluru,Karnataka,2025-12-03,7547242898,Active,3699.77
REC101385,MCH1772,Grover Group,5311,Department Store,Partnership,Kolkata,West Bengal,2023-03-18,0665098924,Active,1962.32
REC101386,MCH3267,"Dara, Rama and Ben",4814,Telecom,Partnership,Ludhiana,Punjab,2024-11-02,,Active,471.18
REC101387,MCH6084,"Jaggi, Ganguly and Mall",5699,Apparel,Private Limited,Ludhiana,Punjab,2023-08-30,,Inactive,1089.53
REC101388,MCH7430,"Gill, Mutti and Nagy",4814,Telecom,Sole Proprietor,Delhi,Delhi,2024-05-08,,Active,298.83
REC101389,MCH8949,"Srinivasan, Saxena and Kant",5942,Books & Stationery,Private Limited,Bengaluru,Karnataka,,XXXX6857,Inactive,1726.82
REC101390,MCH3822,Anne and Sons,5411,Grocery Store,Private Limited,Amritsar,Punjab,2026-01-21,,Active,2115.91
REC101391,MCH7687,Devan Inc,5699,Apparel,Individual,Lucknow,Uttar Pradesh,2024-11-25,,Active,2148.82
REC101392,MCH8377,"Agate, Suresh and Bahri",5311,Department Store,Individual,Hyderabad,Telangana,2024-02-05,XXXX2261,Active,1519.49
REC101393,MCH1039,Palan-Mody,4814,Telecom,Individual,Hyderabad,Telangana,2023-07-14,,Active,
REC101394,MCH4233,Shankar and Sons,5411,Grocery Store,Sole Proprietor,Jalandhar,Punjab,2023-12-10,4534914137,Disabled,2257.76
REC101395,MCH9444,Narain and Sons,5812,Restaurant,Private Limited,Hyderabad,Telangana,2023-08-09,XXXX4479,Blocked,1056.16
REC101396,MCH5119,Raghavan-Shere,5812,Restaurant,Sole Proprietor,Chennai,Tamil Nadu,2025-09-14,,Active,1149.0
REC101397,MCH4097,Nori PLC,5912,Pharmacy,Private Limited,Pune,Maharashtra,,,Active,930.77
REC101398,MCH8693,"Chawla, Goyal and Pau",7011,Hotel/Lodging,Individual,Mumbai,Maharashtra,2024-01-22,,Active,818.0
REC101399,MCH1207,"Pillai, Oak and Barman",5812,Restaurant,Individual,Delhi,Delhi,2024-04-11,,Active,1280.08
REC101400,MCH9049,Babu-Bali,5812,Restaurant,Individual,Bengaluru,Karnataka,2023-07-02,4401897773,Active,2337.3
REC101401,MCH6708,Wali LLC,7011,Hotel/Lodging,Sole Proprietor,Amritsar,Punjab,2023-04-09,1946521583,Active,469.66
REC101402,MCH3206,Ray Inc,7011,Hotel/Lodging,Individual,Kolkata,West Bengal,2024-08-27,QOEA8761018728907,Active,490.27
REC101403,MCH3845,Barad-Hayre,5999,Miscellaneous Retail,Private Limited,Hyderabad,Telangana,,7981739720,Inactive,
REC101404,MCH6892,Chacko-Gaba,5912,Pharmacy,Sole Proprietor,Bengaluru,Karnataka,2025-05-07,XXXX0824,Active,684.73
REC101405,MCH1260,Kothari-Nadkarni,5699,Apparel,Private Limited,Lucknow,Uttar Pradesh,2026-01-15,6850024093,Active,2375.4
REC101406,MCH3736,"Chanda, Bandi and Pandya",4814,Telecom,Partnership,Hyderabad,Telangana,2023-04-25,,Active,812.06
REC101407,MCH1641,Bali LLC,5999,Miscellaneous Retail,Sole Proprietor,Delhi,Delhi,,,Active,
REC101408,MCH9955,Bumb Ltd,5912,Pharmacy,Individual,Bengaluru,Karnataka,2024-02-20,,Inactive,5375.4
REC101409,MCH2838,Bose-Bir,4814,Telecom,Sole Proprietor,Chennai,Tamil Nadu,2024-07-25,,Active,3409.39
REC101410,MCH2981,Sami-Sura,5942,Books & Stationery,Individual,Kolkata,West Bengal,2023-01-27,,Active,512.85
REC101411,MCH7215,"Kaul, Purohit and Arora",5311,Department Store,Private Limited,Hyderabad,Telangana,2023-07-10,8944621322,Active,2403.84
REC101412,MCH3299,"Varghese, Tripathi and Ganesh",5999,Miscellaneous Retail,Sole Proprietor,Bengaluru,Karnataka,2023-07-12,,Inactive,2177.34
REC101413,MCH8845,Varkey-Jha,5999,Miscellaneous Retail,Partnership,Kolkata,West Bengal,2024-03-01,,Active,5630.04
REC101414,MCH1255,"Bose, Memon and Luthra",5942,Books & Stationery,Partnership,Pune,Maharashtra,2023-05-27,XXXX6249,Active,1129.38
REC101415,MCH7339,"Purohit, Dhingra and Barman",5411,Grocery Store,Individual,Chennai,Tamil Nadu,2023-08-16,IUQD2113343232449,Active,2247.46
REC101416,MCH2552,"Mukherjee, Iyengar and Deo",5942,Books & Stationery,Partnership,Pune,Maharashtra,2025-03-15,ZRKN1235329280179,Active,3414.98
REC101417,MCH1667,Prashad-Samra,5812,Restaurant,Private Limited,Delhi,Delhi,2025-10-20,XXXX1144,Active,7788.38
REC101418,MCH5970,Babu and Sons,5699,Apparel,Private Limited,Amritsar,Punjab,2025-01-14,,Inactive,2060.67
REC101419,MCH9396,"Solanki, Kara and Saha",7011,Hotel/Lodging,Sole Proprietor,Bengaluru,Karnataka,2024-07-08,XXXX6974,Active,1428.59
REC101420,MCH3683,Mander Group,5411,Grocery Store,Individual,Mumbai,Maharashtra,2023-10-09,3019047562,Active,4247.99
REC101421,MCH8592,Rajagopal-Nagarajan,5912,Pharmacy,Individual,Hyderabad,Telangana,2023-11-20,,Active,1002.86
REC101422,MCH8281,Kakar and Sons,4814,Telecom,Individual,Hyderabad,Telangana,2023-01-12,,Active,968.0
REC101423,MCH9790,Yohannan-Narang,7011,Hotel/Lodging,Private Limited,Lucknow,Uttar Pradesh,2023-01-17,UQCA1861995078274,Active,1704.7
REC101424,MCH4367,"Wason, Chanda and Panchal",5411,Grocery Store,Sole Proprietor,Lucknow,Uttar Pradesh,2023-09-29,QEDA5086052954128,Active,1778.0
REC101425,MCH3679,Kumer LLC,4814,Telecom,Private Limited,Hyderabad,Telangana,2025-12-15,1741377762,Active,587.47
REC101426,MCH7568,Kumer-Gandhi,7011,Hotel/Lodging,Sole Proprietor,Mumbai,Maharashtra,2025-05-23,,Active,1278.0
REC101427,MCH4699,Setty Inc,7011,Hotel/Lodging,Private Limited,Pune,Maharashtra,2025-06-04,XXXX2833,Active,632.27
REC101428,MCH4769,Baral-Peri,5699,Apparel,Individual,Jaipur,Rajasthan,2024-01-14,,Active,
REC101429,MCH6743,"Mistry, Acharya and Rau",5999,Miscellaneous Retail,Private Limited,Kolkata,West Bengal,2025-07-25,XXXX9521,Active,
REC101430,MCH1856,"Sem, Dhawan and Bakshi",5411,Grocery Store,Sole Proprietor,Bengaluru,Karnataka,2023-07-27,9292167540,Suspended,2232.22
REC101431,MCH4050,"Sur, Nori and Golla",5699,Apparel,Sole Proprietor,Mumbai,Maharashtra,2024-04-07,PQHJ7829698736069,Active,577.94
REC101432,MCH5237,"Dave, Sani and Swaminathan",5912,Pharmacy,Partnership,Delhi,Delhi,2026-02-09,5721792105,Hold,1955.24
REC101433,MCH7087,Prashad LLC,5311,Department Store,Partnership,Chennai,Tamil Nadu,2023-05-29,,Active,955.0
REC101434,MCH4510,Bora Ltd,4814,Telecom,Individual,Chennai,Tamil Nadu,2024-04-16,XXXX0375,Active,1583.66
REC101435,MCH8880,Bava Group,7011,Hotel/Lodging,Sole Proprietor,Bengaluru,Karnataka,2025-01-12,,Inactive,3216.0
REC101436,MCH4716,Ahuja-Konda,5411,Grocery Store,Private Limited,Hyderabad,Telangana,2025-05-05,UWUR7932224500135,Active,1206.68
REC101437,MCH4841,"Soman, Chhabra and Rau",5812,Restaurant,Individual,Hyderabad,Telangana,2025-04-06,7481277314,Active,611.25
REC101438,MCH5381,Jaggi and Sons,5311,Department Store,Private Limited,Delhi,Delhi,2025-06-11,,Active,550.97
REC101439,MCH2120,Vohra-Kashyap,4814,Telecom,Individual,Jaipur,Rajasthan,2023-02-23,5716928716,Active,2514.21
REC101440,MCH2183,Savant LLC,4131,Transportation,Sole Proprietor,Delhi,Delhi,,XXXX8842,Active,
REC101441,MCH6722,Bhagat LLC,5999,Miscellaneous Retail,Sole Proprietor,Mumbai,Maharashtra,2023-05-13,,Active,211.13
REC101442,MCH4876,"Dugar, Prasad and Pal",5812,Restaurant,Partnership,Chennai,Tamil Nadu,2023-09-09,XXXX5946,Active,1346.64
REC101443,MCH5902,"Iyer, Pal and Kaur",5311,Department Store,Private Limited,Pune,Maharashtra,2024-08-14,,Active,441.19
REC101444,MCH4113,"Anand, Choudhary and Contractor",5912,Pharmacy,Individual,Chennai,Tamil Nadu,2023-09-07,6952372771,Active,
REC101445,MCH3357,"Batta, Kannan and Srinivas",4814,Telecom,Partnership,Delhi,Delhi,2023-10-27,,Active,2454.25
REC101446,MCH4278,Thakkar-Gupta,5311,Department Store,Private Limited,Amritsar,Punjab,2025-05-31,,Closed,703.48
REC101447,MCH4184,Sachdeva-Kara,5812,Restaurant,Partnership,Jaipur,Rajasthan,2025-02-02,,Active,704.96
REC101448,MCH3846,Nagi-Chacko,5411,Grocery Store,Private Limited,Hyderabad,Telangana,2024-08-21,EAUK5999855393021,Active,1055.18
REC101449,MCH7877,Bajwa Ltd,5942,Books & Stationery,Partnership,Chennai,Tamil Nadu,,2144271582,Active,565.69
REC101450,MCH6840,Saini Group,5411,Grocery Store,Private Limited,Bengaluru,Karnataka,2024-09-15,4326022170,Active,
REC101451,MCH6197,"Koshy, Shah and Ratta",4131,Transportation,Partnership,Bengaluru,Karnataka,2024-03-20,AGMV2642641861544,Active,1491.79
REC101452,MCH9418,Dixit-Ranganathan,5912,Pharmacy,Partnership,Delhi,Delhi,2024-02-24,,Active,1164.23
REC101453,MCH7398,Bhavsar and Sons,5311,Department Store,Sole Proprietor,Chennai,Tamil Nadu,2025-04-24,,Active,6060.9
REC101454,MCH5892,"Dara, Goswami and Purohit",5812,Restaurant,Individual,Bengaluru,Karnataka,2025-02-21,,Active,1175.0
REC101455,MCH9546,"Mohan, Tak and Dhingra",5999,Miscellaneous Retail,Sole Proprietor,Amritsar,Punjab,2024-11-20,XXXX5350,Active,1645.26
REC101456,MCH6122,Som-Seth,4131,Transportation,Individual,Amritsar,Punjab,2023-09-15,,Active,1086.57
REC101457,MCH6986,Shetty Group,4814,Telecom,Private Limited,Bengaluru,Karnataka,2024-09-13,,Active,547.81
REC101458,MCH2750,Rao-Narayanan,5942,Books & Stationery,Individual,Ludhiana,Punjab,2024-05-13,,Active,
REC101459,MCH4688,Venkatesh Group,5942,Books & Stationery,Sole Proprietor,Delhi,Delhi,2024-08-24,TBOZ2931559768114,Suspended,2933.52
REC101460,MCH7197,Raval-Chadha,5812,Restaurant,Individual,Mumbai,Maharashtra,2023-09-25,,Active,218.4
REC101461,MCH6440,Taneja-Mahajan,5311,Department Store,Individual,Jalandhar,Punjab,2025-04-17,2419488462,Active,6682.66
REC101462,MCH6152,Mukhopadhyay PLC,5942,Books & Stationery,Individual,Jaipur,Rajasthan,2025-12-20,OXKW4550087815999,Active,1642.16
REC101463,MCH1227,"Madan, More and Pal",5411,Grocery Store,Sole Proprietor,Hyderabad,Telangana,2025-12-08,3802553962,Active,1078.83
REC101464,MCH7974,Kari Inc,5699,Apparel,Individual,Delhi,Delhi,2023-05-19,QWIC4307587311546,Active,4305.95
REC101465,MCH4770,Mahal-Sood,5411,Grocery Store,Sole Proprietor,Jaipur,Rajasthan,2024-12-17,5162215595,Inactive,489.82
REC101466,MCH7062,"Karpe, Sekhon and Memon",5999,Miscellaneous Retail,Partnership,Chennai,Tamil Nadu,2024-07-18,ERAF1958847105569,Closed,2267.0
REC101467,MCH9949,Lanka Ltd,4131,Transportation,Sole Proprietor,Ludhiana,Punjab,2024-10-08,,Active,4386.14
REC101468,MCH5569,"Thaman, Kar and Dass",5999,Miscellaneous Retail,Sole Proprietor,Mumbai,Maharashtra,2026-01-27,3302815921,Inactive,3592.34
REC101469,MCH5603,Saha-Sahota,5812,Restaurant,Partnership,Mumbai,Maharashtra,2025-09-12,XXXX8202,Active,1242.85
REC101470,MCH2284,Nayak Group,5699,Apparel,Private Limited,Mumbai,Maharashtra,2025-10-01,XXXX8146,Suspended,998.2
REC101471,MCH2727,"Viswanathan, Kamdar and Raman",4814,Telecom,Partnership,Jaipur,Rajasthan,2026-01-22,,Active,2886.2
REC101472,MCH9255,"Hegde, Dass and Sehgal",5699,Apparel,Private Limited,Amritsar,Punjab,2023-07-19,,Active,1054.61
REC101473,MCH2752,Palla LLC,4131,Transportation,Sole Proprietor,Lucknow,Uttar Pradesh,2023-01-13,XXXX1787,Active,69.28
REC101474,MCH1216,Mani Ltd,5999,Miscellaneous Retail,Sole Proprietor,Amritsar,Punjab,2025-04-05,WWHE9096090604868,Active,228.0
REC101475,MCH2550,"Basu, Madan and Chaudry",5999,Miscellaneous Retail,Private Limited,Pune,Maharashtra,2024-10-23,,Active,1412.55
REC101476,MCH7627,Lata-Ray,4131,Transportation,Individual,Mumbai,Maharashtra,2025-05-17,3611125475,Active,1169.55
REC101477,MCH5992,"Anne, Gole and Bhatnagar",5912,Pharmacy,Private Limited,Ludhiana,Punjab,2025-12-31,QOVD2358529671548,Active,1637.97
REC101478,MCH1747,Ray Inc,5812,Restaurant,Sole Proprietor,Pune,Maharashtra,2023-11-04,YGJM1546623351510,Active,115.81
REC101479,MCH9223,D'Alia-Hans,5699,Apparel,Partnership,Chennai,Tamil Nadu,2024-12-09,IGRU6773049024506,Active,376.0
REC101480,MCH4678,"Yogi, Goel and Chaudry",5912,Pharmacy,Sole Proprietor,Amritsar,Punjab,2025-10-11,8030844375,Active,1363.28
REC101481,MCH6170,Ghose-Mann,5999,Miscellaneous Retail,Private Limited,Lucknow,Uttar Pradesh,2023-09-05,5980501724,Active,1120.12
REC101482,MCH4639,Chaudhry-Bath,5912,Pharmacy,Partnership,Jalandhar,Punjab,2023-05-11,XXXX7667,Active,295.45
REC101483,MCH1792,"Suresh, Chada and Mahal",5311,Department Store,Sole Proprietor,Kolkata,West Bengal,2025-03-24,XXXX6459,Active,
REC101484,MCH8952,"Varghese, Korpal and Dora",5912,Pharmacy,Sole Proprietor,Chennai,Tamil Nadu,2024-08-10,,Active,987.96
REC101485,MCH3888,"Gandhi, Cherian and Chhabra",4814,Telecom,Partnership,Hyderabad,Telangana,2025-02-27,8744798624,Active,
REC101486,MCH5488,Chaudry-Garde,5411,Grocery Store,Individual,Kolkata,West Bengal,2023-03-31,,Active,405.0
REC101487,MCH6184,Peri-Rout,4131,Transportation,Sole Proprietor,Mumbai,Maharashtra,,XXXX1239,Active,1637.73
REC101488,MCH2535,Pall-Dugar,5942,Books & Stationery,Private Limited,Mumbai,Maharashtra,2024-08-29,4792112625,Active,978.69
REC101489,MCH5766,Varkey-Datta,4814,Telecom,Private Limited,Mumbai,Maharashtra,2024-02-18,,Active,
REC101490,MCH5019,Parikh Group,4814,Telecom,Partnership,Hyderabad,Telangana,2023-05-07,,Active,1075.9
REC101491,MCH9718,Raval and Sons,5812,Restaurant,Individual,Bengaluru,Karnataka,2026-01-04,6381850074,Active,3311.57
REC101492,MCH5845,Buch PLC,5311,Department Store,Sole Proprietor,Ludhiana,Punjab,2025-09-25,8892986940,Active,1603.87
REC101493,MCH1195,Parekh-Patla,5942,Books & Stationery,Partnership,Ludhiana,Punjab,2023-06-27,,Active,741.86
REC101494,MCH9216,Amble-Thaman,5912,Pharmacy,Partnership,Ludhiana,Punjab,2025-02-10,TRSX1584484080188,Active,2329.15
REC101495,MCH4451,Bansal-Tak,7011,Hotel/Lodging,Individual,Amritsar,Punjab,,,Active,
REC101496,MCH1153,"Oommen, Sastry and Varty",5311,Department Store,Private Limited,Amritsar,Punjab,2024-06-17,XXXX3616,Active,873.51
REC101497,MCH1661,Kothari-Dara,5912,Pharmacy,Partnership,Hyderabad,Telangana,2026-01-16,XXXX7371,Active,
REC101498,MCH6866,Gill-Shere,5942,Books & Stationery,Individual,Kolkata,West Bengal,2025-01-03,XXXX3682,Active,4194.0
REC101499,MCH6392,Golla-Pau,5999,Miscellaneous Retail,Private Limited,Delhi,Delhi,2025-01-04,TXWK8189724291317,Active,471.06
REC101500,MCH8766,Shanker Ltd,5912,Pharmacy,Sole Proprietor,Chennai,Tamil Nadu,2025-07-02,LBCS6149751072464,Active,801.0
REC101501,MCH7724,Kapoor-Parmar,5311,Department Store,Individual,Hyderabad,Telangana,2025-11-30,ULOQ5236477246986,Active,431.71
REC101502,MCH9519,Shere-Banik,5699,Apparel,Sole Proprietor,Lucknow,Uttar Pradesh,2025-07-04,,Active,889.4
REC101503,MCH8427,Sankaran-Rai,5942,Books & Stationery,Sole Proprietor,Hyderabad,Telangana,2023-10-17,ZQGR3907039607264,Active,302.0
REC101504,MCH5442,Sarkar-Prabhu,5311,Department Store,Private Limited,Ludhiana,Punjab,2023-12-19,,Active,3121.0
REC101505,MCH6306,"Ramesh, Viswanathan and Kalita",4131,Transportation,Private Limited,Chennai,Tamil Nadu,2026-01-05,XXXX8991,Active,302.6
REC101506,MCH7661,Pal-Atwal,7011,Hotel/Lodging,Partnership,Kolkata,West Bengal,2024-06-20,LQAC5434478012412,Active,1304.11
REC101507,MCH7371,"Ghose, Handa and Golla",5912,Pharmacy,Individual,Chennai,Tamil Nadu,2025-04-08,DGYJ0066359514769,Active,456.21
REC101508,MCH3753,"Raj, Gole and Bansal",5411,Grocery Store,Private Limited,Jalandhar,Punjab,2024-12-02,XXXX3925,Active,2699.51
REC101509,MCH1336,"Zachariah, Bhattacharyya and Hegde",5699,Apparel,Sole Proprietor,Bengaluru,Karnataka,2024-08-30,DKKL1392349779906,Active,919.0
REC101510,MCH1714,Sampath LLC,5699,Apparel,Partnership,Lucknow,Uttar Pradesh,2026-02-17,6074080748,Active,585.92
REC101511,MCH2214,Varkey-Seshadri,4131,Transportation,Partnership,Delhi,Delhi,2024-12-18,9016212995,Active,
REC101512,MCH7094,"D'Alia, Talwar and Mukherjee",5942,Books & Stationery,Individual,Amritsar,Punjab,2023-02-02,,Active,577.91
REC101513,MCH5442,"Ray, Bajaj and Shetty",5411,Grocery Store,Individual,Pune,Maharashtra,2024-11-01,9826997670,Active,448.9
REC101514,MCH5915,"Solanki, Banik and Badal",4131,Transportation,Individual,Jalandhar,Punjab,2024-10-22,XXXX8472,Active,1488.9
REC101515,MCH6183,"Goel, Swaminathan and Padmanabhan",5411,Grocery Store,Private Limited,Amritsar,Punjab,2025-06-03,4104440790,Active,817.0
REC101516,MCH1625,Handa LLC,5912,Pharmacy,Private Limited,Ludhiana,Punjab,2024-07-27,,Inactive,4123.17
REC101517,MCH8817,Sawhney Ltd,7011,Hotel/Lodging,Individual,Pune,Maharashtra,,,Disabled,495.07
REC101518,MCH2423,"Lad, Kibe and Bora",7011,Hotel/Lodging,Individual,Pune,Maharashtra,2023-10-25,,Closed,2425.0
REC101519,MCH2435,"Devi, Baral and Chander",5942,Books & Stationery,Sole Proprietor,Mumbai,Maharashtra,,5760758509,Active,717.95
REC101520,MCH1653,Mitra Inc,7011,Hotel/Lodging,Sole Proprietor,Chennai,Tamil Nadu,,XXXX9573,Active,1669.53
REC101521,MCH3608,"Raj, Sarin and Sibal",4814,Telecom,Partnership,Jaipur,Rajasthan,2024-12-08,XXXX8045,Disabled,1956.65
REC101522,MCH4184,Dua-Agate,7011,Hotel/Lodging,Partnership,Kolkata,West Bengal,2023-03-24,4629473198,Inactive,1198.31
REC101523,MCH4802,Jain Inc,5411,Grocery Store,Individual,Mumbai,Maharashtra,,WAKX1731194726020,Hold,1158.19
REC101524,MCH1740,"Dhaliwal, Boase and Walla",7011,Hotel/Lodging,Partnership,Pune,Maharashtra,2025-02-09,LCLK0132407508023,Active,903.0
REC101525,MCH1169,Dey-Gupta,5812,Restaurant,Individual,Bengaluru,Karnataka,2023-03-17,0295503532,Active,1427.7
REC101526,MCH5288,"Thaman, Muni and Om",5999,Miscellaneous Retail,Sole Proprietor,Pune,Maharashtra,2023-07-08,7391241084,Active,1015.84
REC101527,MCH6542,Saraf-Dhingra,5311,Department Store,Sole Proprietor,Mumbai,Maharashtra,2023-12-16,UBFA1146451633512,Active,321.72
REC101528,MCH7044,"Anne, Som and Ganesan",7011,Hotel/Lodging,Individual,Jalandhar,Punjab,2025-08-08,XCXH2265403585911,Active,
REC101529,MCH7062,"Upadhyay, Sethi and Tella",5812,Restaurant,Partnership,Amritsar,Punjab,2024-06-03,,Active,84.66
REC101530,MCH1260,Oommen-Jha,5411,Grocery Store,Individual,Delhi,Delhi,,XXXX3006,Active,1093.23
REC101531,MCH3659,Rege-Raja,5942,Books & Stationery,Individual,Amritsar,Punjab,2024-12-27,XXXX6878,Active,
REC101532,MCH3176,Gera Inc,4814,Telecom,Private Limited,Lucknow,Uttar Pradesh,2024-03-10,RGRY9601657474373,Active,1047.58
REC101533,MCH6116,Keer-Shukla,4131,Transportation,Individual,Delhi,Delhi,2025-02-18,5115475557,Active,3651.0
REC101534,MCH4934,Gill LLC,5812,Restaurant,Private Limited,Ludhiana,Punjab,2024-07-29,7355149958,Active,
REC101535,MCH7864,"Joshi, Warrior and Guha",5699,Apparel,Sole Proprietor,Jalandhar,Punjab,2023-10-18,,Active,785.07
REC101536,MCH7842,Johal Ltd,5812,Restaurant,Private Limited,Kolkata,West Bengal,2025-02-06,XXXX0929,Inactive,1856.0
REC101537,MCH4485,Nazareth Inc,5999,Miscellaneous Retail,Individual,Pune,Maharashtra,2023-11-07,6008302979,Hold,1928.18
REC101538,MCH8023,Char-Gala,5699,Apparel,Individual,Chennai,Tamil Nadu,2024-04-04,PWFC1818550515264,Active,837.35
REC101539,MCH9068,Rege-Rao,7011,Hotel/Lodging,Private Limited,Delhi,Delhi,2023-03-09,XKVL5640811556536,Active,
REC101540,MCH8385,Thaker-Hegde,5812,Restaurant,Partnership,Amritsar,Punjab,2024-05-14,,Active,2913.48
REC101541,MCH7413,Uppal-Chaudhry,5311,Department Store,Private Limited,Bengaluru,Karnataka,2024-09-13,3706152456,Active,3645.54
REC101542,MCH5386,"Hari, Handa and Madan",4814,Telecom,Private Limited,Bengaluru,Karnataka,2023-09-27,,Active,682.57
REC101543,MCH3699,Borra and Sons,5942,Books & Stationery,Private Limited,Pune,Maharashtra,2025-12-17,,Inactive,790.7
REC101544,MCH3856,"Sankaran, Anne and Buch",5812,Restaurant,Individual,Kolkata,West Bengal,2025-05-06,XXXX0835,Active,454.0
REC101545,MCH4487,Subramanian-Kannan,4814,Telecom,Private Limited,Jaipur,Rajasthan,2023-03-31,GTMT5663658393677,Active,259.0
REC101546,MCH4983,"Magar, Ratta and Choudhary",5411,Grocery Store,Partnership,Ludhiana,Punjab,2023-07-05,ZMSE7382357273196,Active,617.98
REC101547,MCH1034,Devi-Chaudhari,7011,Hotel/Lodging,Private Limited,Delhi,Delhi,2024-06-17,XXXX9097,Active,243.38
REC101548,MCH9909,Char-Mohanty,5999,Miscellaneous Retail,Partnership,Delhi,Delhi,2023-02-18,4229797435,Active,1739.69
REC101549,MCH9104,Parmar and Sons,5411,Grocery Store,Sole Proprietor,Pune,Maharashtra,,DUAU1962867484687,Active,1913.35
REC101550,MCH1739,Keer Group,5999,Miscellaneous Retail,Individual,Kolkata,West Bengal,2024-02-11,,Active,2619.15
REC101551,MCH5870,Deol Group,4131,Transportation,Sole Proprietor,Chennai,Tamil Nadu,2023-04-02,,Hold,1911.31
REC101552,MCH3274,Sen-Chawla,5311,Department Store,Private Limited,Chennai,Tamil Nadu,2023-02-25,8919947096,Active,
REC101553,MCH8065,Gandhi-Shanker,4131,Transportation,Individual,Lucknow,Uttar Pradesh,2024-07-19,9755596598,Inactive,674.4
REC101554,MCH7622,Banerjee-Raman,5812,Restaurant,Sole Proprietor,Pune,Maharashtra,2023-11-24,,Active,1374.5
REC101555,MCH5270,"Kannan, Goda and Kade",7011,Hotel/Lodging,Individual,Lucknow,Uttar Pradesh,2023-10-13,,Disabled,469.0
REC101556,MCH3835,"Pillai, Ratti and Chaudhuri",4814,Telecom,Partnership,Ludhiana,Punjab,2023-01-15,4590776710,Inactive,6901.65
REC101557,MCH9322,"Khosla, Walia and Deep",5311,Department Store,Partnership,Kolkata,West Bengal,2024-07-15,BPNH2377464616036,Active,1060.15
REC101558,MCH3218,"Keer, Soni and Deshpande",5912,Pharmacy,Sole Proprietor,Mumbai,Maharashtra,2024-03-10,8214766650,Active,3727.56
REC101559,MCH6944,"Ghosh, Hayre and Seth",5699,Apparel,Individual,Jaipur,Rajasthan,2024-06-29,,Inactive,
REC101560,MCH7195,Som and Sons,5999,Miscellaneous Retail,Sole Proprietor,Chennai,Tamil Nadu,2024-10-15,,Active,1440.74
REC101561,MCH8558,"Jha, Bhat and Swaminathan",4814,Telecom,Sole Proprietor,Bengaluru,Karnataka,2024-11-13,,Active,2933.92
REC101562,MCH5974,Padmanabhan LLC,5812,Restaurant,Individual,Lucknow,Uttar Pradesh,2023-03-11,XXXX9484,Active,1194.0
REC101563,MCH6783,"Deep, Pall and Suri",5912,Pharmacy,Individual,Lucknow,Uttar Pradesh,2025-11-28,,Active,1131.0
REC101564,MCH5745,"Mahal, Gokhale and Shah",5699,Apparel,Sole Proprietor,Lucknow,Uttar Pradesh,2023-05-04,XXXX1251,Active,1104.0
REC101565,MCH5576,Oza PLC,4131,Transportation,Sole Proprietor,Bengaluru,Karnataka,2024-07-27,XXXX6114,Active,
REC101566,MCH2503,Ravel PLC,4814,Telecom,Individual,Kolkata,West Bengal,2025-03-10,5029689598,Active,858.0
REC101567,MCH2102,"Mand, Bobal and Saini",5812,Restaurant,Individual,Ludhiana,Punjab,2024-04-25,,Active,
REC101568,MCH7089,"Reddy, Dua and Trivedi",5912,Pharmacy,Private Limited,Kolkata,West Bengal,2023-08-03,LAWF4141310421548,Inactive,819.59
REC101569,MCH1077,Mitter and Sons,5812,Restaurant,Individual,Chennai,Tamil Nadu,2026-01-12,,Inactive,606.84
REC101570,MCH8150,Hegde-Doctor,5912,Pharmacy,Partnership,Pune,Maharashtra,2023-11-02,MNHK7085418913677,Active,1430.0
REC101571,MCH4102,Om Ltd,4814,Telecom,Private Limited,Bengaluru,Karnataka,2023-03-20,,Active,1056.57
REC101572,MCH7750,"Rama, Garde and Ravi",4131,Transportation,Partnership,Bengaluru,Karnataka,2025-01-22,XXXX7708,Active,1271.38
REC101573,MCH8614,Basu-Gola,4131,Transportation,Partnership,Pune,Maharashtra,2026-01-08,XXXX7777,Active,1454.86
REC101574,MCH3081,"Anne, Choudhry and Nanda",5912,Pharmacy,Partnership,Hyderabad,Telangana,2024-12-23,4317690840,Active,590.0
REC101575,MCH9125,"Mallick, Walia and Kanda",5311,Department Store,Partnership,Chennai,Tamil Nadu,2023-10-21,,Active,3007.21
REC101576,MCH6641,Sunder-Taneja,5411,Grocery Store,Individual,Kolkata,West Bengal,2025-12-24,,Active,126.11
REC101577,MCH1750,Ravi-Dhar,4814,Telecom,Sole Proprietor,Ludhiana,Punjab,2023-10-12,,Active,
REC101578,MCH6743,"Mistry, Acharya and Rau",5999,Miscellaneous Retail,Private Limited,Kolkata,West Bengal,2025-07-25,XXXX9521,Inactive,
REC101579,MCH4230,Jha Group,5912,Pharmacy,Private Limited,Jaipur,Rajasthan,,XXXX6774,Active,911.06
REC101580,MCH3761,"Bal, Mittal and Prabhakar",5999,Miscellaneous Retail,Private Limited,Pune,Maharashtra,2025-06-11,,Active,6900.33
REC101581,MCH1839,Krish Group,5411,Grocery Store,Sole Proprietor,Jalandhar,Punjab,2024-01-29,,Active,1503.47
REC101582,MCH6959,"Agrawal, Bhatt and Babu",7011,Hotel/Lodging,Partnership,Lucknow,Uttar Pradesh,2024-05-24,,Active,611.31
REC101583,MCH7383,Mannan Ltd,5999,Miscellaneous Retail,Individual,Jalandhar,Punjab,,,Active,2867.55
REC101584,MCH8770,Mani-Mutti,5999,Miscellaneous Retail,Sole Proprietor,Delhi,Delhi,2023-04-07,XXXX8061,Active,379.0
REC101585,MCH8755,"Biswas, Divan and Sachdeva",7011,Hotel/Lodging,Private Limited,Chennai,Tamil Nadu,2025-07-25,1014752136,Hold,2277.32
REC101586,MCH5370,Shenoy Ltd,5912,Pharmacy,Private Limited,Hyderabad,Telangana,2023-06-26,XXXX5771,Active,1465.66
REC101587,MCH8490,Sekhon-Chadha,5699,Apparel,Sole Proprietor,Delhi,Delhi,2024-06-28,XXXX6195,Closed,
REC101588,MCH8645,"Desai, Agarwal and Handa",4814,Telecom,Individual,Ludhiana,Punjab,2024-03-31,,Active,1177.09
REC101589,MCH1706,Merchant-Dhar,5942,Books & Stationery,Private Limited,Amritsar,Punjab,2023-05-25,,Active,954.61
REC101590,MCH3395,Merchant-Johal,4131,Transportation,Individual,Lucknow,Uttar Pradesh,,MDBK0638673035972,Active,2176.33
REC101591,MCH1430,"Bhavsar, Dora and Singh",5812,Restaurant,Private Limited,Delhi,Delhi,2024-03-07,,Active,238.76
REC101592,MCH8037,Srinivas Ltd,4131,Transportation,Individual,Pune,Maharashtra,2023-01-14,,Blocked,671.2
REC101593,MCH2384,Dugar-Sathe,4814,Telecom,Partnership,Ludhiana,Punjab,2023-10-01,9586840707,Active,7203.05
REC101594,MCH3701,Mand-Bhat,5999,Miscellaneous Retail,Sole Proprietor,Lucknow,Uttar Pradesh,2024-05-07,3078444164,Closed,231.29
REC101595,MCH3869,Hegde Ltd,5311,Department Store,Partnership,Pune,Maharashtra,2026-01-28,,Active,
REC101596,MCH4621,Ravel-Chaudhuri,5942,Books & Stationery,Private Limited,Delhi,Delhi,2024-08-04,RGWL4221508668071,Active,
REC101597,MCH5676,Kohli-Bir,4814,Telecom,Private Limited,Lucknow,Uttar Pradesh,2024-04-29,XXXX1129,Active,
REC101598,MCH5390,"Choudhry, Dube and Morar",4131,Transportation,Partnership,Ludhiana,Punjab,2024-08-26,,Active,420.78
REC101599,MCH2704,Sengupta-Sarin,5699,Apparel,Private Limited,Pune,Maharashtra,2023-03-08,TSWF3138170868556,Active,2593.67
REC101600,MCH1479,"Mandal, Barad and Srinivasan",5942,Books & Stationery,Partnership,Kolkata,West Bengal,2025-07-27,XXXX4686,Active,
REC101601,MCH3449,"Sundaram, Dasgupta and Dutt",5999,Miscellaneous Retail,Individual,Chennai,Tamil Nadu,2025-06-14,9645543739,Inactive,436.0
REC101602,MCH9416,Kulkarni and Sons,5411,Grocery Store,Partnership,Mumbai,Maharashtra,2024-12-13,0558936473,Active,755.0
REC101603,MCH4747,Issac PLC,4131,Transportation,Private Limited,Mumbai,Maharashtra,2023-07-07,3874952784,Closed,
REC101604,MCH7003,"Dutt, Sachdeva and Sridhar",5999,Miscellaneous Retail,Individual,Lucknow,Uttar Pradesh,2025-04-30,7336401497,Disabled,418.71
REC101605,MCH3123,"Hegde, Bahl and Comar",4131,Transportation,Private Limited,Delhi,Delhi,2023-06-01,0540867962,Active,2133.64
REC101606,MCH5905,"Hayer, Char and Jain",5999,Miscellaneous Retail,Private Limited,Pune,Maharashtra,2025-03-01,,Active,2191.84
REC101607,MCH5737,Ben Inc,5699,Apparel,Individual,Ludhiana,Punjab,2023-06-13,3336843959,Inactive,
REC101608,MCH8076,"Sani, Sanghvi and Butala",5311,Department Store,Individual,Ludhiana,Punjab,2024-07-02,9096281984,Active,470.52
REC101609,MCH4691,"Deshmukh, Pant and Garg",7011,Hotel/Lodging,Sole Proprietor,Bengaluru,Karnataka,2025-05-10,,Active,2116.48
REC101610,MCH9092,Mall-Deshpande,7011,Hotel/Lodging,Partnership,Delhi,Delhi,2025-12-26,JMDU2866891583451,Inactive,1485.1
REC101611,MCH9857,Mitra-Bala,5311,Department Store,Partnership,Bengaluru,Karnataka,2024-01-15,7322976024,Active,507.74
REC101612,MCH9056,"Misra, Kalita and Kapur",5942,Books & Stationery,Private Limited,Lucknow,Uttar Pradesh,2023-06-17,0830352688,Active,497.59
REC101613,MCH9733,Sathe-Hari,4131,Transportation,Partnership,Bengaluru,Karnataka,2025-09-24,,Active,1033.79
REC101614,MCH7489,Sridhar PLC,5999,Miscellaneous Retail,Individual,Bengaluru,Karnataka,2024-09-15,,Active,990.64
REC101615,MCH8297,Ghose PLC,4131,Transportation,Partnership,Kolkata,West Bengal,2024-12-02,XXXX1368,Active,1408.64
REC101616,MCH3733,Ramakrishnan-Chaudhuri,7011,Hotel/Lodging,Sole Proprietor,Amritsar,Punjab,2025-03-15,,Active,1213.25
REC101617,MCH9940,"Thakur, Chokshi and Char",5699,Apparel,Sole Proprietor,Jalandhar,Punjab,2023-01-16,,Active,1656.0
REC101618,MCH3284,Lal and Sons,4814,Telecom,Private Limited,Ludhiana,Punjab,2024-02-18,XXXX5805,Closed,3943.29
REC101619,MCH4068,Balakrishnan Inc,4814,Telecom,Individual,Jalandhar,Punjab,2024-11-23,,Active,1322.89
REC101620,MCH5938,Prabhu LLC,5999,Miscellaneous Retail,Sole Proprietor,Jalandhar,Punjab,2024-10-16,,Active,590.79
REC101621,MCH4968,Choudhry Inc,4814,Telecom,Partnership,Jaipur,Rajasthan,,7588932286,Active,1122.44
REC101622,MCH8844,"Lad, Walia and Raj",5912,Pharmacy,Individual,Ludhiana,Punjab,2025-11-26,5044649266,Active,
REC101623,MCH8312,"Ramanathan, Andra and Sarma",5912,Pharmacy,Partnership,Lucknow,Uttar Pradesh,2023-02-20,XXXX8360,Active,
REC101624,MCH5968,"Soman, Issac and Goswami",5311,Department Store,Private Limited,Jalandhar,Punjab,2025-10-16,2039525092,Active,5598.75
REC101625,MCH9004,Vaidya-Subramanian,5912,Pharmacy,Private Limited,Ludhiana,Punjab,2025-03-08,UZFO1636955430005,Suspended,
REC101626,MCH6044,Narain-Srivastava,7011,Hotel/Lodging,Sole Proprietor,Hyderabad,Telangana,2026-02-11,,Active,141.65
REC101627,MCH4413,"Parekh, Kade and Talwar",5699,Apparel,Sole Proprietor,Lucknow,Uttar Pradesh,2025-12-11,9207485110,Active,
REC101628,MCH3779,Aggarwal-Hans,5311,Department Store,Private Limited,Kolkata,West Bengal,2024-12-04,VKLU5024337304270,Active,
REC101629,MCH8198,Buch-Sengupta,5311,Department Store,Individual,Kolkata,West Bengal,2023-01-18,,Inactive,2004.67
REC101630,MCH4133,Buch-Hayre,5912,Pharmacy,Partnership,Kolkata,West Bengal,2024-02-16,,Hold,
REC101631,MCH6816,Muni-Bakshi,5942,Books & Stationery,Private Limited,Mumbai,Maharashtra,2025-10-19,3427916602,Suspended,1412.92
REC101632,MCH1142,Morar LLC,5999,Miscellaneous Retail,Sole Proprietor,Jalandhar,Punjab,,,Active,
REC101633,MCH7568,"Chokshi, Lall and Subramaniam",4131,Transportation,Individual,Amritsar,Punjab,2025-11-15,XXXX4056,Active,
REC101634,MCH6970,Mani-Sankaran,5411,Grocery Store,Partnership,Delhi,Delhi,2024-09-25,8930276730,Active,511.17
REC101635,MCH8338,Basu Ltd,5812,Restaurant,Private Limited,Pune,Maharashtra,2025-06-21,XXXX2977,Active,279.5
REC101636,MCH8189,Bajaj-Sura,4131,Transportation,Sole Proprietor,Delhi,Delhi,2023-01-31,,Active,1010.26
REC101637,MCH6551,Kala LLC,4131,Transportation,Private Limited,Jaipur,Rajasthan,2025-09-11,,Active,
REC101638,MCH8823,Subramanian Inc,5699,Apparel,Partnership,Mumbai,Maharashtra,2024-01-31,XXXX6614,Suspended,523.43
REC101639,MCH8140,"Chokshi, Johal and Sachdeva",5812,Restaurant,Sole Proprietor,Kolkata,West Bengal,2024-08-24,,Active,1136.04
REC101640,MCH7688,"Kata, Bobal and Basu",5912,Pharmacy,Sole Proprietor,Ludhiana,Punjab,2025-07-29,7749062073,Active,3346.0
REC101641,MCH8673,"Bahl, Chopra and Jaggi",5942,Books & Stationery,Sole Proprietor,Amritsar,Punjab,2024-11-16,,Active,1166.72
REC101642,MCH3393,"Panchal, Mistry and Sawhney",5411,Grocery Store,Sole Proprietor,Amritsar,Punjab,,,Active,612.0
REC101643,MCH2923,Bahri PLC,5912,Pharmacy,Sole Proprietor,Bengaluru,Karnataka,2024-11-11,,Active,1195.19
REC101644,MCH2887,Rau-Saha,5699,Apparel,Sole Proprietor,Delhi,Delhi,2023-08-17,XXXX7555,Active,
REC101645,MCH1973,"Walia, Khatri and Saha",5942,Books & Stationery,Sole Proprietor,Lucknow,Uttar Pradesh,2025-11-16,2944514975,Active,
REC101646,MCH6729,Sharma and Sons,5311,Department Store,Partnership,Amritsar,Punjab,2023-01-27,,Active,442.47
REC101647,MCH3652,Varghese PLC,5999,Miscellaneous Retail,Partnership,Ludhiana,Punjab,,,Active,2254.0
REC101648,MCH6741,Parikh-Bhatt,7011,Hotel/Lodging,Partnership,Delhi,Delhi,2025-06-20,,Hold,664.53
REC101649,MCH9450,"Bahl, Varughese and Char",4814,Telecom,Partnership,Pune,Maharashtra,2023-06-22,RGOX3327381847596,Active,260.0
REC101650,MCH8066,Bandi-Zacharia,4814,Telecom,Individual,Pune,Maharashtra,,2423721940,Active,10687.04
REC101651,MCH2910,"Anand, Bhatia and Bora",5942,Books & Stationery,Partnership,Pune,Maharashtra,2024-07-27,,Active,759.28
REC101652,MCH6656,Uppal LLC,5812,Restaurant,Individual,Ludhiana,Punjab,2023-10-11,XXXX4591,Active,488.8
REC101653,MCH5674,"Chhabra, Samra and Ghosh",4131,Transportation,Partnership,Mumbai,Maharashtra,,,Active,1727.77
REC101654,MCH3563,Devi-Dasgupta,4131,Transportation,Partnership,Jalandhar,Punjab,2023-08-09,,Active,418.41
REC101655,MCH4712,"Gulati, Koshy and Purohit",5812,Restaurant,Individual,Lucknow,Uttar Pradesh,2023-06-13,,Hold,576.59
REC101656,MCH9371,Mand-Oommen,5411,Grocery Store,Private Limited,Chennai,Tamil Nadu,2023-11-11,,Active,284.42
REC101657,MCH1227,Shah and Sons,5699,Apparel,Private Limited,Lucknow,Uttar Pradesh,2023-07-01,,Active,1660.63
REC101658,MCH7443,Chander-Manda,4131,Transportation,Private Limited,Delhi,Delhi,2024-03-27,,Active,1371.0
REC101659,MCH3896,"Bansal, Thakkar and Dar",5942,Books & Stationery,Sole Proprietor,Bengaluru,Karnataka,2023-04-20,HRLW3110428710394,Active,
REC101660,MCH3659,Samra Inc,5812,Restaurant,Individual,Chennai,Tamil Nadu,2023-04-11,3971816049,Active,2958.27
REC101661,MCH4836,"Sidhu, Krish and Wadhwa",5812,Restaurant,Individual,Pune,Maharashtra,2025-11-15,OUBF1585452700403,Active,431.0
REC101662,MCH1349,Verma-Rastogi,5942,Books & Stationery,Partnership,Mumbai,Maharashtra,2024-12-30,0030472757,Suspended,1183.3
REC101663,MCH6062,"Suresh, Kibe and Salvi",5311,Department Store,Private Limited,Amritsar,Punjab,2023-11-27,XXXX9135,Active,3660.19
REC101664,MCH9176,Jayaraman PLC,5311,Department Store,Private Limited,Jalandhar,Punjab,2025-08-16,,Suspended,609.42
REC101665,MCH1395,Venkatesh LLC,5812,Restaurant,Partnership,Lucknow,Uttar Pradesh,2023-04-16,2640758547,Active,641.0
REC101666,MCH3907,"Goswami, Chaudhary and Nanda",4814,Telecom,Individual,Ludhiana,Punjab,2025-06-13,,Active,552.22
REC101667,MCH6598,"Sachar, Thakkar and Sachar",5699,Apparel,Private Limited,Amritsar,Punjab,2024-01-26,FGUE5705085368360,Active,421.0
REC101668,MCH8869,Tella-Roy,5912,Pharmacy,Sole Proprietor,Ludhiana,Punjab,2025-05-17,3757131975,Active,618.72
REC101669,MCH9037,Varty-Vaidya,4131,Transportation,Private Limited,Jalandhar,Punjab,2023-04-17,XXXX4749,Active,2383.02
REC101670,MCH8210,"Dave, Bath and Cherian",4131,Transportation,Sole Proprietor,Hyderabad,Telangana,2025-04-10,2958672318,Active,3204.47
REC101671,MCH5850,Virk-Loke,5699,Apparel,Partnership,Mumbai,Maharashtra,,QOYF2667573006038,Active,3558.0
REC101672,MCH8945,"Deol, Pant and Parekh",4814,Telecom,Sole Proprietor,Amritsar,Punjab,2026-01-18,,Active,707.94
REC101673,MCH9402,Vyas-Nath,5812,Restaurant,Private Limited,Lucknow,Uttar Pradesh,2023-09-18,,Active,
REC101674,MCH1769,"Jha, Samra and Jhaveri",5311,Department Store,Private Limited,Mumbai,Maharashtra,2023-10-20,XXXX5444,Active,522.35
REC101675,MCH1011,Wable and Sons,5411,Grocery Store,Private Limited,Ludhiana,Punjab,2023-11-02,,Active,6536.07
REC101676,MCH2875,Chander-Parmer,5311,Department Store,Partnership,Ludhiana,Punjab,2024-11-12,XXXX0207,Active,351.55
REC101677,MCH4097,Venkataraman PLC,5912,Pharmacy,Sole Proprietor,Bengaluru,Karnataka,2025-05-25,,Active,405.21
REC101678,MCH5648,Jain-Bera,5912,Pharmacy,Sole Proprietor,Ludhiana,Punjab,,,Active,1745.3
REC101679,MCH2229,Maharaj Group,5999,Miscellaneous Retail,Private Limited,Hyderabad,Telangana,2025-12-12,,Active,289.57
REC101680,MCH8455,Chauhan-Raju,5311,Department Store,Private Limited,Pune,Maharashtra,2023-03-29,5585488676,Active,1832.78
REC101681,MCH7020,Dalal LLC,5311,Department Store,Partnership,Chennai,Tamil Nadu,2023-10-01,,Active,1105.4
REC101682,MCH6783,Raju Group,5812,Restaurant,Individual,Mumbai,Maharashtra,2025-05-17,XXXX7297,Active,
REC101683,MCH8029,"Gokhale, Varughese and Dube",5311,Department Store,Sole Proprietor,Hyderabad,Telangana,2025-12-21,GRPS2021500015035,Active,973.0
REC101684,MCH2309,Tripathi PLC,5411,Grocery Store,Individual,Jaipur,Rajasthan,2025-12-22,5026901266,Active,869.28
REC101685,MCH7239,"Trivedi, Ramesh and Prabhakar",5699,Apparel,Sole Proprietor,Lucknow,Uttar Pradesh,2026-02-23,,Active,
REC101686,MCH9957,"Choudhury, Doctor and Das",5942,Books & Stationery,Partnership,Jalandhar,Punjab,2023-03-15,XXXX1369,Active,
REC101687,MCH7266,Sule PLC,5812,Restaurant,Partnership,Jaipur,Rajasthan,2025-08-30,XXXX3283,Active,
REC101688,MCH1971,"Batta, Lal and Wason",5699,Apparel,Private Limited,Mumbai,Maharashtra,2025-10-12,,Active,854.92
REC101689,MCH7912,"Dewan, Tak and Subramanian",5912,Pharmacy,Partnership,Chennai,Tamil Nadu,2025-01-17,XOLJ5859104474839,Active,
REC101690,MCH7639,Dewan-Ravi,5699,Apparel,Partnership,Kolkata,West Bengal,2023-07-31,XXXX1970,Active,
REC101691,MCH2045,Nadig-Bal,5699,Apparel,Private Limited,Pune,Maharashtra,2024-02-05,,Active,
REC101692,MCH6755,Subramaniam Inc,7011,Hotel/Lodging,Partnership,Delhi,Delhi,2024-03-23,,Active,1535.05
REC101693,MCH3675,Grewal and Sons,4814,Telecom,Private Limited,Pune,Maharashtra,2025-10-19,YCGE0713459513460,Inactive,263.38
REC101694,MCH9458,"Basak, Natarajan and Golla",4814,Telecom,Individual,Mumbai,Maharashtra,2024-06-10,ROVV3982446480189,Active,1528.67
REC101695,MCH5953,"Sandhu, Srinivas and Thakur",5699,Apparel,Private Limited,Amritsar,Punjab,2023-09-10,TMUQ0408880729796,Active,3101.03
REC101696,MCH2726,"Chawla, Tata and Chander",5699,Apparel,Partnership,Chennai,Tamil Nadu,2025-10-11,XXXX2870,Closed,2102.32
REC101697,MCH6720,"Dhingra, Shukla and Edwin",5912,Pharmacy,Partnership,Amritsar,Punjab,2025-08-07,XXXX5057,Active,638.0
REC101698,MCH6148,"Sem, Aggarwal and Uppal",5311,Department Store,Sole Proprietor,Lucknow,Uttar Pradesh,2025-11-29,8892638195,Disabled,3148.18
REC101699,MCH6477,Gopal-Dewan,5699,Apparel,Sole Proprietor,Mumbai,Maharashtra,2025-12-20,GNKM1008209861483,Active,1828.26
REC101700,MCH2535,Mody-Grewal,5699,Apparel,Sole Proprietor,Mumbai,Maharashtra,2026-02-11,XXXX4471,Active,1997.41
REC101701,MCH8055,Sankaran-Sachar,5999,Miscellaneous Retail,Private Limited,Ludhiana,Punjab,2023-11-11,UKDK6406633609762,Active,1036.97
REC101702,MCH5070,Krishnan Group,4814,Telecom,Partnership,Delhi,Delhi,2024-06-18,,Active,1597.64
REC101703,MCH8693,Mukhopadhyay-Rama,5411,Grocery Store,Individual,Lucknow,Uttar Pradesh,2024-10-07,XXXX9284,Active,406.79
REC101704,MCH6152,"Hayer, Jha and Tata",5411,Grocery Store,Private Limited,Lucknow,Uttar Pradesh,2025-06-23,6225747550,Active,2396.0
REC101705,MCH5780,Tara-Palan,5699,Apparel,Individual,Bengaluru,Karnataka,2024-01-11,,Active,1736.15
REC101706,MCH6392,Thaman Ltd,7011,Hotel/Lodging,Partnership,Kolkata,West Bengal,2023-08-03,1989029067,Active,691.37
REC101707,MCH6107,Pillay LLC,5999,Miscellaneous Retail,Sole Proprietor,Jalandhar,Punjab,2024-06-27,COEO9019476576214,Active,1844.34
REC101708,MCH7627,Chanda-Murty,5812,Restaurant,Partnership,Jaipur,Rajasthan,2024-10-15,,Active,3236.88
REC101709,MCH4822,Sama-Keer,4131,Transportation,Private Limited,Hyderabad,Telangana,2025-08-07,,Active,736.6
REC101710,MCH7868,Ahluwalia Inc,5812,Restaurant,Private Limited,Hyderabad,Telangana,2023-02-24,AZWU9148172427914,Inactive,
REC101711,MCH8384,"Tella, Batra and Baral",5311,Department Store,Individual,Jalandhar,Punjab,2023-04-08,,Active,
REC101712,MCH8344,Purohit-Ravi,5311,Department Store,Private Limited,Pune,Maharashtra,2023-09-04,,Active,337.58
REC101713,MCH5599,Peri-Bhatti,5942,Books & Stationery,Individual,Mumbai,Maharashtra,2023-06-06,,Active,8103.17
REC101714,MCH7767,Nadkarni-Pathak,7011,Hotel/Lodging,Individual,Chennai,Tamil Nadu,2025-07-10,,Active,3595.48
REC101715,MCH7024,Gandhi-Kunda,5942,Books & Stationery,Private Limited,Lucknow,Uttar Pradesh,2024-04-22,,Active,184.56
REC101716,MCH4361,Shukla-Venkatesh,5699,Apparel,Partnership,Pune,Maharashtra,2023-08-31,,Active,714.55
REC101717,MCH2814,"Sani, Khare and Ramachandran",5912,Pharmacy,Partnership,Jalandhar,Punjab,2024-02-24,XXXX1070,Active,1581.52
REC101718,MCH3659,Choudhary-Sama,5912,Pharmacy,Sole Proprietor,Chennai,Tamil Nadu,2024-06-13,XXXX0305,Inactive,1376.76
REC101719,MCH7162,"Sankar, Muni and Mandal",5942,Books & Stationery,Sole Proprietor,Jalandhar,Punjab,2023-01-14,TTSV7753870906383,Active,4267.24
REC101720,MCH4163,Kamdar-Jhaveri,7011,Hotel/Lodging,Sole Proprietor,Jalandhar,Punjab,,,Active,390.74
REC101721,MCH1262,Char Inc,4814,Telecom,Individual,Pune,Maharashtra,2025-06-28,4484109203,Active,489.52
REC101722,MCH6441,"Konda, Swaminathan and Patel",4814,Telecom,Individual,Lucknow,Uttar Pradesh,2025-01-30,6182390542,Active,
REC101723,MCH1563,Mandal-Biswas,4814,Telecom,Partnership,Jaipur,Rajasthan,2023-11-10,5466191568,Suspended,
REC101724,MCH7635,Pant and Sons,7011,Hotel/Lodging,Individual,Jalandhar,Punjab,2023-03-04,7323981612,Active,4941.43
REC101725,MCH4021,"Balakrishnan, Mistry and Vig",5912,Pharmacy,Individual,Hyderabad,Telangana,2025-04-12,4335587264,Active,1395.91
REC101726,MCH9036,Cherian LLC,5699,Apparel,Sole Proprietor,Ludhiana,Punjab,2023-05-17,XXXX5926,Active,928.81
REC101727,MCH7366,"Shetty, Pall and Pillay",5699,Apparel,Partnership,Delhi,Delhi,2024-01-14,,Active,
REC101728,MCH6947,Sen LLC,5912,Pharmacy,Individual,Hyderabad,Telangana,2025-05-29,0155753762,Active,820.37
REC101729,MCH2463,"Pillai, Tank and Das",7011,Hotel/Lodging,Sole Proprietor,Chennai,Tamil Nadu,2025-08-13,1687933229,Active,1834.3
REC101730,MCH2157,"Ramaswamy, Sundaram and Sachdev",4131,Transportation,Individual,Hyderabad,Telangana,2023-05-25,,Active,1899.0
REC101731,MCH2829,Narain Ltd,5999,Miscellaneous Retail,Sole Proprietor,Bengaluru,Karnataka,2023-02-15,,Active,1912.36
REC101732,MCH9237,Gokhale Inc,5912,Pharmacy,Private Limited,Ludhiana,Punjab,2025-09-28,LPZT4038353121229,Active,1901.54
REC101733,MCH8365,"Luthra, Kota and Choudhary",5311,Department Store,Private Limited,Amritsar,Punjab,2024-10-17,,Inactive,
REC101734,MCH6832,"Chaudry, Barman and Patla",5812,Restaurant,Sole Proprietor,Lucknow,Uttar Pradesh,2024-09-03,3762925357,Inactive,617.14
REC101735,MCH6512,"Sagar, Deep and Rao",4814,Telecom,Sole Proprietor,Hyderabad,Telangana,2025-01-11,1702999144,Active,
REC101736,MCH1630,Yogi-Agate,5942,Books & Stationery,Partnership,Kolkata,West Bengal,2023-10-31,XXXX1041,Active,444.27
REC101737,MCH4191,"Mangal, Seshadri and Kakar",5699,Apparel,Private Limited,Pune,Maharashtra,2024-01-26,,Active,1192.21
REC101738,MCH6854,Singh-Pandya,5942,Books & Stationery,Partnership,Amritsar,Punjab,2023-07-22,,Active,353.0
REC101739,MCH3893,Dhingra-Chaudhuri,5912,Pharmacy,Sole Proprietor,Chennai,Tamil Nadu,2025-08-03,XXXX2466,Active,2445.5
REC101740,MCH9728,"Dass, Sengupta and Halder",5411,Grocery Store,Sole Proprietor,Chennai,Tamil Nadu,2024-10-29,,Active,6287.55
REC101741,MCH7951,Peri Group,7011,Hotel/Lodging,Sole Proprietor,Jaipur,Rajasthan,2024-02-21,,Active,
REC101742,MCH7600,Bora Inc,5999,Miscellaneous Retail,Private Limited,Jalandhar,Punjab,2025-01-09,,Active,582.46
REC101743,MCH8832,"Korpal, Dugar and Grover",5411,Grocery Store,Individual,Ludhiana,Punjab,2025-10-27,XXXX3528,Active,2140.7
REC101744,MCH9979,"Bandi, Gupta and Sarma",4131,Transportation,Private Limited,Ludhiana,Punjab,2023-04-13,,Blocked,
REC101745,MCH9514,Prakash Group,5912,Pharmacy,Partnership,Lucknow,Uttar Pradesh,2024-10-06,XXXX7878,Inactive,2338.36
REC101746,MCH1540,Mohan-Hegde,5912,Pharmacy,Individual,Mumbai,Maharashtra,2023-02-15,,Inactive,2002.37
REC101747,MCH8838,"Kala, Sidhu and Kuruvilla",5912,Pharmacy,Partnership,Chennai,Tamil Nadu,2023-02-11,,Inactive,593.62
REC101748,MCH5980,Misra-Ganguly,4131,Transportation,Individual,Kolkata,West Bengal,2025-08-13,XXXX2799,Active,2762.0
REC101749,MCH4261,"Kar, Krishnan and Nadig",5411,Grocery Store,Partnership,Mumbai,Maharashtra,2024-10-07,,Active,1395.9
REC101750,MCH1439,Chawla Ltd,4131,Transportation,Individual,Chennai,Tamil Nadu,2023-05-10,OYZO1535504454366,Active,6190.53
REC101751,MCH9128,"Vig, Menon and Prabhakar",5942,Books & Stationery,Sole Proprietor,Delhi,Delhi,2023-08-30,ROAG7230893964425,Active,594.0
REC101752,MCH4781,Pillai Group,5311,Department Store,Individual,Jalandhar,Punjab,2023-03-20,,Active,541.83
REC101753,MCH8545,Taneja and Sons,5411,Grocery Store,Private Limited,Jaipur,Rajasthan,2025-07-06,,Active,1926.0
REC101754,MCH9584,Kakar PLC,5812,Restaurant,Individual,Pune,Maharashtra,2024-05-13,FJCP5342966624704,Disabled,653.19
REC101755,MCH8048,"Kaul, Master and Deo",4814,Telecom,Individual,Hyderabad,Telangana,2025-02-15,XXXX6691,Active,2683.93
REC101756,MCH9803,Rastogi Ltd,5942,Books & Stationery,Partnership,Jaipur,Rajasthan,2025-01-29,,Active,3135.89
REC101757,MCH6361,"Saran, Dhar and Chaudhry",7011,Hotel/Lodging,Sole Proprietor,Delhi,Delhi,2023-04-18,9705258117,Active,701.89
REC101758,MCH5594,Anne Ltd,4814,Telecom,Private Limited,Hyderabad,Telangana,2024-03-16,7934234539,Active,1557.37
REC101759,MCH7687,Pant-Mukherjee,5999,Miscellaneous Retail,Partnership,Hyderabad,Telangana,2023-08-15,0561782434,Active,
REC101760,MCH7279,Das PLC,5999,Miscellaneous Retail,Partnership,Jaipur,Rajasthan,,WTVS1342257023005,Active,1157.26
REC101761,MCH9609,"Taneja, Parsa and Chaudhry",4814,Telecom,Private Limited,Mumbai,Maharashtra,2024-09-15,,Active,501.49
REC101762,MCH2753,"Karan, Ganguly and Desai",5999,Miscellaneous Retail,Private Limited,Amritsar,Punjab,2023-03-31,,Active,1254.6
REC101763,MCH3955,"Dutta, Boase and Jha",5812,Restaurant,Partnership,Jaipur,Rajasthan,,7839475828,Inactive,935.24
REC101764,MCH1380,Mahal-Khare,5999,Miscellaneous Retail,Private Limited,Mumbai,Maharashtra,2025-02-23,TLPQ4078335945068,Active,3004.0
REC101765,MCH5898,Virk-Mani,5699,Apparel,Partnership,Delhi,Delhi,2025-08-23,1987474945,Active,2502.05
REC101766,MCH5900,Sarraf-Nagar,5912,Pharmacy,Sole Proprietor,Kolkata,West Bengal,2024-03-23,0859371893,Active,380.94
REC101767,MCH6718,Chaudry-Ramachandran,4814,Telecom,Individual,Lucknow,Uttar Pradesh,2024-07-19,XXXX5658,Active,1635.83
REC101768,MCH9002,Manne Ltd,5311,Department Store,Partnership,Amritsar,Punjab,2023-04-11,XXXX2471,Active,2336.66
REC101769,MCH9732,Pal-Kaur,5699,Apparel,Individual,Jalandhar,Punjab,2023-06-25,2545195064,Active,1508.45
REC101770,MCH4706,Ghosh-Tailor,5912,Pharmacy,Partnership,Chennai,Tamil Nadu,2025-07-17,,Active,418.32
REC101771,MCH3219,Aggarwal Group,5311,Department Store,Partnership,Lucknow,Uttar Pradesh,2025-08-29,RNPG2912069741191,Active,1058.64
REC101772,MCH4330,"Viswanathan, Morar and Barad",4131,Transportation,Individual,Jalandhar,Punjab,2023-10-04,,Active,151.73
REC101773,MCH2842,Anne Ltd,5699,Apparel,Partnership,Delhi,Delhi,2023-03-04,,Active,1642.14
REC101774,MCH2684,Barad-Jaggi,5942,Books & Stationery,Sole Proprietor,Delhi,Delhi,2024-04-13,VFSV6228720846838,Active,518.0
REC101775,MCH4223,"Bajwa, Khurana and Sinha",5311,Department Store,Sole Proprietor,Bengaluru,Karnataka,2025-03-15,,Active,585.1
REC101776,MCH7470,"Din, Gupta and Ratti",5311,Department Store,Partnership,Delhi,Delhi,2023-09-21,UMQY7730271159180,Inactive,684.47
REC101777,MCH2596,Vasa PLC,4131,Transportation,Sole Proprietor,Hyderabad,Telangana,2025-08-20,,Active,
REC101778,MCH8272,"Kaur, Barad and Sengupta",5411,Grocery Store,Partnership,Amritsar,Punjab,2023-04-11,5098196386,Active,2250.0
REC101779,MCH5785,Vohra Inc,5699,Apparel,Partnership,Mumbai,Maharashtra,2023-06-25,6460565959,Active,1694.59
REC101780,MCH5567,"Kibe, Halder and Saraf",5912,Pharmacy,Sole Proprietor,Bengaluru,Karnataka,2023-01-28,IXRG4736294294938,Active,1983.35
REC101781,MCH9835,Mahajan-Pingle,7011,Hotel/Lodging,Private Limited,Jaipur,Rajasthan,2025-09-22,,Active,2477.71
REC101782,MCH8730,Banerjee-Kapoor,5942,Books & Stationery,Sole Proprietor,Amritsar,Punjab,,CQGQ8537716696051,Active,2386.59
REC101783,MCH8435,Bajwa-Sandhu,5699,Apparel,Individual,Jaipur,Rajasthan,2024-08-11,XRHA7493996842867,Active,
REC101784,MCH3739,Murty Ltd,5311,Department Store,Private Limited,Chennai,Tamil Nadu,2025-09-15,XXXX2052,Active,571.15
REC101785,MCH4765,Madan-Pandey,5699,Apparel,Sole Proprietor,Hyderabad,Telangana,2025-03-12,XXXX6725,Active,1004.95
REC101786,MCH9291,"Mukhopadhyay, Dua and Dada",5699,Apparel,Sole Proprietor,Delhi,Delhi,2023-12-24,4794994318,Active,875.0
REC101787,MCH3837,Bhat Group,5311,Department Store,Individual,Delhi,Delhi,2026-01-17,XXXX7816,Suspended,
REC101788,MCH9152,Kara-Parikh,4814,Telecom,Sole Proprietor,Lucknow,Uttar Pradesh,2024-12-01,,Active,5009.29
REC101789,MCH2020,Prabhu-Kar,5699,Apparel,Private Limited,Jalandhar,Punjab,2025-03-15,XXXX1985,Suspended,2649.5
REC101790,MCH7712,Sehgal Ltd,5411,Grocery Store,Partnership,Lucknow,Uttar Pradesh,,XXXX7167,Active,2215.59
REC101791,MCH2310,Char-Singhal,5942,Books & Stationery,Individual,Jaipur,Rajasthan,2025-09-08,,Active,
REC101792,MCH3837,"Char, Naik and Sachdev",5999,Miscellaneous Retail,Private Limited,Delhi,Delhi,2026-01-25,XXXX8517,Active,5233.0
REC101793,MCH7403,"Raval, Hari and Khurana",5942,Books & Stationery,Individual,Chennai,Tamil Nadu,2023-07-12,,Active,697.8
REC101794,MCH7839,Mahajan-Bhasin,5699,Apparel,Partnership,Amritsar,Punjab,2023-06-03,XXXX8814,Active,4413.06
REC101795,MCH7864,"Saini, Yohannan and Tank",5942,Books & Stationery,Individual,Ludhiana,Punjab,,9857461455,Active,1130.3
REC101796,MCH6903,Gulati-Thaker,5812,Restaurant,Partnership,Chennai,Tamil Nadu,2023-07-07,,Active,
REC101797,MCH8210,Kannan Inc,5311,Department Store,Partnership,Ludhiana,Punjab,2025-02-04,,Suspended,370.0
REC101798,MCH2032,"Doshi, Sur and Sarna",5812,Restaurant,Private Limited,Pune,Maharashtra,2023-07-15,,Active,771.07
REC101799,MCH1788,"Dass, Rajagopal and Madan",4814,Telecom,Private Limited,Pune,Maharashtra,2024-11-12,,Suspended,1479.46
REC101800,MCH1044,"Jha, Salvi and Setty",5311,Department Store,Partnership,Hyderabad,Telangana,2024-10-28,VZSQ7155957356020,Active,1084.93
REC101801,MCH9583,Khurana-Johal,5411,Grocery Store,Partnership,Delhi,Delhi,2024-04-30,9658176597,Active,5627.6
REC101802,MCH9207,"Gola, Prabhu and Sood",5311,Department Store,Private Limited,Kolkata,West Bengal,2025-02-14,YDIJ7187856499079,Active,1107.16
REC101803,MCH5753,Zachariah-Rai,5812,Restaurant,Private Limited,Hyderabad,Telangana,2023-12-01,,Active,3163.49
REC101804,MCH4249,"Narasimhan, Natt and Chada",7011,Hotel/Lodging,Sole Proprietor,Pune,Maharashtra,2023-12-28,8565095769,Active,1048.88
REC101805,MCH8820,Mistry Group,5812,Restaurant,Partnership,Kolkata,West Bengal,2025-10-19,VDFR2877623309973,Active,1132.45
REC101806,MCH6448,"Kara, Mahal and Borah",5699,Apparel,Individual,Chennai,Tamil Nadu,2025-02-02,2311602120,Suspended,2308.59
REC101807,MCH9764,More-Bhavsar,5912,Pharmacy,Sole Proprietor,Pune,Maharashtra,2024-09-06,XXXX9274,Active,3514.68
REC101808,MCH5587,"Parmar, Bobal and Batra",5912,Pharmacy,Private Limited,Bengaluru,Karnataka,2024-06-25,,Active,996.25
REC101809,MCH9354,"Srinivasan, Bhargava and Sathe",7011,Hotel/Lodging,Private Limited,Pune,Maharashtra,2025-12-26,MCIS2962837592027,Active,272.4
REC101810,MCH3024,Kade-Bhatia,5812,Restaurant,Partnership,Delhi,Delhi,2025-09-22,,Active,2093.0
REC101811,MCH4980,Gaba-Sankaran,5912,Pharmacy,Sole Proprietor,Amritsar,Punjab,,,Inactive,857.86
REC101812,MCH8137,Gopal-Mahajan,4131,Transportation,Partnership,Bengaluru,Karnataka,2024-01-30,XXXX2908,Active,561.1
REC101813,MCH8741,Swaminathan-Kakar,4814,Telecom,Sole Proprietor,Kolkata,West Bengal,2024-08-17,7135208273,Active,8897.16
REC101814,MCH6352,Chadha Group,5411,Grocery Store,Private Limited,Chennai,Tamil Nadu,2024-05-19,QWFC2198127321151,Suspended,419.41
REC101815,MCH8436,Kapoor Inc,7011,Hotel/Lodging,Individual,Bengaluru,Karnataka,2025-07-27,4749660100,Active,7117.0
REC101816,MCH2579,More Inc,5942,Books & Stationery,Partnership,Jaipur,Rajasthan,2024-06-05,,Active,4068.74
REC101817,MCH8845,Varkey-Jha,5999,Miscellaneous Retail,Partnership,Kolkata,West Bengal,2024-03-01,,Active,5630.04
REC101818,MCH5938,Rama-Pandey,4131,Transportation,Individual,Jaipur,Rajasthan,2024-02-12,,Active,712.0
REC101819,MCH8919,Parmar Ltd,4131,Transportation,Private Limited,Bengaluru,Karnataka,2023-12-24,,Active,2228.63
REC101820,MCH9927,"Lall, Bali and Varughese",5812,Restaurant,Sole Proprietor,Lucknow,Uttar Pradesh,2025-12-09,IDZP0771497763313,Active,1410.0
REC101821,MCH6326,"Barad, Murty and Tella",5942,Books & Stationery,Private Limited,Chennai,Tamil Nadu,2024-06-22,LQXK9607455160094,Active,
REC101822,MCH4643,Barad and Sons,5942,Books & Stationery,Individual,Ludhiana,Punjab,2025-05-18,5063903908,Blocked,3490.79
REC101823,MCH3596,"Solanki, Singhal and Soman",5699,Apparel,Individual,Jaipur,Rajasthan,2023-04-03,,Inactive,330.41
REC101824,MCH2411,Saraf-Gola,4131,Transportation,Individual,Jaipur,Rajasthan,2023-02-09,,Active,2300.71
REC101825,MCH1722,Patel-Warrior,7011,Hotel/Lodging,Individual,Kolkata,West Bengal,2025-03-15,XXXX3839,Active,420.0
REC101826,MCH6328,"Ray, Pandit and Bala",4814,Telecom,Private Limited,Chennai,Tamil Nadu,2025-11-27,GCWI4729638964155,Active,644.89
REC101827,MCH3268,Kadakia-Rajan,5699,Apparel,Sole Proprietor,Pune,Maharashtra,2024-11-16,,Active,2055.32
REC101828,MCH8561,"Swaminathan, Salvi and Kant",5699,Apparel,Private Limited,Mumbai,Maharashtra,2025-04-19,PNGX7339881598856,Active,4447.81
REC101829,MCH4030,Nayar PLC,5942,Books & Stationery,Private Limited,Amritsar,Punjab,2023-08-02,,Active,1079.32
REC101830,MCH3925,Rana-Sehgal,5912,Pharmacy,Individual,Chennai,Tamil Nadu,,IFJH9817043350326,Hold,
REC101831,MCH1626,"Pau, Iyengar and Khare",5999,Miscellaneous Retail,Sole Proprietor,Delhi,Delhi,2025-07-12,XXXX6353,Active,550.42
REC101832,MCH1272,Garg Inc,4131,Transportation,Partnership,Jaipur,Rajasthan,2023-05-28,7553237450,Active,549.87
REC101833,MCH9897,Modi PLC,5699,Apparel,Individual,Delhi,Delhi,2023-06-01,,Active,
REC101834,MCH6670,Sawhney Inc,5411,Grocery Store,Individual,Bengaluru,Karnataka,2026-01-17,XXXX5717,Active,
REC101835,MCH5292,Nori-Dugal,5999,Miscellaneous Retail,Sole Proprietor,Pune,Maharashtra,,DLCF1511984552623,Inactive,542.0
REC101836,MCH2648,Batta LLC,5999,Miscellaneous Retail,Partnership,Jaipur,Rajasthan,2024-10-10,,Active,416.94
REC101837,MCH9114,Tiwari-Oak,4814,Telecom,Individual,Pune,Maharashtra,2026-01-16,,Active,7090.63
REC101838,MCH5154,Dhingra-Sunder,5999,Miscellaneous Retail,Sole Proprietor,Pune,Maharashtra,2025-06-14,1153641874,Active,2001.0
REC101839,MCH6060,Chacko-Sundaram,4131,Transportation,Individual,Jaipur,Rajasthan,2023-03-25,XXXX2924,Disabled,2026.75
REC101840,MCH6100,"Pillay, Merchant and Sem",5942,Books & Stationery,Private Limited,Jalandhar,Punjab,2023-09-05,0672030590,Active,1374.95
REC101841,MCH9866,Sane-Dar,4814,Telecom,Partnership,Lucknow,Uttar Pradesh,2024-04-11,,Active,910.27
REC101842,MCH2627,Shanker PLC,5311,Department Store,Individual,Lucknow,Uttar Pradesh,2024-10-16,0834395040,Active,427.05
REC101843,MCH5722,Kant-Gara,7011,Hotel/Lodging,Partnership,Lucknow,Uttar Pradesh,2024-12-16,3048409027,Active,1451.76
REC101844,MCH7558,Nair-Tandon,7011,Hotel/Lodging,Individual,Delhi,Delhi,2025-09-24,WDIO8859498666425,Active,2209.65
REC101845,MCH1429,Pal Ltd,5411,Grocery Store,Individual,Jaipur,Rajasthan,2024-10-13,YBSQ5701995451285,Active,258.0
REC101846,MCH7094,Narasimhan and Sons,5411,Grocery Store,Partnership,Lucknow,Uttar Pradesh,2023-04-03,5172263250,Active,
REC101847,MCH3847,Nair PLC,5311,Department Store,Sole Proprietor,Pune,Maharashtra,,,Active,660.47
REC101848,MCH8529,Pradhan PLC,5942,Books & Stationery,Sole Proprietor,Delhi,Delhi,2025-07-13,,Active,476.91
REC101849,MCH9623,Mangat PLC,4814,Telecom,Sole Proprietor,Lucknow,Uttar Pradesh,2024-03-26,,Active,457.6
REC101850,MCH2287,Baral Inc,5912,Pharmacy,Individual,Delhi,Delhi,2025-06-11,,Active,920.82
REC101851,MCH6677,"Deshmukh, Choudhry and Lad",5912,Pharmacy,Private Limited,Jalandhar,Punjab,2024-12-05,,Disabled,2949.0
REC101852,MCH2417,"Reddy, Patel and Manda",5912,Pharmacy,Individual,Bengaluru,Karnataka,2025-03-13,XXXX5551,Active,1553.29
REC101853,MCH7870,Sahota-Ch and,5311,Department Store,Sole Proprietor,Delhi,Delhi,2024-06-12,2012661045,Active,1123.31
REC101854,MCH7323,Mital Inc,5812,Restaurant,Individual,Lucknow,Uttar Pradesh,2025-03-01,1221388018,Active,1194.36
REC101855,MCH3289,Tripathi-Mandal,4814,Telecom,Individual,Chennai,Tamil Nadu,2024-12-29,XXXX2012,Active,1368.37
REC101856,MCH7681,"Bal, Kakar and Pillai",4131,Transportation,Private Limited,Pune,Maharashtra,2024-11-15,2915378010,Active,1955.63
REC101857,MCH2601,"Mangal, Lalla and Desai",4131,Transportation,Private Limited,Ludhiana,Punjab,2025-02-19,XXXX7238,Active,1601.46
REC101858,MCH5287,Sachdeva PLC,4131,Transportation,Partnership,Hyderabad,Telangana,2024-02-06,XXXX8293,Active,823.34
REC101859,MCH8024,Banik PLC,5411,Grocery Store,Individual,Jalandhar,Punjab,2026-02-02,OAOZ8994715452448,Active,1100.96
REC101860,MCH4476,Parikh Group,5912,Pharmacy,Partnership,Kolkata,West Bengal,2025-09-10,,Active,
REC101861,MCH3736,"Chanda, Bandi and Pandya",4814,Telecom,Partnership,Hyderabad,Telangana,2023-04-25,,Suspended,812.06
REC101862,MCH4738,Jha PLC,5999,Miscellaneous Retail,Sole Proprietor,Bengaluru,Karnataka,2024-05-24,,Inactive,1636.42
REC101863,MCH7849,Lal-Wagle,5311,Department Store,Sole Proprietor,Jaipur,Rajasthan,2025-02-12,XXXX0377,Active,4061.65
REC101864,MCH5801,"Narasimhan, Grewal and Vora",4131,Transportation,Private Limited,Delhi,Delhi,2023-08-08,,Active,1697.55
REC101865,MCH8775,Bakshi-Shah,5699,Apparel,Partnership,Delhi,Delhi,2025-07-09,,Active,480.13
REC101866,MCH8380,"Kar, Patil and Karan",4131,Transportation,Individual,Jalandhar,Punjab,2024-01-22,5690092544,Active,9540.15
REC101867,MCH5114,Lal Group,5411,Grocery Store,Private Limited,Bengaluru,Karnataka,2024-06-23,XXXX3035,Active,1143.5
REC101868,MCH5999,Nori Inc,5999,Miscellaneous Retail,Private Limited,Jalandhar,Punjab,2026-01-02,XXXX4498,Active,629.41
REC101869,MCH1726,Raja and Sons,4131,Transportation,Private Limited,Delhi,Delhi,2025-12-13,,Active,639.24
REC101870,MCH8910,"Sinha, Sen and Mander",4814,Telecom,Private Limited,Delhi,Delhi,2023-09-01,,Active,
REC101871,MCH6296,"Goyal, Vora and Loke",5411,Grocery Store,Private Limited,Lucknow,Uttar Pradesh,,,Active,538.0
REC101872,MCH3431,Ghosh and Sons,5812,Restaurant,Sole Proprietor,Mumbai,Maharashtra,2025-11-24,LTDQ5015892785519,Suspended,1904.92
REC101873,MCH2696,"Dave, Chaudhari and Bhatti",5411,Grocery Store,Individual,Delhi,Delhi,2024-11-25,XXXX0248,Active,
REC101874,MCH3244,Murthy Group,5912,Pharmacy,Private Limited,Jalandhar,Punjab,2025-03-07,,Active,3366.47
REC101875,MCH1887,Peri Inc,5311,Department Store,Private Limited,Bengaluru,Karnataka,2023-02-26,,Active,2706.7
REC101876,MCH2186,Venkatesh and Sons,5912,Pharmacy,Sole Proprietor,Lucknow,Uttar Pradesh,2025-11-23,,Active,661.82
REC101877,MCH5905,Karnik Ltd,5812,Restaurant,Individual,Pune,Maharashtra,2026-02-05,XXXX6996,Active,653.53
REC101878,MCH8033,"Kala, Mahal and Dash",5311,Department Store,Individual,Hyderabad,Telangana,2025-02-12,XXXX2251,Active,1390.13
REC101879,MCH3725,Balan Inc,5912,Pharmacy,Sole Proprietor,Kolkata,West Bengal,2024-10-04,XXXX4682,Active,2579.6
REC101880,MCH4739,Karpe-Doshi,5411,Grocery Store,Individual,Lucknow,Uttar Pradesh,2023-10-20,DQQT0527144866471,Suspended,
REC101881,MCH1222,Dass-Dugar,5411,Grocery Store,Sole Proprietor,Kolkata,West Bengal,2023-11-07,,Active,
REC101882,MCH6383,Char PLC,4814,Telecom,Sole Proprietor,Bengaluru,Karnataka,2023-10-28,,Active,266.0
REC101883,MCH8174,"Banerjee, Brahmbhatt and Dave",7011,Hotel/Lodging,Individual,Jaipur,Rajasthan,2024-09-09,XXXX7104,Active,
REC101884,MCH5753,Handa Inc,5812,Restaurant,Sole Proprietor,Hyderabad,Telangana,2025-11-04,XXXX3053,Active,3518.1
REC101885,MCH6465,Mody Ltd,5699,Apparel,Sole Proprietor,Chennai,Tamil Nadu,2025-03-01,,Hold,307.0
REC101886,MCH7201,"Patil, Mahajan and Issac",5999,Miscellaneous Retail,Private Limited,Mumbai,Maharashtra,2025-03-16,0796859598,Active,282.54
REC101887,MCH4958,Saini LLC,4131,Transportation,Private Limited,Hyderabad,Telangana,2023-06-24,,Active,440.09
REC101888,MCH2169,"Munshi, Srinivas and Ramanathan",5942,Books & Stationery,Partnership,Chennai,Tamil Nadu,2024-09-07,,Active,351.61
REC101889,MCH8692,Singhal-Mane,5999,Miscellaneous Retail,Partnership,Jalandhar,Punjab,2025-07-24,1479687132,Active,1884.81
REC101890,MCH5312,Choudhary Inc,5411,Grocery Store,Partnership,Kolkata,West Bengal,2023-07-27,,Active,1438.2
REC101891,MCH2299,Ahluwalia Inc,4131,Transportation,Partnership,Ludhiana,Punjab,2024-12-02,,Active,2936.54
REC101892,MCH7870,"Kalla, More and Swamy",5912,Pharmacy,Private Limited,Jaipur,Rajasthan,2025-03-04,JRSV4497187312439,Active,681.25
REC101893,MCH3880,Sankaran-Mody,4131,Transportation,Sole Proprietor,Hyderabad,Telangana,2026-02-26,XXXX4851,Active,794.44
REC101894,MCH3780,Hegde Group,5311,Department Store,Private Limited,Lucknow,Uttar Pradesh,2026-02-27,XXXX3079,Active,315.62
REC101895,MCH1101,Mangal Inc,5912,Pharmacy,Individual,Chennai,Tamil Nadu,2023-06-19,XXXX7862,Active,2025.16
REC101896,MCH1292,Gera-Nayak,7011,Hotel/Lodging,Sole Proprietor,Chennai,Tamil Nadu,2023-09-25,,Active,267.0
REC101897,MCH7162,Ranganathan-Chakraborty,5699,Apparel,Private Limited,Pune,Maharashtra,2025-02-17,LGPC8265918729531,Active,1830.64
REC101898,MCH5110,"Deshpande, Verma and Shenoy",5942,Books & Stationery,Private Limited,Pune,Maharashtra,2024-11-11,,Inactive,
REC101899,MCH8104,Chacko Group,7011,Hotel/Lodging,Private Limited,Bengaluru,Karnataka,2024-01-02,4591497253,Active,
REC101900,MCH9640,Basu Group,5311,Department Store,Sole Proprietor,Bengaluru,Karnataka,2025-05-21,,Active,8379.99
REC101901,MCH2445,Khare-Sane,5999,Miscellaneous Retail,Sole Proprietor,Jaipur,Rajasthan,2023-12-05,3925528828,Active,6063.97
REC101902,MCH9185,Om Ltd,5812,Restaurant,Partnership,Kolkata,West Bengal,2025-09-22,RKEJ2980134292377,Closed,311.59
REC101903,MCH1133,Shere Ltd,5912,Pharmacy,Partnership,Bengaluru,Karnataka,2025-06-10,,Active,11501.53
REC101904,MCH4227,Bora-Sood,5999,Miscellaneous Retail,Partnership,Jaipur,Rajasthan,2023-02-11,,Active,1928.46
REC101905,MCH7411,"Bhasin, Soman and Savant",4814,Telecom,Sole Proprietor,Chennai,Tamil Nadu,,,Active,2298.88
REC101906,MCH6101,Rout-Barman,5812,Restaurant,Sole Proprietor,Kolkata,West Bengal,2024-10-11,,Active,2918.42
REC101907,MCH9290,"Gole, Viswanathan and Brahmbhatt",7011,Hotel/Lodging,Partnership,Ludhiana,Punjab,,,Inactive,1704.51
REC101908,MCH8926,Roy-Nagarajan,5699,Apparel,Sole Proprietor,Pune,Maharashtra,2023-05-11,,Disabled,217.41
REC101909,MCH7829,Hora Ltd,4131,Transportation,Partnership,Jaipur,Rajasthan,2025-05-06,XXXX7292,Active,422.0
REC101910,MCH9523,"Tank, Uppal and Malhotra",5912,Pharmacy,Partnership,Pune,Maharashtra,2025-10-25,,Active,5060.01
REC101911,MCH5493,"Choudhury, Nayak and Hayer",5699,Apparel,Individual,Jalandhar,Punjab,,CMBW9456641489708,Active,954.13
REC101912,MCH7295,Palan-Ray,7011,Hotel/Lodging,Partnership,Bengaluru,Karnataka,2023-02-02,,Active,1161.77
REC101913,MCH1628,"Rao, Buch and Kala",5912,Pharmacy,Individual,Lucknow,Uttar Pradesh,2025-01-08,,Active,789.95
REC101914,MCH4416,Raju and Sons,5999,Miscellaneous Retail,Individual,Bengaluru,Karnataka,2025-10-04,6909361511,Closed,3955.0
REC101915,MCH5021,Dora Group,7011,Hotel/Lodging,Partnership,Jaipur,Rajasthan,2024-01-10,2704643767,Active,843.0
REC101916,MCH4687,Goel LLC,5942,Books & Stationery,Individual,Lucknow,Uttar Pradesh,2023-01-30,BTTJ6615272024781,Active,820.0
REC101917,MCH4284,Chawla LLC,4131,Transportation,Sole Proprietor,Ludhiana,Punjab,2026-02-13,XXXX7941,Active,385.0
REC101918,MCH8896,Savant PLC,5411,Grocery Store,Individual,Ludhiana,Punjab,2023-08-20,UQGT6646060473971,Active,2636.98
REC101919,MCH8518,Srivastava-Parsa,5699,Apparel,Individual,Jaipur,Rajasthan,2024-09-11,,Active,191.84
REC101920,MCH9753,Chowdhury and Sons,4814,Telecom,Individual,Mumbai,Maharashtra,2023-07-06,XRQC4173107226583,Active,559.33
REC101921,MCH2951,"Thakur, Subramaniam and Agrawal",7011,Hotel/Lodging,Partnership,Mumbai,Maharashtra,2026-02-06,0506591392,Active,
REC101922,MCH8878,Kashyap-Behl,7011,Hotel/Lodging,Sole Proprietor,Kolkata,West Bengal,2023-07-21,,Active,228.35
REC101923,MCH1136,"Bahri, Kanda and Seth",5942,Books & Stationery,Private Limited,Chennai,Tamil Nadu,2023-07-17,XXXX4885,Active,896.84
REC101924,MCH1665,Salvi Group,5699,Apparel,Individual,Bengaluru,Karnataka,2025-11-30,KSUI6181238646481,Active,946.53
REC101925,MCH6519,"Dhar, Morar and Malhotra",5699,Apparel,Private Limited,Pune,Maharashtra,2023-05-15,XXXX0332,Active,445.06
REC101926,MCH2742,"Vasa, Devan and Tandon",5699,Apparel,Individual,Mumbai,Maharashtra,2023-11-13,XXXX3213,Active,541.72
REC101927,MCH4888,Saha-Jani,4814,Telecom,Sole Proprietor,Ludhiana,Punjab,2025-11-20,,Active,308.77
REC101928,MCH1986,Brahmbhatt Inc,5999,Miscellaneous Retail,Partnership,Mumbai,Maharashtra,2023-11-23,,Active,
REC101929,MCH8422,Kakar-Bera,5699,Apparel,Sole Proprietor,Amritsar,Punjab,2025-10-03,XXXX1336,Active,661.76
REC101930,MCH7113,"Jain, Bhatti and Sha",5942,Books & Stationery,Partnership,Chennai,Tamil Nadu,2025-07-30,XXXX9585,Suspended,1921.99
REC101931,MCH5023,Chatterjee-Kalla,5912,Pharmacy,Partnership,Mumbai,Maharashtra,2024-12-31,XXXX9987,Active,
REC101932,MCH7795,Prakash LLC,4131,Transportation,Sole Proprietor,Jaipur,Rajasthan,2025-06-28,,Active,956.79
REC101933,MCH3980,Chadha-Raval,5699,Apparel,Partnership,Bengaluru,Karnataka,2023-04-14,XXXX9643,Active,1323.06
REC101934,MCH7356,"Divan, Rastogi and Prabhu",5942,Books & Stationery,Partnership,Lucknow,Uttar Pradesh,2025-07-22,8041409071,Active,
REC101935,MCH5451,Divan LLC,5411,Grocery Store,Partnership,Jaipur,Rajasthan,2025-05-14,,Active,2492.35
REC101936,MCH7252,"Krishnamurthy, Pandit and Mukherjee",5942,Books & Stationery,Sole Proprietor,Hyderabad,Telangana,2025-08-01,0285621980,Active,1234.51
REC101937,MCH1438,Pandit-Menon,5999,Miscellaneous Retail,Partnership,Bengaluru,Karnataka,2023-11-22,ZQNR3407194415594,Active,409.59
REC101938,MCH3917,Chowdhury-Pandit,5699,Apparel,Private Limited,Hyderabad,Telangana,2023-04-02,XXXX2174,Inactive,
REC101939,MCH7955,Sura Group,5812,Restaurant,Individual,Amritsar,Punjab,,FIJI5501070753851,Active,833.11
REC101940,MCH9125,Raghavan PLC,5999,Miscellaneous Retail,Individual,Jaipur,Rajasthan,2024-10-10,,Active,1723.08
REC101941,MCH2111,Dubey-Oommen,7011,Hotel/Lodging,Individual,Ludhiana,Punjab,2023-07-26,,Active,5111.16
REC101942,MCH2370,Mutti-Sarma,5699,Apparel,Individual,Delhi,Delhi,2024-08-03,,Active,6053.56
REC101943,MCH2533,"Chhabra, Shah and Tella",5912,Pharmacy,Sole Proprietor,Jaipur,Rajasthan,2025-03-05,,Active,2439.28
REC101944,MCH6019,Chatterjee Ltd,5812,Restaurant,Private Limited,Delhi,Delhi,2026-01-25,UFWO7733965180914,Active,100.27
REC101945,MCH5477,Mahajan Ltd,5699,Apparel,Individual,Bengaluru,Karnataka,2025-09-01,CBRP2025489889025,Active,3690.89
REC101946,MCH9460,"Oza, Balakrishnan and Kapoor",5942,Books & Stationery,Individual,Chennai,Tamil Nadu,,XXXX5842,Active,481.26
REC101947,MCH4077,"Khalsa, Jaggi and Bumb",5812,Restaurant,Sole Proprietor,Jaipur,Rajasthan,2023-10-26,,Active,583.76
REC101948,MCH7737,"Sarma, Tripathi and Chandra",4131,Transportation,Sole Proprietor,Mumbai,Maharashtra,2023-09-19,9889598730,Active,
REC101949,MCH7985,"Balay, Mammen and Raman",5812,Restaurant,Partnership,Lucknow,Uttar Pradesh,2023-12-16,,Active,2429.67
REC101950,MCH2299,Ahluwalia Inc,4131,Transportation,Partnership,Ludhiana,Punjab,2024-12-02,,Active,2936.54
REC101951,MCH2613,"Grewal, Gade and Bhattacharyya",4814,Telecom,Private Limited,Kolkata,West Bengal,2023-06-04,,Hold,1066.15
REC101952,MCH4424,"Date, Soman and Lall",5311,Department Store,Private Limited,Chennai,Tamil Nadu,2024-02-01,GBLD6739471452450,Active,
REC101953,MCH7353,"Tara, Rajagopalan and Ramanathan",5311,Department Store,Partnership,Mumbai,Maharashtra,2024-10-16,6926383860,Active,840.14
REC101954,MCH3203,Randhawa-Pant,5311,Department Store,Partnership,Jaipur,Rajasthan,2024-12-16,XXXX9443,Active,
REC101955,MCH4669,"Sidhu, Subramanian and Chakraborty",7011,Hotel/Lodging,Private Limited,Bengaluru,Karnataka,2023-03-20,,Active,
REC101956,MCH4478,Shenoy Inc,4131,Transportation,Private Limited,Pune,Maharashtra,2024-04-19,,Active,3749.72
REC101957,MCH8306,"Wason, Saraf and Dube",7011,Hotel/Lodging,Partnership,Bengaluru,Karnataka,2025-02-15,2587742511,Active,67.35
REC101958,MCH2801,"Khurana, Oza and Divan",4814,Telecom,Private Limited,Delhi,Delhi,2025-10-14,,Active,406.76
REC101959,MCH8972,Vig Inc,5411,Grocery Store,Partnership,Kolkata,West Bengal,2024-08-17,,Active,835.08
REC101960,MCH7982,Deo Ltd,5311,Department Store,Partnership,Ludhiana,Punjab,2023-01-14,KDBH6204467913349,Active,579.0
REC101961,MCH6069,Krish-Joshi,5699,Apparel,Private Limited,Amritsar,Punjab,2024-07-30,XXXX1701,Active,252.19
REC101962,MCH5488,Pradhan-Nagy,4814,Telecom,Private Limited,Lucknow,Uttar Pradesh,,,Active,1893.0
REC101963,MCH6650,Reddy LLC,5411,Grocery Store,Sole Proprietor,Pune,Maharashtra,2024-02-28,XXXX5775,Active,3251.25
REC101964,MCH4209,Bahri-Kari,4131,Transportation,Individual,Jaipur,Rajasthan,2025-12-29,,Active,1717.86
REC101965,MCH8899,Bedi and Sons,5699,Apparel,Private Limited,Kolkata,West Bengal,2025-02-25,XXXX6442,Suspended,
REC101966,MCH6061,Anand-Savant,5411,Grocery Store,Sole Proprietor,Amritsar,Punjab,2026-02-08,,Active,
REC101967,MCH4587,Karnik and Sons,5311,Department Store,Partnership,Jaipur,Rajasthan,2025-02-07,,Inactive,2493.1
REC101968,MCH8467,"Tara, Nagi and Keer",5411,Grocery Store,Sole Proprietor,Chennai,Tamil Nadu,2024-08-06,YVFX0584692360896,Disabled,3292.09
REC101969,MCH9196,"Dani, Palla and Ramachandran",7011,Hotel/Lodging,Sole Proprietor,Hyderabad,Telangana,2023-02-04,5171234438,Active,403.86
REC101970,MCH3669,"Dutta, Banerjee and Saini",5999,Miscellaneous Retail,Private Limited,Lucknow,Uttar Pradesh,2024-09-03,9041253658,Active,2883.4
REC101971,MCH9375,"Bhalla, Koshy and Sule",5942,Books & Stationery,Individual,Ludhiana,Punjab,2023-07-28,XXXX7795,Inactive,924.32
REC101972,MCH7331,"Bakshi, Pillai and Dhaliwal",5812,Restaurant,Sole Proprietor,Lucknow,Uttar Pradesh,,2802277765,Disabled,490.55
REC101973,MCH5503,Suri Ltd,4131,Transportation,Private Limited,Kolkata,West Bengal,2024-08-30,,Active,2446.68
REC101974,MCH3788,Kuruvilla Ltd,5411,Grocery Store,Sole Proprietor,Hyderabad,Telangana,2024-10-03,,Active,4329.09
REC101975,MCH9386,Shankar Ltd,4131,Transportation,Individual,Amritsar,Punjab,2023-10-23,XXXX6796,Active,
REC101976,MCH3856,"Mukhopadhyay, Loyal and Parsa",5812,Restaurant,Sole Proprietor,Delhi,Delhi,2024-10-12,,Active,9442.27
REC101977,MCH1679,"Chawla, Sura and Pal",4131,Transportation,Individual,Lucknow,Uttar Pradesh,2026-01-30,XXXX9878,Suspended,1030.0
REC101978,MCH4716,Goda-Agate,5411,Grocery Store,Sole Proprietor,Delhi,Delhi,2026-01-07,5226052062,Active,1438.61
REC101979,MCH3837,"Sankar, Dass and Sarna",7011,Hotel/Lodging,Sole Proprietor,Lucknow,Uttar Pradesh,2024-04-01,,Active,568.41
REC101980,MCH9129,"Sinha, Chauhan and Sathe",5411,Grocery Store,Partnership,Kolkata,West Bengal,2025-07-06,VXNZ5598805748177,Active,914.12
REC101981,MCH9234,"Jhaveri, Chandran and Shukla",7011,Hotel/Lodging,Partnership,Lucknow,Uttar Pradesh,2024-07-26,XXXX3221,Active,762.04
REC101982,MCH7880,Tiwari-Dua,4131,Transportation,Sole Proprietor,Ludhiana,Punjab,,XXXX1699,Active,12814.22
REC101983,MCH5108,Bora LLC,5411,Grocery Store,Private Limited,Jalandhar,Punjab,2025-03-16,DLNH5334244521006,Active,
REC101984,MCH7983,Karpe-Raval,5311,Department Store,Individual,Lucknow,Uttar Pradesh,2024-01-11,XXXX7464,Active,3843.3
REC101985,MCH7096,Mukhopadhyay-Din,5812,Restaurant,Private Limited,Delhi,Delhi,2023-09-21,8048297168,Active,616.51
REC101986,MCH8325,Sarin Inc,5999,Miscellaneous Retail,Individual,Amritsar,Punjab,2025-03-19,1450425498,Active,1640.03
REC101987,MCH1744,"Mani, Tara and Mane",4131,Transportation,Sole Proprietor,Ludhiana,Punjab,2023-03-20,,Closed,466.22
REC101988,MCH2442,Gole PLC,5812,Restaurant,Partnership,Mumbai,Maharashtra,2024-08-28,7767111670,Active,625.13
REC101989,MCH9050,Bali Ltd,4131,Transportation,Individual,Jalandhar,Punjab,2025-06-01,8040024958,Suspended,847.23
REC101990,MCH1211,"Munshi, Pai and Sibal",5311,Department Store,Sole Proprietor,Delhi,Delhi,2023-01-04,NHYW6672789857023,Active,296.16
REC101991,MCH7779,"Mane, Bassi and Samra",5699,Apparel,Partnership,Lucknow,Uttar Pradesh,2024-12-12,UAHK2726212156650,Active,
REC101992,MCH7341,Varughese Inc,7011,Hotel/Lodging,Partnership,Kolkata,West Bengal,2023-04-24,,Active,
REC101993,MCH2636,Rau PLC,5311,Department Store,Partnership,Delhi,Delhi,2024-04-06,,Active,5739.27
REC101994,MCH5433,Subramanian PLC,5699,Apparel,Partnership,Ludhiana,Punjab,2024-06-07,XXXX5051,Active,673.68
REC101995,MCH7127,"Chhabra, Dayal and Sood",5699,Apparel,Individual,Amritsar,Punjab,2024-06-05,7467986775,Active,1738.0
REC101996,MCH6010,"Tak, Sani and Jaggi",5912,Pharmacy,Individual,Jaipur,Rajasthan,2024-01-20,TXCH9949373918886,Active,1022.54
REC101997,MCH3810,Mallick-Lall,5411,Grocery Store,Private Limited,Lucknow,Uttar Pradesh,2025-12-07,XXXX7137,Suspended,630.92
REC101998,MCH9478,"Desai, Borah and Dugar",5999,Miscellaneous Retail,Private Limited,Kolkata,West Bengal,,,Blocked,1333.54
REC101999,MCH1856,"Sem, Dhawan and Bakshi",5411,Grocery Store,Sole Proprietor,Bengaluru,Karnataka,2023-07-27,9292167540,Closed,2232.22
REC102000,MCH5741,Uppal Group,5942,Books & Stationery,Individual,Mumbai,Maharashtra,2023-05-30,SZOY5586957641724,Active,
REC102001,MCH2551,Nagarajan and Sons,5812,Restaurant,Sole Proprietor,Bengaluru,Karnataka,,NFIY9606847093350,Active,7900.0
REC102002,MCH4934,Shroff Inc,5912,Pharmacy,Private Limited,Amritsar,Punjab,2025-12-08,OBRZ2207838983000,Active,1471.24
REC102003,MCH7586,"Hayer, Savant and Tiwari",5311,Department Store,Partnership,Pune,Maharashtra,2024-03-31,ODJU9409130463225,Active,765.1
REC102004,MCH7202,Uppal PLC,4131,Transportation,Individual,Jaipur,Rajasthan,2023-03-01,INKB4884883910397,Disabled,
REC102005,MCH1445,Wali PLC,5411,Grocery Store,Sole Proprietor,Hyderabad,Telangana,2023-11-09,8128323198,Active,1200.0
REC102006,MCH1551,Malhotra-Subramanian,5812,Restaurant,Partnership,Pune,Maharashtra,2024-06-13,,Active,1909.07
REC102007,MCH2356,"Vyas, Chhabra and Kala",7011,Hotel/Lodging,Private Limited,Chennai,Tamil Nadu,2024-08-07,,Active,2064.97
REC102008,MCH6090,Nigam-Balakrishnan,5942,Books & Stationery,Partnership,Jalandhar,Punjab,2024-07-14,KPZR0795458662994,Active,3151.0
REC102009,MCH9762,Kara LLC,5999,Miscellaneous Retail,Individual,Delhi,Delhi,,9982880458,Active,413.17
REC102010,MCH6603,Atwal PLC,7011,Hotel/Lodging,Sole Proprietor,Jaipur,Rajasthan,2024-08-20,GWCP5106034968553,Active,694.88
REC102011,MCH9349,"Bhat, Suri and Khalsa",5999,Miscellaneous Retail,Individual,Hyderabad,Telangana,2023-07-15,7591595714,Active,2394.34
REC102012,MCH6176,"Tandon, Badal and Natarajan",4131,Transportation,Private Limited,Hyderabad,Telangana,2025-12-10,XXXX9488,Active,2925.84
REC102013,MCH4685,Mukhopadhyay-Cheema,5942,Books & Stationery,Private Limited,Chennai,Tamil Nadu,2023-07-22,3857368814,Suspended,
REC102014,MCH2738,Yadav Group,5999,Miscellaneous Retail,Individual,Pune,Maharashtra,2024-11-03,8802607832,Active,1282.34
REC102015,MCH2981,Sami-Sura,5942,Books & Stationery,Individual,Kolkata,West Bengal,2023-01-27,,Active,512.85
REC102016,MCH1168,"Seshadri, Borah and Sachdeva",5912,Pharmacy,Individual,Pune,Maharashtra,2026-01-04,CWXA5916653675162,Active,4780.41
REC102017,MCH4475,"Ray, Kulkarni and Suresh",5311,Department Store,Private Limited,Ludhiana,Punjab,2024-03-03,XXXX5127,Active,3417.23
REC102018,MCH5308,Shukla-Trivedi,5812,Restaurant,Individual,Jaipur,Rajasthan,2025-06-11,7037226511,Active,
REC102019,MCH5780,Oak-Mody,5999,Miscellaneous Retail,Partnership,Pune,Maharashtra,2023-02-07,XXXX4121,Inactive,
REC102020,MCH7679,"Bal, Ganesh and Malhotra",5942,Books & Stationery,Private Limited,Mumbai,Maharashtra,2025-12-15,OOXS0496924835573,Active,3308.0
REC102021,MCH3725,Puri PLC,5812,Restaurant,Sole Proprietor,Amritsar,Punjab,2023-01-23,XXXX0142,Active,6457.0
REC102022,MCH9338,D'Alia-Mitter,5942,Books & Stationery,Partnership,Mumbai,Maharashtra,2025-07-01,,Active,604.36
REC102023,MCH9586,Ghose PLC,7011,Hotel/Lodging,Private Limited,Chennai,Tamil Nadu,2023-03-30,,Active,2522.89
REC102024,MCH7282,Chopra LLC,5411,Grocery Store,Partnership,Amritsar,Punjab,2025-12-14,XXXX9513,Active,1111.0
REC102025,MCH2274,D'Alia Group,4131,Transportation,Sole Proprietor,Ludhiana,Punjab,2024-04-26,VFBL8074058900545,Suspended,
REC102026,MCH8639,Samra-Behl,7011,Hotel/Lodging,Private Limited,Bengaluru,Karnataka,2024-06-30,,Inactive,2557.45
REC102027,MCH9410,Sagar-Chawla,5699,Apparel,Individual,Jalandhar,Punjab,2026-01-24,XXXX0534,Active,820.0
REC102028,MCH4168,"Chad, Dyal and Golla",5999,Miscellaneous Retail,Partnership,Pune,Maharashtra,2023-06-10,XXXX8341,Active,1194.41
REC102029,MCH5660,Goda-Goda,5812,Restaurant,Partnership,Ludhiana,Punjab,,XXXX9971,Active,
REC102030,MCH6612,Sule-Pillay,5812,Restaurant,Partnership,Pune,Maharashtra,2025-09-09,ATSN3885757440400,Active,2010.07
REC102031,MCH1250,Ben-Thaman,5411,Grocery Store,Sole Proprietor,Bengaluru,Karnataka,,BWCW6486975518274,Suspended,1524.37
REC102032,MCH6748,Sathe Inc,5411,Grocery Store,Sole Proprietor,Kolkata,West Bengal,2023-05-07,,Inactive,1451.17
REC102033,MCH3595,"Srivastava, Merchant and Kota",5311,Department Store,Private Limited,Ludhiana,Punjab,2025-01-03,3018831600,Disabled,1153.0
REC102034,MCH5736,Agate LLC,4131,Transportation,Sole Proprietor,Delhi,Delhi,2023-04-16,XXXX7731,Active,3557.14
REC102035,MCH1646,Golla and Sons,5411,Grocery Store,Individual,Mumbai,Maharashtra,2024-09-23,,Inactive,
REC102036,MCH1618,Muni Ltd,5812,Restaurant,Individual,Delhi,Delhi,2023-11-01,,Active,1051.73
REC102037,MCH8421,"Wali, Chowdhury and Barman",5812,Restaurant,Private Limited,Bengaluru,Karnataka,2023-10-08,7007867420,Active,966.94
REC102038,MCH6446,Upadhyay-Upadhyay,5812,Restaurant,Partnership,Jalandhar,Punjab,2024-12-05,,Active,
REC102039,MCH8164,"Devan, Basu and Buch",5812,Restaurant,Private Limited,Delhi,Delhi,2023-04-26,KRTZ4526793978232,Active,3036.35
REC102040,MCH2786,Gola Inc,5699,Apparel,Partnership,Chennai,Tamil Nadu,2024-12-19,XXXX8423,Active,576.47
REC102041,MCH9861,"Mukherjee, Murthy and Jani",4131,Transportation,Private Limited,Ludhiana,Punjab,2025-06-22,,Active,719.77
REC102042,MCH4624,"Krishnamurthy, Mandal and Luthra",5999,Miscellaneous Retail,Individual,Chennai,Tamil Nadu,2025-08-06,5143404041,Active,784.01
REC102043,MCH1323,Dhar and Sons,5942,Books & Stationery,Partnership,Amritsar,Punjab,,BGGB6995281283064,Active,
REC102044,MCH6291,Sheth-Anne,5311,Department Store,Partnership,Delhi,Delhi,2025-10-15,5416820526,Suspended,
REC102045,MCH7355,"Rastogi, Ahluwalia and Tata",5311,Department Store,Private Limited,Mumbai,Maharashtra,,XJBM2228557617179,Active,2172.0
REC102046,MCH7244,Nadig-Kata,4131,Transportation,Partnership,Bengaluru,Karnataka,2024-08-02,1173278568,Active,1686.67
REC102047,MCH2202,"Dass, Vala and Goda",5912,Pharmacy,Private Limited,Hyderabad,Telangana,2023-06-19,EGTB4563622891580,Hold,
REC102048,MCH4651,Bhat-Kamdar,5999,Miscellaneous Retail,Sole Proprietor,Hyderabad,Telangana,2024-06-05,9030856078,Active,718.3
REC102049,MCH8014,Mukherjee Inc,5912,Pharmacy,Sole Proprietor,Jaipur,Rajasthan,2026-01-25,,Active,702.0
REC102050,MCH3726,Varughese PLC,4814,Telecom,Individual,Lucknow,Uttar Pradesh,2024-11-13,,Active,3572.06
REC102051,MCH1147,Dayal-Sabharwal,4814,Telecom,Individual,Kolkata,West Bengal,2023-11-23,XXXX2380,Disabled,939.97
REC102052,MCH6205,Munshi Inc,4814,Telecom,Sole Proprietor,Ludhiana,Punjab,2026-01-01,JWPM8696907638772,Active,230.73
REC102053,MCH5103,"Morar, Kannan and Purohit",7011,Hotel/Lodging,Individual,Lucknow,Uttar Pradesh,2023-11-12,8919993904,Suspended,
REC102054,MCH6474,Dewan-Khatri,4131,Transportation,Partnership,Lucknow,Uttar Pradesh,2023-02-09,,Active,
REC102055,MCH1001,Anand-Kothari,5411,Grocery Store,Partnership,Pune,Maharashtra,2026-02-17,7962506762,Active,332.55
REC102056,MCH8805,Bose Inc,5699,Apparel,Individual,Ludhiana,Punjab,2024-07-10,,Active,6022.98
REC102057,MCH6507,"Balakrishnan, Shroff and Tank",4131,Transportation,Individual,Ludhiana,Punjab,2024-10-28,XEKQ6062690527278,Active,1269.14
REC102058,MCH2710,Kohli Group,5699,Apparel,Partnership,Delhi,Delhi,2025-05-29,,Active,2106.0
REC102059,MCH2841,"Memon, Samra and Rajagopal",5942,Books & Stationery,Sole Proprietor,Mumbai,Maharashtra,2024-06-13,,Active,
REC102060,MCH6105,Upadhyay PLC,7011,Hotel/Lodging,Sole Proprietor,Kolkata,West Bengal,2024-02-07,,Suspended,527.81
REC102061,MCH6365,Bora-Sood,5311,Department Store,Individual,Pune,Maharashtra,2025-06-28,,Active,
REC102062,MCH3459,Nagi-Saini,4814,Telecom,Sole Proprietor,Hyderabad,Telangana,2023-09-03,CIPH7138178222112,Active,2617.26
REC102063,MCH2310,Raj Ltd,5411,Grocery Store,Partnership,Jaipur,Rajasthan,2026-02-13,,Disabled,681.98
REC102064,MCH9429,Varghese-Mitter,7011,Hotel/Lodging,Partnership,Hyderabad,Telangana,2024-12-16,ICYM9819940442894,Active,1566.55
REC102065,MCH9148,Venkatesh and Sons,7011,Hotel/Lodging,Sole Proprietor,Hyderabad,Telangana,2023-07-16,XXXX2774,Active,503.0
REC102066,MCH6388,Raval-Cherian,5812,Restaurant,Partnership,Mumbai,Maharashtra,2023-11-15,,Active,2297.8
REC102067,MCH2600,Prabhakar and Sons,5699,Apparel,Partnership,Kolkata,West Bengal,2024-12-17,1873277155,Active,
REC102068,MCH1079,Sharaf and Sons,4814,Telecom,Sole Proprietor,Pune,Maharashtra,2023-10-20,,Active,455.39
REC102069,MCH7047,Batta-Bhavsar,4814,Telecom,Individual,Lucknow,Uttar Pradesh,,DJKB0646172113081,Active,691.03
REC102070,MCH7028,"Mohanty, Ray and Prabhu",5942,Books & Stationery,Individual,Hyderabad,Telangana,2024-03-22,,Active,174.0
REC102071,MCH5050,Subramanian-Dua,5942,Books & Stationery,Partnership,Pune,Maharashtra,2025-08-28,,Active,1506.0
REC102072,MCH1516,Loyal and Sons,5999,Miscellaneous Retail,Private Limited,Ludhiana,Punjab,2023-01-12,XXXX1307,Active,1471.99
REC102073,MCH4223,"Bajwa, Khurana and Sinha",5311,Department Store,Sole Proprietor,Bengaluru,Karnataka,2025-03-15,,Inactive,585.1
REC102074,MCH2907,Varughese-Mani,5912,Pharmacy,Sole Proprietor,Chennai,Tamil Nadu,2023-04-25,,Active,1106.0
REC102075,MCH4508,Prakash Ltd,5812,Restaurant,Private Limited,Mumbai,Maharashtra,2023-12-12,9822144537,Hold,1744.61
REC102076,MCH1168,"Dugal, Thaker and Rana",5699,Apparel,Partnership,Hyderabad,Telangana,2023-04-28,ZVAL3726006910876,Inactive,900.21
REC102077,MCH4627,Barman-Kashyap,5699,Apparel,Partnership,Pune,Maharashtra,2026-01-10,,Active,1852.01
REC102078,MCH2197,Palan-Bhatti,5311,Department Store,Partnership,Delhi,Delhi,,YPNI1403413664050,Active,2800.25
REC102079,MCH5447,Ram-Shetty,7011,Hotel/Lodging,Partnership,Bengaluru,Karnataka,2023-03-11,,Active,
REC102080,MCH4992,Viswanathan-Pandey,7011,Hotel/Lodging,Individual,Jalandhar,Punjab,2024-02-19,,Suspended,918.79
REC102081,MCH6513,"Krishna, Deshpande and Kar",5311,Department Store,Individual,Mumbai,Maharashtra,2025-08-13,XXXX3471,Active,2622.03
REC102082,MCH4998,"Sura, Kanda and Chopra",5411,Grocery Store,Partnership,Pune,Maharashtra,2023-12-11,6601172673,Disabled,
REC102083,MCH7838,"Yohannan, Sethi and Khare",5812,Restaurant,Sole Proprietor,Amritsar,Punjab,2024-03-25,,Active,974.3
REC102084,MCH6205,"Manne, Zachariah and Arora",5311,Department Store,Private Limited,Mumbai,Maharashtra,2025-06-23,4034175727,Active,756.0
REC102085,MCH9967,Kaul LLC,5812,Restaurant,Individual,Lucknow,Uttar Pradesh,2023-12-23,HXGW3877013830442,Active,4200.0
REC102086,MCH1580,"Subramaniam, Krishnamurthy and Din",5999,Miscellaneous Retail,Sole Proprietor,Kolkata,West Bengal,2025-08-01,IDJM3876425874680,Active,2992.77
REC102087,MCH9942,"Joshi, Pradhan and Bawa",5311,Department Store,Partnership,Mumbai,Maharashtra,2023-08-22,7937476711,Active,289.38
REC102088,MCH3693,"Rajagopal, Savant and Ganesan",4814,Telecom,Individual,Jalandhar,Punjab,2025-02-26,XXXX6831,Active,893.17
REC102089,MCH3764,Tandon and Sons,5912,Pharmacy,Partnership,Mumbai,Maharashtra,2025-12-30,,Active,3428.0
REC102090,MCH3147,Acharya-Uppal,4131,Transportation,Individual,Chennai,Tamil Nadu,2024-02-10,1420771239,Active,343.0
REC102091,MCH2674,Nair LLC,4131,Transportation,Sole Proprietor,Delhi,Delhi,2025-02-24,PQUC6680227510245,Inactive,
REC102092,MCH9542,"Buch, Singhal and Bhardwaj",5812,Restaurant,Individual,Chennai,Tamil Nadu,2023-01-05,ATYU2810542090525,Disabled,2703.0
REC102093,MCH8656,"Sarma, Krish and Ranganathan",5942,Books & Stationery,Sole Proprietor,Kolkata,West Bengal,2025-02-04,ZBCP7467206635740,Active,
REC102094,MCH8550,Nayar Ltd,4814,Telecom,Partnership,Jalandhar,Punjab,2024-01-09,CEPK3792011478067,Active,1649.78
REC102095,MCH2905,Goyal-Gopal,5912,Pharmacy,Individual,Delhi,Delhi,2024-02-13,,Suspended,2312.5
REC102096,MCH5737,"Barad, Majumdar and Barad",5699,Apparel,Private Limited,Jaipur,Rajasthan,2025-12-18,,Active,589.94
REC102097,MCH9195,"Manne, Parsa and Ratta",5311,Department Store,Individual,Kolkata,West Bengal,2025-01-08,XXXX4221,Active,1304.69
REC102098,MCH7720,Agate-Krishnamurthy,7011,Hotel/Lodging,Private Limited,Chennai,Tamil Nadu,2025-10-12,,Active,475.0
REC102099,MCH4233,Parmar and Sons,5912,Pharmacy,Sole Proprietor,Bengaluru,Karnataka,2024-07-30,4132683121,Inactive,3068.07
REC102100,MCH5786,"Bhasin, Mandal and Tank",4131,Transportation,Individual,Kolkata,West Bengal,2025-08-02,2599782072,Inactive,1913.26
REC102101,MCH3405,"Dara, Boase and Chada",5999,Miscellaneous Retail,Partnership,Pune,Maharashtra,2024-03-06,XXXX5690,Active,210.2
REC102102,MCH6743,Zacharia Inc,5411,Grocery Store,Individual,Delhi,Delhi,2024-03-31,XXXX6034,Active,1075.68
REC102103,MCH4548,"Butala, Som and Modi",4131,Transportation,Private Limited,Bengaluru,Karnataka,,6510148022,Suspended,568.11
REC102104,MCH1639,Halder Inc,5411,Grocery Store,Sole Proprietor,Chennai,Tamil Nadu,2023-04-12,OKNU6888775607813,Disabled,
REC102105,MCH9640,"Jain, Sant and Oak",5699,Apparel,Individual,Bengaluru,Karnataka,,4751326262,Active,
REC102106,MCH1853,Mukhopadhyay Inc,5699,Apparel,Individual,Amritsar,Punjab,2024-04-10,,Active,2522.93
REC102107,MCH8563,Brar PLC,5812,Restaurant,Partnership,Pune,Maharashtra,2024-11-21,,Suspended,943.44
REC102108,MCH5851,"Chakrabarti, Sen and Misra",5411,Grocery Store,Sole Proprietor,Pune,Maharashtra,2026-02-15,XXXX3366,Active,1867.35
REC102109,MCH4170,Saha-Sangha,5311,Department Store,Individual,Lucknow,Uttar Pradesh,2024-05-31,YABO3956354404742,Active,1858.07
REC102110,MCH5795,"Sunder, Bera and Srinivas",7011,Hotel/Lodging,Private Limited,Kolkata,West Bengal,2023-05-19,,Active,167.0
REC102111,MCH4100,Raja-Vasa,7011,Hotel/Lodging,Sole Proprietor,Jalandhar,Punjab,2025-06-28,7806774171,Active,479.15
REC102112,MCH6634,Dave-Sundaram,5999,Miscellaneous Retail,Private Limited,Ludhiana,Punjab,2024-12-10,,Disabled,1276.14
REC102113,MCH8427,Lad-Vora,5942,Books & Stationery,Private Limited,Jalandhar,Punjab,2025-03-30,YVUE5995024073682,Suspended,815.94
REC102114,MCH5122,"Chand, Gupta and Bhargava",5812,Restaurant,Individual,Jalandhar,Punjab,2024-04-01,XXXX9761,Active,2946.92
REC102115,MCH2617,Mander-Parmar,4814,Telecom,Private Limited,Kolkata,West Bengal,2023-08-05,5203670066,Active,5191.58
REC102116,MCH9433,Chhabra-Naik,5912,Pharmacy,Individual,Jalandhar,Punjab,2023-12-14,CQOU4085851260723,Active,4629.09
REC102117,MCH1465,"Garg, Mallick and Chadha",5812,Restaurant,Private Limited,Delhi,Delhi,2024-03-24,AINO3925620579339,Active,443.93
REC102118,MCH8912,Chada Ltd,5411,Grocery Store,Partnership,Amritsar,Punjab,2023-09-12,MSHJ5068707529037,Active,1015.47
REC102119,MCH4261,More Ltd,5311,Department Store,Partnership,Pune,Maharashtra,2023-04-06,8057436193,Active,761.11
REC102120,MCH2975,"Bora, Mander and Dalal",5942,Books & Stationery,Sole Proprietor,Chennai,Tamil Nadu,2023-09-05,,Inactive,3477.51
REC102121,MCH6802,"Deo, Vohra and Palla",5311,Department Store,Private Limited,Delhi,Delhi,2024-04-11,,Active,1823.92
REC102122,MCH2105,"Savant, Chauhan and Kumer",5912,Pharmacy,Private Limited,Amritsar,Punjab,2024-09-28,,Active,
REC102123,MCH3094,Wagle-Thakkar,5699,Apparel,Individual,Bengaluru,Karnataka,2024-12-30,UIBH7195313053410,Active,1038.48
REC102124,MCH6282,Madan-Din,7011,Hotel/Lodging,Partnership,Amritsar,Punjab,2026-01-20,,Active,955.08
REC102125,MCH5872,Sandal Ltd,5411,Grocery Store,Private Limited,Bengaluru,Karnataka,,,Active,2434.63
REC102126,MCH2394,Rajagopalan LLC,5812,Restaurant,Partnership,Kolkata,West Bengal,,XXXX3997,Active,2001.35
REC102127,MCH1068,Mall-Palan,5999,Miscellaneous Retail,Sole Proprietor,Jaipur,Rajasthan,2026-02-09,PKRN8629349498422,Active,663.04
REC102128,MCH6355,Dutt PLC,5699,Apparel,Private Limited,Bengaluru,Karnataka,2025-04-01,4977061313,Active,495.94
REC102129,MCH6053,Barad-Sen,5999,Miscellaneous Retail,Individual,Kolkata,West Bengal,2025-10-20,4325467547,Active,2730.09
REC102130,MCH8781,Gade PLC,5912,Pharmacy,Private Limited,Mumbai,Maharashtra,2023-02-27,,Active,714.3
REC102131,MCH8548,Karpe Ltd,5812,Restaurant,Partnership,Delhi,Delhi,,,Active,699.0
REC102132,MCH5151,Sachar-Lad,4131,Transportation,Partnership,Mumbai,Maharashtra,2025-04-09,7481974508,Active,703.87
REC102133,MCH3663,Saini-Gaba,5699,Apparel,Sole Proprietor,Jaipur,Rajasthan,2025-02-03,,Active,377.05
REC102134,MCH9006,Chopra-Sandhu,5699,Apparel,Partnership,Lucknow,Uttar Pradesh,2024-04-03,XXXX5629,Active,1365.03
REC102135,MCH8792,Nagar LLC,5411,Grocery Store,Sole Proprietor,Jaipur,Rajasthan,2025-01-22,4320527012,Active,
REC102136,MCH1525,Sant-Bhavsar,5942,Books & Stationery,Individual,Jaipur,Rajasthan,2023-09-10,XXXX7524,Active,754.82
REC102137,MCH2766,"Chakraborty, Nazareth and Dasgupta",5411,Grocery Store,Private Limited,Chennai,Tamil Nadu,2025-05-19,WBWU7279932189451,Hold,2967.83
REC102138,MCH5125,Dave and Sons,5812,Restaurant,Private Limited,Ludhiana,Punjab,2025-06-15,XXXX1925,Active,838.15
REC102139,MCH8508,"Iyengar, Gill and Tella",5999,Miscellaneous Retail,Private Limited,Chennai,Tamil Nadu,2023-12-12,,Active,1985.47
REC102140,MCH6855,"Soman, Ravel and An and",5411,Grocery Store,Private Limited,Kolkata,West Bengal,2026-02-06,XXXX2710,Active,1385.58
REC102141,MCH1816,Aurora-Kata,5311,Department Store,Sole Proprietor,Lucknow,Uttar Pradesh,2025-03-15,,Active,1797.52
REC102142,MCH2436,Shetty-Gour,5999,Miscellaneous Retail,Individual,Hyderabad,Telangana,2024-06-30,,Active,2453.33
REC102143,MCH7384,Seshadri-Rai,4814,Telecom,Sole Proprietor,Kolkata,West Bengal,2024-01-13,,Active,4458.94
REC102144,MCH3143,"Zacharia, Buch and Yadav",5311,Department Store,Partnership,Hyderabad,Telangana,2023-03-13,UMIZ4082572641807,Active,4822.0
REC102145,MCH2965,Shroff-Prabhakar,5411,Grocery Store,Partnership,Amritsar,Punjab,,FISH8890557164281,Active,2028.0
REC102146,MCH9675,Mand-Varkey,5912,Pharmacy,Individual,Jalandhar,Punjab,2025-11-05,,Inactive,843.13
REC102147,MCH8139,"Mani, Kala and Verma",5311,Department Store,Individual,Amritsar,Punjab,2024-02-07,6294042962,Active,2137.68
REC102148,MCH9383,"Sarraf, Mand and Dalal",4131,Transportation,Partnership,Lucknow,Uttar Pradesh,2025-11-25,,Active,
REC102149,MCH2071,Dube-Kapadia,4814,Telecom,Sole Proprietor,Amritsar,Punjab,2024-08-19,5736154750,Active,1392.0
REC102150,MCH4786,Peri-Kannan,5999,Miscellaneous Retail,Partnership,Lucknow,Uttar Pradesh,2025-10-04,RIMN3324315836653,Active,
REC102151,MCH4916,Rama-Patel,5942,Books & Stationery,Individual,Delhi,Delhi,2025-06-24,XXXX0402,Active,
REC102152,MCH7062,"Karpe, Sekhon and Memon",5999,Miscellaneous Retail,Partnership,Chennai,Tamil Nadu,2024-07-18,ERAF1958847105569,Active,2267.0
REC102153,MCH9426,Singh-Narula,7011,Hotel/Lodging,Sole Proprietor,Chennai,Tamil Nadu,2023-07-08,CZYQ5289749024896,Active,615.87
REC102154,MCH8592,Venkatesh-Brahmbhatt,5942,Books & Stationery,Private Limited,Bengaluru,Karnataka,2023-11-29,XXXX8568,Active,2914.59
REC102155,MCH9291,"Thakkar, Bath and Uppal",5311,Department Store,Sole Proprietor,Lucknow,Uttar Pradesh,2024-12-24,XXXX5444,Inactive,3529.0
REC102156,MCH4440,"Dey, Bala and Shan",5699,Apparel,Sole Proprietor,Mumbai,Maharashtra,2023-04-01,FDNT8049485568761,Active,
REC102157,MCH1965,Kata Inc,5311,Department Store,Private Limited,Amritsar,Punjab,2023-04-04,,Active,686.92
REC102158,MCH9547,Anne-Narasimhan,5311,Department Store,Individual,Delhi,Delhi,2025-04-11,,Active,823.12
REC102159,MCH4589,Gera Ltd,4814,Telecom,Partnership,Jalandhar,Punjab,2024-01-12,,Active,504.98
REC102160,MCH8809,Narasimhan-Sem,4814,Telecom,Individual,Jalandhar,Punjab,2023-02-05,,Disabled,2118.31
REC102161,MCH3407,Lal LLC,5999,Miscellaneous Retail,Private Limited,Jalandhar,Punjab,2023-09-27,XXXX9006,Active,3232.78
REC102162,MCH8563,"Sen, Saxena and Chopra",5411,Grocery Store,Sole Proprietor,Pune,Maharashtra,2025-12-18,XXXX7720,Active,1384.68
REC102163,MCH8521,"Sankaran, Mangat and Gaba",5311,Department Store,Sole Proprietor,Delhi,Delhi,2024-11-24,MNDO2443340838612,Active,1028.11
REC102164,MCH6421,Wadhwa Ltd,5699,Apparel,Sole Proprietor,Bengaluru,Karnataka,2024-01-30,,Active,1782.12
REC102165,MCH8310,Chakraborty Ltd,4131,Transportation,Individual,Delhi,Delhi,2026-01-02,5355342816,Active,1287.03
REC102166,MCH9787,Nigam LLC,7011,Hotel/Lodging,Private Limited,Jaipur,Rajasthan,2023-06-18,,Inactive,717.19
REC102167,MCH5322,Parsa LLC,5912,Pharmacy,Individual,Jalandhar,Punjab,2023-03-26,XXXX3422,Active,2329.55
REC102168,MCH7359,Rajagopalan-Rattan,5912,Pharmacy,Sole Proprietor,Kolkata,West Bengal,2025-03-13,,Active,
REC102169,MCH4641,Karnik LLC,5311,Department Store,Sole Proprietor,Ludhiana,Punjab,2025-02-02,,Active,
REC102170,MCH2912,"Singhal, Iyengar and Balasubramanian",5411,Grocery Store,Sole Proprietor,Lucknow,Uttar Pradesh,2023-03-08,MPVF3803985979560,Inactive,
REC102171,MCH8204,Bumb-Bansal,7011,Hotel/Lodging,Private Limited,Jalandhar,Punjab,2025-10-13,0190035504,Active,1083.04
REC102172,MCH5855,"Rajagopalan, Muni and Prasad",5699,Apparel,Partnership,Jalandhar,Punjab,2023-09-08,,Active,115.41
REC102173,MCH4900,Karpe PLC,5411,Grocery Store,Sole Proprietor,Jalandhar,Punjab,2025-04-02,,Active,2695.78
REC102174,MCH9203,Patel-Bhasin,7011,Hotel/Lodging,Partnership,Delhi,Delhi,2025-04-14,XXXX4448,Active,1305.76
REC102175,MCH3307,Uppal and Sons,7011,Hotel/Lodging,Private Limited,Pune,Maharashtra,2023-07-03,WQAU2336118593269,Active,1033.39
REC102176,MCH4337,Sethi Ltd,4814,Telecom,Individual,Jalandhar,Punjab,2026-01-28,NBXU8148602683458,Inactive,3672.22
REC102177,MCH8957,Brar-Lanka,5999,Miscellaneous Retail,Individual,Jalandhar,Punjab,,,Active,1494.31
REC102178,MCH3177,"Shere, Pal and Kothari",5942,Books & Stationery,Private Limited,Jaipur,Rajasthan,2024-12-04,XXXX6075,Inactive,785.75
REC102179,MCH2949,"Mahal, Natt and Ghosh",5999,Miscellaneous Retail,Partnership,Jaipur,Rajasthan,2024-07-19,6197525290,Active,
REC102180,MCH7724,Bir-Mitra,5812,Restaurant,Private Limited,Chennai,Tamil Nadu,2023-04-04,BIAX4725507902960,Active,347.01
REC102181,MCH6246,Zachariah Group,5699,Apparel,Individual,Chennai,Tamil Nadu,2025-06-16,,Active,1510.7
REC102182,MCH7028,Jain-Merchant,5912,Pharmacy,Partnership,Lucknow,Uttar Pradesh,2025-10-16,,Active,542.31
REC102183,MCH7077,Basu LLC,7011,Hotel/Lodging,Individual,Lucknow,Uttar Pradesh,2025-08-18,5226667486,Hold,484.0
REC102184,MCH3662,Banerjee LLC,5699,Apparel,Individual,Hyderabad,Telangana,2024-03-15,,Inactive,1998.0
REC102185,MCH1649,Venkatesh PLC,5812,Restaurant,Private Limited,Delhi,Delhi,2024-03-08,6043188789,Blocked,851.41
REC102186,MCH8901,Raghavan-Bhavsar,5912,Pharmacy,Private Limited,Jalandhar,Punjab,2023-12-13,,Inactive,2886.4
REC102187,MCH8654,"Deshpande, Comar and Pandya",4814,Telecom,Individual,Delhi,Delhi,,2533166217,Active,898.0
REC102188,MCH2776,"Mittal, Shah and Kade",5411,Grocery Store,Private Limited,Mumbai,Maharashtra,2023-01-27,EGXV9123448025042,Active,10044.9
REC102189,MCH9359,"Ramanathan, Parekh and Agrawal",4131,Transportation,Partnership,Ludhiana,Punjab,2023-04-08,FQHN0033426656652,Active,3245.01
REC102190,MCH1389,Munshi-Behl,5411,Grocery Store,Individual,Pune,Maharashtra,2023-06-17,,Active,3913.0
REC102191,MCH2264,Sandal-Nadig,5912,Pharmacy,Individual,Kolkata,West Bengal,2024-04-27,,Active,1380.0
REC102192,MCH8736,Mitter-Sura,5812,Restaurant,Individual,Jalandhar,Punjab,2023-07-22,XXXX0698,Active,801.85
REC102193,MCH4097,"Kala, Khatri and D'Alia",5411,Grocery Store,Private Limited,Ludhiana,Punjab,2024-05-17,EPRC2590629110289,Inactive,1958.39
REC102194,MCH4164,Iyengar LLC,5999,Miscellaneous Retail,Sole Proprietor,Jaipur,Rajasthan,,LSYR7261669987207,Active,440.0
REC102195,MCH9410,Sagar-Chawla,5699,Apparel,Individual,Jalandhar,Punjab,2026-01-24,XXXX0534,Active,820.0
REC102196,MCH8358,Sarna-Singh,5699,Apparel,Sole Proprietor,Amritsar,Punjab,2025-12-16,XXXX7799,Suspended,1645.07
REC102197,MCH1109,Solanki Ltd,5311,Department Store,Partnership,Mumbai,Maharashtra,2023-07-23,XXXX9384,Active,1262.18
REC102198,MCH5528,"Bhagat, Sathe and Iyengar",5411,Grocery Store,Sole Proprietor,Pune,Maharashtra,2026-02-13,,Active,668.43
REC102199,MCH2656,"Patla, Deo and Babu",5912,Pharmacy,Partnership,Jaipur,Rajasthan,2026-02-02,2362196367,Active,1217.69
REC102200,MCH3358,Suri-Dhillon,4131,Transportation,Individual,Kolkata,West Bengal,2023-09-22,3713072949,Inactive,665.29
REC102201,MCH8110,Kamdar-Raval,5999,Miscellaneous Retail,Partnership,Lucknow,Uttar Pradesh,2023-07-13,,Inactive,768.59
REC102202,MCH5387,Khatri Group,7011,Hotel/Lodging,Sole Proprietor,Delhi,Delhi,2025-10-06,6200633333,Active,1172.0
REC102203,MCH4897,Bahl PLC,4131,Transportation,Partnership,Amritsar,Punjab,2024-03-09,,Active,6953.87
REC102204,MCH7780,Jain PLC,5912,Pharmacy,Sole Proprietor,Lucknow,Uttar Pradesh,2025-07-19,,Active,
REC102205,MCH9370,Mallick-Gola,5999,Miscellaneous Retail,Private Limited,Jaipur,Rajasthan,2023-02-20,LVKV0562210759080,Active,4284.71
REC102206,MCH4334,"Nazareth, Loyal and Dhar",5311,Department Store,Individual,Ludhiana,Punjab,2025-11-09,6420363344,Active,6505.28
REC102207,MCH4902,"Pingle, Choudhary and Raghavan",7011,Hotel/Lodging,Sole Proprietor,Bengaluru,Karnataka,2023-03-31,,Active,482.41
REC102208,MCH9012,Nagy-Master,5999,Miscellaneous Retail,Private Limited,Mumbai,Maharashtra,2023-01-10,XXXX7097,Blocked,297.61
REC102209,MCH5541,Sheth and Sons,5812,Restaurant,Individual,Bengaluru,Karnataka,2024-07-13,,Active,548.54
REC102210,MCH2172,"Taneja, Raj and Vora",7011,Hotel/Lodging,Sole Proprietor,Hyderabad,Telangana,2025-06-15,,Active,466.45
REC102211,MCH6150,"Chada, Vala and Merchant",4814,Telecom,Private Limited,Hyderabad,Telangana,2024-10-10,6593744761,Inactive,616.0
REC102212,MCH3006,Biswas-Ram,5999,Miscellaneous Retail,Individual,Lucknow,Uttar Pradesh,2023-08-14,XXXX8226,Active,638.0
REC102213,MCH4606,"Johal, Kapur and Chhabra",4814,Telecom,Partnership,Jalandhar,Punjab,,,Active,
REC102214,MCH2654,Lanka Inc,7011,Hotel/Lodging,Sole Proprietor,Jalandhar,Punjab,2024-02-18,,Active,1563.2
REC102215,MCH8865,Wali-Yogi,5942,Books & Stationery,Partnership,Pune,Maharashtra,,ADDY9100060907565,Active,1783.0
REC102216,MCH3860,Sama Group,5699,Apparel,Sole Proprietor,Chennai,Tamil Nadu,2023-10-03,,Active,448.66
REC102217,MCH1946,Kanda Group,5812,Restaurant,Partnership,Kolkata,West Bengal,,YUNT1236584633844,Active,1028.0
REC102218,MCH7863,Kade-Saxena,7011,Hotel/Lodging,Partnership,Amritsar,Punjab,,5883030838,Blocked,432.77
REC102219,MCH8126,Bassi-Hari,5411,Grocery Store,Individual,Jalandhar,Punjab,2024-12-31,4590614037,Active,502.0
REC102220,MCH7521,"Sawhney, Desai and Andra",5999,Miscellaneous Retail,Private Limited,Ludhiana,Punjab,2024-02-12,XXXX3945,Active,1639.0
REC102221,MCH8078,Thaman-Ganguly,5912,Pharmacy,Sole Proprietor,Mumbai,Maharashtra,2023-07-12,7715038972,Active,1158.31
REC102222,MCH7185,Krishnamurthy PLC,5942,Books & Stationery,Sole Proprietor,Jaipur,Rajasthan,2023-03-06,XXXX2381,Closed,1581.12
REC102223,MCH9320,Char Inc,5411,Grocery Store,Private Limited,Hyderabad,Telangana,2025-11-22,OFHR1997447322569,Active,695.0
REC102224,MCH8648,"Kumer, Pradhan and Pai",5912,Pharmacy,Sole Proprietor,Jalandhar,Punjab,2023-12-17,CPHP6408157927970,Active,2147.87
REC102225,MCH1003,"Nayar, Batta and Barad",5699,Apparel,Private Limited,Chennai,Tamil Nadu,,,Active,792.91
REC102226,MCH6258,"Mitra, Nori and Venkataraman",5912,Pharmacy,Private Limited,Hyderabad,Telangana,2025-02-10,,Active,353.34
REC102227,MCH9386,"Kothari, Sant and Loyal",5699,Apparel,Individual,Bengaluru,Karnataka,2023-01-04,XXXX0692,Active,2792.0
REC102228,MCH3671,"Vala, Dhar and Wason",5912,Pharmacy,Individual,Chennai,Tamil Nadu,,,Active,2167.0
REC102229,MCH6979,Nadig Ltd,5912,Pharmacy,Sole Proprietor,Chennai,Tamil Nadu,2023-05-18,SYHI9438066539953,Active,640.32
REC102230,MCH3146,Batta-Sharaf,4131,Transportation,Individual,Pune,Maharashtra,2024-10-02,MHGR0082109008102,Active,898.04
REC102231,MCH4370,Kuruvilla and Sons,5999,Miscellaneous Retail,Individual,Mumbai,Maharashtra,2023-08-18,,Active,
REC102232,MCH4421,"Dua, Lad and Bassi",5411,Grocery Store,Sole Proprietor,Amritsar,Punjab,2024-06-21,,Active,1610.18
REC102233,MCH3506,Peri Group,7011,Hotel/Lodging,Individual,Bengaluru,Karnataka,,PINF7358781184682,Active,3808.09
REC102234,MCH8346,Sawhney-Pillai,5699,Apparel,Individual,Lucknow,Uttar Pradesh,2023-03-06,,Active,2613.63
REC102235,MCH3277,Issac-Lata,4814,Telecom,Partnership,Delhi,Delhi,2025-09-22,RPRG9004987881265,Active,1571.63
REC102236,MCH3820,Behl LLC,5311,Department Store,Partnership,Jalandhar,Punjab,2023-05-30,8600214749,Inactive,983.06
REC102237,MCH3484,Sidhu LLC,5999,Miscellaneous Retail,Individual,Ludhiana,Punjab,,,Active,
REC102238,MCH7615,"Dar, Parekh and De",5812,Restaurant,Sole Proprietor,Lucknow,Uttar Pradesh,,4443349499,Disabled,2530.9
REC102239,MCH9271,"Bera, Contractor and Trivedi",4131,Transportation,Sole Proprietor,Delhi,Delhi,2025-02-20,KHLJ8243266357655,Active,
REC102240,MCH4548,Sarin Ltd,5912,Pharmacy,Private Limited,Delhi,Delhi,,3265650948,Disabled,
REC102241,MCH5716,Nadig Inc,4814,Telecom,Individual,Chennai,Tamil Nadu,2025-06-26,,Active,1811.84
REC102242,MCH4298,Yadav LLC,5999,Miscellaneous Retail,Sole Proprietor,Mumbai,Maharashtra,2023-07-19,,Active,
REC102243,MCH9954,"Dutta, Johal and Char",5699,Apparel,Sole Proprietor,Delhi,Delhi,2025-12-23,ERMO2255417001428,Active,3148.72
REC102244,MCH2786,Cheema and Sons,5411,Grocery Store,Sole Proprietor,Bengaluru,Karnataka,2024-10-11,,Inactive,5082.9
REC102245,MCH2174,"Sood, Chowdhury and Chacko",7011,Hotel/Lodging,Private Limited,Delhi,Delhi,2024-03-13,8824000729,Disabled,1287.16
REC102246,MCH2917,"Deol, Kibe and Khanna",5999,Miscellaneous Retail,Private Limited,Delhi,Delhi,2024-07-23,XXXX8419,Active,356.58
REC102247,MCH3829,Bansal Ltd,7011,Hotel/Lodging,Private Limited,Pune,Maharashtra,2024-12-04,XXXX7846,Active,2565.33
REC102248,MCH7659,"Bali, Balan and Ramachandran",5942,Books & Stationery,Partnership,Delhi,Delhi,2023-10-04,XXXX6852,Active,1079.0
REC102249,MCH2087,Dubey-Doctor,5999,Miscellaneous Retail,Individual,Amritsar,Punjab,2025-04-17,0974736100,Active,4751.6
REC102250,MCH4974,Krishna PLC,5699,Apparel,Individual,Kolkata,West Bengal,2023-04-18,3596123048,Suspended,1458.56
REC102251,MCH4214,"Mitra, Oak and Keer",5699,Apparel,Individual,Bengaluru,Karnataka,2024-02-12,,Active,1159.46
REC102252,MCH8033,Gole Group,5942,Books & Stationery,Private Limited,Jalandhar,Punjab,2025-05-22,3271616033,Active,1372.74
REC102253,MCH3649,"Jain, Sama and Sarma",5999,Miscellaneous Retail,Partnership,Mumbai,Maharashtra,2025-06-08,XXXX8840,Active,671.85
REC102254,MCH7692,Ratti-Patla,5311,Department Store,Individual,Amritsar,Punjab,2025-07-10,XXXX7379,Active,2270.3
REC102255,MCH1852,Prabhu Group,5411,Grocery Store,Individual,Mumbai,Maharashtra,2024-03-31,8479119924,Active,786.71
REC102256,MCH3883,Vohra and Sons,7011,Hotel/Lodging,Individual,Mumbai,Maharashtra,2023-11-17,1962011949,Active,
REC102257,MCH5601,Raj-Gopal,7011,Hotel/Lodging,Private Limited,Jalandhar,Punjab,2024-05-17,6301334461,Active,
REC102258,MCH2943,Kuruvilla and Sons,5812,Restaurant,Sole Proprietor,Pune,Maharashtra,,2379382640,Active,1517.82
REC102259,MCH4936,"Bhalla, Gour and Khare",5411,Grocery Store,Individual,Jalandhar,Punjab,2025-10-14,0586737361,Active,739.83
REC102260,MCH3451,Amble-Nair,5912,Pharmacy,Sole Proprietor,Amritsar,Punjab,2025-10-06,XXXX8569,Suspended,
REC102261,MCH6433,Bhattacharyya Ltd,4814,Telecom,Partnership,Bengaluru,Karnataka,2024-12-31,,Inactive,1248.03
REC102262,MCH3572,"Vohra, Chander and Padmanabhan",5812,Restaurant,Sole Proprietor,Hyderabad,Telangana,2024-05-16,,Active,793.52
REC102263,MCH3388,Prakash Inc,5999,Miscellaneous Retail,Individual,Kolkata,West Bengal,2024-02-14,,Closed,1438.0
REC102264,MCH4182,"More, Sarma and Baria",4814,Telecom,Individual,Mumbai,Maharashtra,2026-01-01,XXXX3295,Active,4102.61
REC102265,MCH4578,Bedi LLC,5942,Books & Stationery,Private Limited,Kolkata,West Bengal,2023-11-29,,Active,360.0
REC102266,MCH8200,Rai-Bhargava,5942,Books & Stationery,Sole Proprietor,Amritsar,Punjab,2023-07-19,,Active,
REC102267,MCH7954,Sur Inc,7011,Hotel/Lodging,Private Limited,Hyderabad,Telangana,2025-01-04,,Active,2803.0
REC102268,MCH8504,Gala-Bath,5411,Grocery Store,Private Limited,Bengaluru,Karnataka,2023-05-24,HUGZ7718103709815,Active,4220.0
REC102269,MCH9067,Boase-Sule,5942,Books & Stationery,Individual,Jalandhar,Punjab,2025-09-06,,Active,1045.82
REC102270,MCH8978,Talwar and Sons,5942,Books & Stationery,Sole Proprietor,Mumbai,Maharashtra,2023-05-23,,Active,4704.55
REC102271,MCH2712,"Rai, Ghose and Wadhwa",5411,Grocery Store,Private Limited,Amritsar,Punjab,2023-09-30,XXXX9691,Active,2957.32
REC102272,MCH3642,Prabhu-Pai,5411,Grocery Store,Sole Proprietor,Kolkata,West Bengal,2025-11-24,,Active,3223.63
REC102273,MCH8125,Sahni-Ahuja,5311,Department Store,Partnership,Hyderabad,Telangana,2025-07-23,,Active,6045.0
REC102274,MCH9625,Tripathi PLC,4814,Telecom,Private Limited,Amritsar,Punjab,2024-09-11,,Active,
REC102275,MCH2269,"Dalal, Samra and Kala",7011,Hotel/Lodging,Sole Proprietor,Pune,Maharashtra,2025-10-08,,Active,
REC102276,MCH2885,"Varkey, Goda and Bala",5812,Restaurant,Private Limited,Mumbai,Maharashtra,2023-01-23,0317882844,Active,4853.92
REC102277,MCH8955,Sani LLC,7011,Hotel/Lodging,Private Limited,Chennai,Tamil Nadu,2023-09-26,RSSK2984777812430,Active,
REC102278,MCH7095,"Sachdev, Sunder and Dalal",5942,Books & Stationery,Partnership,Mumbai,Maharashtra,2025-07-20,6394590196,Active,3937.6
REC102279,MCH4775,"Divan, Buch and Kunda",4814,Telecom,Sole Proprietor,Lucknow,Uttar Pradesh,2025-07-07,1956916316,Disabled,562.44
REC102280,MCH8401,Pandey PLC,7011,Hotel/Lodging,Partnership,Chennai,Tamil Nadu,2025-09-09,0328253862,Active,625.0
REC102281,MCH5148,"Bose, Ranganathan and Bose",5411,Grocery Store,Individual,Amritsar,Punjab,2024-10-20,,Active,
REC102282,MCH3616,Dua Group,5942,Books & Stationery,Private Limited,Lucknow,Uttar Pradesh,2026-02-24,CYIZ1339742109891,Active,
REC102283,MCH1612,"Andra, Chana and Saha",5812,Restaurant,Sole Proprietor,Lucknow,Uttar Pradesh,2025-10-27,5702735332,Inactive,655.56
REC102284,MCH2530,Bal-Sant,5999,Miscellaneous Retail,Partnership,Kolkata,West Bengal,2023-08-06,XXXX3441,Active,372.49
REC102285,MCH2970,Golla-Vora,5699,Apparel,Individual,Kolkata,West Bengal,2025-02-01,,Active,326.25
REC102286,MCH5482,"Tiwari, Jain and Hayer",4131,Transportation,Sole Proprietor,Chennai,Tamil Nadu,,7104632186,Active,249.86
REC102287,MCH7540,Solanki Inc,5999,Miscellaneous Retail,Partnership,Jalandhar,Punjab,2024-08-04,XXXX7550,Active,579.73
REC102288,MCH7058,"Biswas, Arya and Chaudhary",5812,Restaurant,Sole Proprietor,Hyderabad,Telangana,2023-04-09,,Active,822.57
REC102289,MCH2770,"Deep, Ganguly and Solanki",5699,Apparel,Individual,Chennai,Tamil Nadu,2025-07-31,,Active,660.0
REC102290,MCH1639,"Borah, Dhaliwal and Morar",5999,Miscellaneous Retail,Partnership,Kolkata,West Bengal,2024-11-14,XXXX3629,Active,7799.0
REC102291,MCH1506,Gandhi-Loke,5912,Pharmacy,Partnership,Chennai,Tamil Nadu,2024-06-13,,Active,967.0
REC102292,MCH4232,Sehgal-Rama,5411,Grocery Store,Partnership,Kolkata,West Bengal,2023-03-31,XXXX1805,Active,4112.72
REC102293,MCH2934,Sama PLC,5311,Department Store,Individual,Jalandhar,Punjab,2023-10-13,6130921180,Active,1759.02
REC102294,MCH5196,Saini Ltd,5311,Department Store,Private Limited,Jalandhar,Punjab,2025-02-23,GPCS2279648422088,Hold,
REC102295,MCH2845,Narasimhan LLC,5999,Miscellaneous Retail,Partnership,Amritsar,Punjab,2024-10-01,2844893176,Active,5926.94
REC102296,MCH9134,Edwin-Viswanathan,5699,Apparel,Sole Proprietor,Jalandhar,Punjab,,,Active,1602.69
REC102297,MCH2772,Goyal Inc,5942,Books & Stationery,Individual,Delhi,Delhi,2023-04-22,,Inactive,478.58
REC102298,MCH9896,Dave-Vasa,5311,Department Store,Partnership,Pune,Maharashtra,2023-09-30,XXXX8599,Active,3148.67
REC102299,MCH1070,Pandya PLC,5999,Miscellaneous Retail,Private Limited,Chennai,Tamil Nadu,2024-09-03,,Active,1259.2
REC102300,MCH4884,"Reddy, Wason and Magar",4131,Transportation,Private Limited,Kolkata,West Bengal,2023-05-16,,Closed,2421.0
REC102301,MCH6075,"Lad, Menon and Tiwari",4814,Telecom,Private Limited,Bengaluru,Karnataka,2023-08-06,3853486592,Active,709.64
REC102302,MCH5489,Nath Ltd,5311,Department Store,Individual,Jaipur,Rajasthan,2025-01-22,XXXX9871,Active,3788.36
REC102303,MCH4101,Raval PLC,7011,Hotel/Lodging,Individual,Bengaluru,Karnataka,2023-11-26,XXXX6243,Active,1096.15
REC102304,MCH5166,Roy-Srinivasan,4814,Telecom,Individual,Bengaluru,Karnataka,2025-09-24,,Closed,1501.14
REC102305,MCH2492,Chandran Group,5812,Restaurant,Partnership,Amritsar,Punjab,2023-11-13,,Active,1360.0
REC102306,MCH2117,Lal Group,7011,Hotel/Lodging,Partnership,Jaipur,Rajasthan,2025-10-28,,Active,2615.21
REC102307,MCH3628,Mitra Ltd,5699,Apparel,Sole Proprietor,Delhi,Delhi,2023-08-05,,Active,3214.64
REC102308,MCH9635,Konda-Verma,5942,Books & Stationery,Individual,Chennai,Tamil Nadu,2023-09-10,BAID6365865587003,Active,4885.39
REC102309,MCH3189,De-Kakar,4131,Transportation,Sole Proprietor,Hyderabad,Telangana,2023-07-21,IBQI3951526750314,Suspended,
REC102310,MCH8107,Ramachandran Ltd,5999,Miscellaneous Retail,Partnership,Jaipur,Rajasthan,,XXXX9786,Active,
REC102311,MCH6440,"Rajagopalan, Parsa and Rana",5311,Department Store,Partnership,Kolkata,West Bengal,,XXXX7920,Active,
REC102312,MCH3419,"Bansal, Naidu and Baria",5912,Pharmacy,Private Limited,Pune,Maharashtra,2024-03-26,,Active,357.64
REC102313,MCH4107,Pandey-Sastry,5699,Apparel,Sole Proprietor,Jalandhar,Punjab,2025-09-30,,Inactive,319.0
REC102314,MCH8255,"Yadav, Goyal and Sem",5699,Apparel,Individual,Jalandhar,Punjab,2023-11-02,3847429821,Active,2733.83
REC102315,MCH4167,Banerjee PLC,5812,Restaurant,Private Limited,Jaipur,Rajasthan,2023-10-26,0359713913,Active,3120.61
REC102316,MCH7977,"Kohli, Vaidya and Nagar",7011,Hotel/Lodging,Sole Proprietor,Chennai,Tamil Nadu,2025-07-23,PYMW1543762535071,Active,4790.0
REC102317,MCH8790,Thaman-Singh,5912,Pharmacy,Individual,Kolkata,West Bengal,2024-02-04,,Active,
REC102318,MCH4397,Tailor-Pandey,5912,Pharmacy,Private Limited,Pune,Maharashtra,2024-10-24,,Active,
REC102319,MCH1971,Khanna and Sons,4814,Telecom,Partnership,Mumbai,Maharashtra,2026-02-06,XXXX1386,Active,2326.17
REC102320,MCH8241,Bhasin and Sons,5999,Miscellaneous Retail,Private Limited,Jaipur,Rajasthan,2025-07-28,,Active,509.62
REC102321,MCH2042,"Rai, Das and Bava",5311,Department Store,Partnership,Pune,Maharashtra,2023-12-17,ZYCY1593553139876,Active,1564.88
REC102322,MCH5656,Sen-Dube,5942,Books & Stationery,Partnership,Pune,Maharashtra,2024-05-03,XTPH3643560347441,Inactive,1139.41
REC102323,MCH8439,Bala and Sons,5912,Pharmacy,Individual,Jalandhar,Punjab,2024-09-14,,Active,1591.75
REC102324,MCH8624,Kannan-Mital,5912,Pharmacy,Sole Proprietor,Pune,Maharashtra,2023-05-20,BFXZ1340418444371,Active,1202.33
REC102325,MCH7363,Babu-Acharya,5999,Miscellaneous Retail,Sole Proprietor,Kolkata,West Bengal,2024-03-03,,Active,1983.77
REC102326,MCH5045,More-Doctor,5311,Department Store,Individual,Bengaluru,Karnataka,2025-09-15,,Suspended,145.75
REC102327,MCH4708,Loke-Ganesan,5999,Miscellaneous Retail,Sole Proprietor,Jalandhar,Punjab,2024-02-22,,Active,1266.56
REC102328,MCH6462,"Vaidya, Kunda and Bhavsar",5311,Department Store,Private Limited,Lucknow,Uttar Pradesh,2025-12-19,5665285252,Active,1652.23
REC102329,MCH2425,Suri-Kurian,5411,Grocery Store,Partnership,Ludhiana,Punjab,2023-06-06,,Active,1800.35
REC102330,MCH8154,Yohannan PLC,4131,Transportation,Sole Proprietor,Jalandhar,Punjab,2023-06-26,,Suspended,998.6
REC102331,MCH2309,"Bajaj, Chakraborty and Malhotra",5311,Department Store,Individual,Amritsar,Punjab,2026-01-24,RUZB5463334435942,Active,355.13
REC102332,MCH1828,Mohanty-Gole,5999,Miscellaneous Retail,Sole Proprietor,Kolkata,West Bengal,2024-04-21,IQWO0971212362898,Inactive,408.75
REC102333,MCH6418,Doctor Ltd,7011,Hotel/Lodging,Sole Proprietor,Jalandhar,Punjab,,,Active,1362.45
REC102334,MCH8035,"Munshi, Mani and Taneja",5999,Miscellaneous Retail,Individual,Mumbai,Maharashtra,2025-02-08,5547624355,Active,
REC102335,MCH2016,"Amble, Yadav and Dube",5999,Miscellaneous Retail,Partnership,Kolkata,West Bengal,2025-03-18,XXXX3614,Hold,10324.69
REC102336,MCH5479,"Mukherjee, Nazareth and Palla",5812,Restaurant,Sole Proprietor,Ludhiana,Punjab,2024-02-19,XXXX2442,Active,
REC102337,MCH3460,Chand-Bora,5411,Grocery Store,Individual,Kolkata,West Bengal,2025-02-05,,Active,
REC102338,MCH4889,Bhatti-Kapoor,5999,Miscellaneous Retail,Individual,Jalandhar,Punjab,2025-01-26,,Active,2464.23
REC102339,MCH2504,"Pau, Mody and Dora",5912,Pharmacy,Private Limited,Mumbai,Maharashtra,2023-04-08,XXXX3089,Inactive,
REC102340,MCH1250,Bhardwaj-Wable,4131,Transportation,Private Limited,Pune,Maharashtra,2025-11-04,,Active,515.0
REC102341,MCH1155,Sha LLC,4131,Transportation,Sole Proprietor,Amritsar,Punjab,2024-03-08,,Disabled,1753.08
REC102342,MCH2229,"Kala, Baral and Subramanian",5311,Department Store,Private Limited,Mumbai,Maharashtra,2025-12-21,,Active,577.0
REC102343,MCH2149,"Doctor, Varughese and Hans",5942,Books & Stationery,Individual,Bengaluru,Karnataka,2025-05-07,XXXX2634,Active,3778.33
REC102344,MCH4536,Gulati and Sons,5311,Department Store,Individual,Delhi,Delhi,2024-12-06,,Active,951.8
REC102345,MCH1219,Khare-Puri,5812,Restaurant,Partnership,Amritsar,Punjab,2024-11-21,,Active,2174.0
REC102346,MCH9068,Halder PLC,5699,Apparel,Private Limited,Jalandhar,Punjab,2023-10-08,3161253540,Active,5193.72
REC102347,MCH5396,Manda-Seth,4131,Transportation,Sole Proprietor,Delhi,Delhi,2023-01-11,,Active,439.03
REC102348,MCH9661,Ramanathan Group,7011,Hotel/Lodging,Individual,Mumbai,Maharashtra,2023-11-10,,Active,735.62
REC102349,MCH1993,Dhaliwal PLC,4814,Telecom,Sole Proprietor,Amritsar,Punjab,,8690977818,Active,428.65
REC102350,MCH6565,Parmer-Datta,4814,Telecom,Sole Proprietor,Hyderabad,Telangana,2023-07-28,XXXX1044,Active,2464.68
REC102351,MCH1501,Anand-Bhatt,4814,Telecom,Partnership,Hyderabad,Telangana,2025-11-07,XXXX2933,Active,4185.6
REC102352,MCH2959,Kanda LLC,5812,Restaurant,Private Limited,Kolkata,West Bengal,2023-10-08,,Active,6588.76
REC102353,MCH5362,"Kunda, Tiwari and Nagi",5912,Pharmacy,Private Limited,Jaipur,Rajasthan,2024-08-09,,Active,1922.99
REC102354,MCH2990,Rout and Sons,7011,Hotel/Lodging,Sole Proprietor,Ludhiana,Punjab,2025-08-30,XXXX7294,Active,1050.53
REC102355,MCH8060,"Bal, Garde and Puri",5699,Apparel,Private Limited,Kolkata,West Bengal,2024-12-06,XXXX9739,Active,1604.68
REC102356,MCH5775,Srinivas Ltd,5311,Department Store,Individual,Kolkata,West Bengal,2025-11-01,AIEV2153769743983,Active,7152.05
REC102357,MCH7093,Pai-Pau,7011,Hotel/Lodging,Individual,Mumbai,Maharashtra,2025-03-19,,Suspended,1636.89
REC102358,MCH1995,"Mand, Halder and Rajagopalan",5942,Books & Stationery,Partnership,Jaipur,Rajasthan,2024-04-04,COIS3057851068966,Disabled,158.78
REC102359,MCH9882,Joshi PLC,4814,Telecom,Sole Proprietor,Jaipur,Rajasthan,,,Active,320.23
REC102360,MCH4948,Dass-Dhaliwal,5812,Restaurant,Partnership,Jalandhar,Punjab,2024-06-25,XXXX1800,Active,
REC102361,MCH3207,"Gala, Khatri and Khalsa",5912,Pharmacy,Partnership,Amritsar,Punjab,2024-04-23,7398854821,Active,929.51
REC102362,MCH4713,Sura-Boase,5699,Apparel,Sole Proprietor,Amritsar,Punjab,2023-04-12,,Active,1694.6
REC102363,MCH3535,Kaur LLC,7011,Hotel/Lodging,Individual,Ludhiana,Punjab,2023-04-22,XXXX4614,Active,438.79
REC102364,MCH9601,Joshi-Chauhan,4131,Transportation,Private Limited,Bengaluru,Karnataka,2023-10-05,GXDF2258830455225,Active,1949.42
REC102365,MCH1833,"Bhatnagar, Bhavsar and Iyengar",4131,Transportation,Partnership,Mumbai,Maharashtra,2023-06-24,XXXX4268,Active,2843.21
REC102366,MCH5444,Pradhan-Nair,5999,Miscellaneous Retail,Sole Proprietor,Lucknow,Uttar Pradesh,2024-07-27,7036093641,Active,372.0
REC102367,MCH3846,Khanna-Badal,5311,Department Store,Private Limited,Delhi,Delhi,2025-04-18,9124984839,Active,3521.78
REC102368,MCH5881,Sengupta-Bhat,5912,Pharmacy,Sole Proprietor,Kolkata,West Bengal,2025-12-16,XXXX8685,Active,1381.95
REC102369,MCH5113,Mani-Buch,5699,Apparel,Partnership,Pune,Maharashtra,2025-04-11,XXXX7200,Active,2132.66
REC102370,MCH9393,Subramanian LLC,7011,Hotel/Lodging,Individual,Bengaluru,Karnataka,2025-01-10,CNXK7674132644684,Active,1268.96
REC102371,MCH5538,Barad-Nigam,4814,Telecom,Partnership,Pune,Maharashtra,2025-01-10,,Active,2223.97
REC102372,MCH5588,Divan-Yohannan,4131,Transportation,Individual,Hyderabad,Telangana,,,Active,203.0
REC102373,MCH5383,Ray-Dara,7011,Hotel/Lodging,Private Limited,Delhi,Delhi,2025-04-11,8306637821,Active,2541.0
REC102374,MCH5271,Choudhary-Chaudhry,5812,Restaurant,Partnership,Ludhiana,Punjab,2025-11-30,1480455412,Active,
REC102375,MCH1089,"Mann, Edwin and Misra",5411,Grocery Store,Individual,Jaipur,Rajasthan,,7489263549,Active,678.0
REC102376,MCH8033,Murty-Grover,5999,Miscellaneous Retail,Partnership,Amritsar,Punjab,2024-11-06,VUQA2025298324084,Active,2125.0
REC102377,MCH9636,Kibe-Magar,5699,Apparel,Individual,Bengaluru,Karnataka,2023-08-21,SSYN5165458216497,Active,
REC102378,MCH2838,"Goel, Ch and and Pai",5999,Miscellaneous Retail,Partnership,Pune,Maharashtra,2024-12-28,,Active,
REC102379,MCH2128,Ghosh-Sharaf,5812,Restaurant,Partnership,Amritsar,Punjab,2023-12-21,6688236722,Active,3157.17
REC102380,MCH3577,"Ratta, Mane and Kapadia",5812,Restaurant,Individual,Amritsar,Punjab,,XXXX9384,Active,1820.36
REC102381,MCH6578,"Varty, Mutti and Banik",5942,Books & Stationery,Sole Proprietor,Lucknow,Uttar Pradesh,2025-01-21,,Suspended,1771.19
REC102382,MCH2708,"Mand, Zacharia and Vora",4131,Transportation,Sole Proprietor,Chennai,Tamil Nadu,2026-01-20,XXXX2440,Active,363.56
REC102383,MCH3793,"Sankar, Parsa and Shere",7011,Hotel/Lodging,Sole Proprietor,Ludhiana,Punjab,2025-03-30,3431564371,Active,6906.85
REC102384,MCH7620,Narain-Balasubramanian,5942,Books & Stationery,Private Limited,Chennai,Tamil Nadu,2025-02-14,2629867303,Active,2086.1
REC102385,MCH4448,Gara and Sons,5999,Miscellaneous Retail,Individual,Chennai,Tamil Nadu,2025-09-24,XXXX6028,Suspended,1524.31
REC102386,MCH8746,Kari Inc,5912,Pharmacy,Partnership,Pune,Maharashtra,2024-10-11,XXXX5648,Active,
REC102387,MCH3616,"Comar, Munshi and Kakar",5311,Department Store,Private Limited,Amritsar,Punjab,2023-09-07,,Active,377.75
REC102388,MCH5648,Jain-Bera,5912,Pharmacy,Sole Proprietor,Ludhiana,Punjab,,,Inactive,1745.3
REC102389,MCH1377,"Taneja, Din and Kaul",5812,Restaurant,Sole Proprietor,Delhi,Delhi,2025-10-05,QWQZ7332733729369,Active,767.08
REC102390,MCH3155,Agarwal Ltd,5311,Department Store,Partnership,Chennai,Tamil Nadu,2023-11-23,,Active,1414.89
REC102391,MCH5531,"Dhingra, Sangha and Sidhu",5411,Grocery Store,Partnership,Mumbai,Maharashtra,2025-04-25,0878189587,Inactive,
REC102392,MCH8453,"Jaggi, Saxena and Ratta",5411,Grocery Store,Partnership,Amritsar,Punjab,2023-11-19,,Active,599.17
REC102393,MCH2090,Upadhyay PLC,5812,Restaurant,Sole Proprietor,Delhi,Delhi,2026-01-05,KZDI9850791739312,Active,439.31
REC102394,MCH3189,Kapoor-Hegde,5411,Grocery Store,Partnership,Hyderabad,Telangana,2023-02-01,XXXX4992,Active,3153.88
REC102395,MCH9957,"Chatterjee, Goda and Saraf",4814,Telecom,Sole Proprietor,Ludhiana,Punjab,2025-05-10,XXXX6546,Active,533.81
REC102396,MCH1654,More PLC,5999,Miscellaneous Retail,Individual,Bengaluru,Karnataka,2025-02-18,,Active,2598.19
REC102397,MCH5606,"Hayer, Mukherjee and Kohli",5812,Restaurant,Partnership,Kolkata,West Bengal,2023-06-16,,Active,1765.0
REC102398,MCH1077,Taneja-Nagar,5411,Grocery Store,Individual,Amritsar,Punjab,2026-02-27,QQWI6101172213624,Active,358.21
REC102399,MCH8768,"Garde, Mohan and Sridhar",5311,Department Store,Individual,Kolkata,West Bengal,2024-05-12,,Suspended,1569.36
REC102400,MCH3577,"Dhawan, Bobal and Vala",5942,Books & Stationery,Sole Proprietor,Lucknow,Uttar Pradesh,2025-01-26,VJHP2127047917402,Active,
REC102401,MCH1986,Vaidya-Roy,5699,Apparel,Individual,Bengaluru,Karnataka,2026-01-19,,Active,1981.5
REC102402,MCH7731,"Issac, Muni and Natt",5942,Books & Stationery,Individual,Hyderabad,Telangana,,XXXX4637,Active,236.08
REC102403,MCH8341,Jha Ltd,4814,Telecom,Private Limited,Chennai,Tamil Nadu,2023-02-07,XXXX7449,Active,2211.95
REC102404,MCH9131,"Arya, Narang and Maharaj",7011,Hotel/Lodging,Individual,Jaipur,Rajasthan,2024-04-19,,Active,6588.75
REC102405,MCH9820,"Rai, Saha and Lalla",7011,Hotel/Lodging,Individual,Amritsar,Punjab,2024-10-13,,Active,3129.0
REC102406,MCH7237,Reddy-Majumdar,5812,Restaurant,Partnership,Delhi,Delhi,2024-12-13,,Active,987.48
REC102407,MCH1249,"Varkey, Kulkarni and More",5311,Department Store,Sole Proprietor,Bengaluru,Karnataka,2023-07-26,,Active,1049.44
REC102408,MCH8332,"Sethi, Buch and Sachdeva",7011,Hotel/Lodging,Individual,Hyderabad,Telangana,2025-05-04,,Active,1666.61
REC102409,MCH7313,Sarma LLC,4131,Transportation,Individual,Kolkata,West Bengal,2025-07-04,XXXX9480,Blocked,1073.87
REC102410,MCH6838,Wali-Nair,5912,Pharmacy,Private Limited,Delhi,Delhi,2023-11-12,3622849709,Active,1461.29
REC102411,MCH8073,Prabhakar-Bora,5942,Books & Stationery,Sole Proprietor,Kolkata,West Bengal,2024-12-26,,Active,
REC102412,MCH6025,Rege-Bali,4131,Transportation,Individual,Bengaluru,Karnataka,2025-04-21,XXXX0320,Suspended,2516.42
REC102413,MCH7233,Arora LLC,5699,Apparel,Individual,Ludhiana,Punjab,2025-10-11,1141889916,Active,2703.6
REC102414,MCH4551,Sura Group,5699,Apparel,Sole Proprietor,Jalandhar,Punjab,2023-01-06,XXXX0235,Active,3287.63
REC102415,MCH8854,Sabharwal-Mitter,7011,Hotel/Lodging,Sole Proprietor,Jaipur,Rajasthan,2023-12-01,,Active,1003.79
REC102416,MCH4322,Mane PLC,7011,Hotel/Lodging,Individual,Lucknow,Uttar Pradesh,2023-10-12,,Active,1793.0
REC102417,MCH4185,Nath-Chaudhuri,4814,Telecom,Private Limited,Jaipur,Rajasthan,2024-08-14,EQFV9212095030396,Active,587.44
REC102418,MCH7121,"Narasimhan, An and and Gaba",5999,Miscellaneous Retail,Private Limited,Pune,Maharashtra,2025-07-25,,Active,2139.0
REC102419,MCH4349,Atwal-Sura,5942,Books & Stationery,Sole Proprietor,Pune,Maharashtra,2025-12-21,ZQKH6444366746348,Active,463.78
REC102420,MCH8039,"Kibe, Brahmbhatt and Jaggi",5699,Apparel,Sole Proprietor,Pune,Maharashtra,2024-10-28,,Active,2282.53
REC102421,MCH5641,"Kant, Raju and Sandal",5999,Miscellaneous Retail,Partnership,Pune,Maharashtra,2025-05-30,XXXX4214,Inactive,2474.31
REC102422,MCH4863,Gill PLC,5812,Restaurant,Individual,Hyderabad,Telangana,2024-07-01,5619003847,Active,552.87
REC102423,MCH7948,Sachdeva-Buch,5311,Department Store,Partnership,Mumbai,Maharashtra,2025-07-03,XXXX0532,Active,656.76
REC102424,MCH2029,Bhalla-Brahmbhatt,5999,Miscellaneous Retail,Sole Proprietor,Jalandhar,Punjab,2023-06-20,,Active,276.02
REC102425,MCH7746,Suresh-Atwal,5942,Books & Stationery,Sole Proprietor,Amritsar,Punjab,2023-08-28,XXXX1031,Inactive,4023.0
REC102426,MCH7233,Kamdar-Bhakta,5411,Grocery Store,Private Limited,Kolkata,West Bengal,2024-03-08,,Active,
REC102427,MCH2030,Singh-Banerjee,4131,Transportation,Individual,Ludhiana,Punjab,2023-02-25,,Active,3976.0
REC102428,MCH5622,Solanki and Sons,5942,Books & Stationery,Individual,Bengaluru,Karnataka,2023-08-13,4391498742,Active,252.61
REC102429,MCH1812,Om PLC,5812,Restaurant,Sole Proprietor,Amritsar,Punjab,2024-11-26,,Active,2079.98
REC102430,MCH8654,Bhavsar-Subramanian,5411,Grocery Store,Individual,Mumbai,Maharashtra,2025-12-15,,Active,714.58
REC102431,MCH5794,Gulati and Sons,5999,Miscellaneous Retail,Private Limited,Bengaluru,Karnataka,2024-07-18,,Active,614.67
REC102432,MCH3874,"Dora, Deshpande and Seth",4814,Telecom,Private Limited,Jalandhar,Punjab,2024-05-18,XXXX2093,Active,1119.69
REC102433,MCH9316,Bandi Ltd,5411,Grocery Store,Sole Proprietor,Ludhiana,Punjab,2025-08-21,9331997992,Active,1198.18
REC102434,MCH2830,"Joshi, Chaudhari and Toor",5411,Grocery Store,Individual,Bengaluru,Karnataka,2023-04-15,,Active,756.0
REC102435,MCH4737,"Aurora, Mallick and Dugar",5942,Books & Stationery,Individual,Jalandhar,Punjab,2024-08-27,XXXX5003,Disabled,489.0
REC102436,MCH9049,"Badami, Pathak and Murty",5912,Pharmacy,Partnership,Pune,Maharashtra,2023-03-10,XXXX1304,Active,
REC102437,MCH9529,Dubey Inc,4814,Telecom,Private Limited,Pune,Maharashtra,2024-04-26,XXXX3556,Active,1801.0
REC102438,MCH5652,"Borde, Bhasin and Dua",5411,Grocery Store,Individual,Mumbai,Maharashtra,2023-12-10,XXXX7597,Active,
REC102439,MCH1334,"Kalita, Sarraf and Bhardwaj",5999,Miscellaneous Retail,Individual,Bengaluru,Karnataka,2025-09-28,RPOB8162410396498,Active,1780.83
REC102440,MCH6972,Badal-Kamdar,7011,Hotel/Lodging,Private Limited,Pune,Maharashtra,2023-12-20,,Active,1516.57
REC102441,MCH1976,"Mutti, Sastry and Jha",5942,Books & Stationery,Private Limited,Amritsar,Punjab,2023-04-08,,Active,2928.73
REC102442,MCH2360,Bhakta-Nazareth,5942,Books & Stationery,Private Limited,Jaipur,Rajasthan,2024-06-21,,Inactive,755.69
REC102443,MCH9531,Lad Ltd,5411,Grocery Store,Private Limited,Ludhiana,Punjab,2025-12-02,CDSZ2178272638566,Suspended,545.56
REC102444,MCH5253,Balakrishnan PLC,5912,Pharmacy,Sole Proprietor,Mumbai,Maharashtra,2025-07-23,3588777363,Active,
REC102445,MCH8138,Deol and Sons,5812,Restaurant,Partnership,Chennai,Tamil Nadu,2023-07-23,,Active,1238.62
REC102446,MCH2836,Rai and Sons,5912,Pharmacy,Private Limited,Chennai,Tamil Nadu,2024-07-15,XXXX2773,Inactive,3262.99
REC102447,MCH4918,Ganesh Inc,7011,Hotel/Lodging,Individual,Lucknow,Uttar Pradesh,2023-12-09,XXXX3579,Active,651.04
REC102448,MCH2169,"Yogi, Bhakta and Suresh",5812,Restaurant,Private Limited,Hyderabad,Telangana,2023-04-25,XXXX3751,Active,5225.51
REC102449,MCH3536,Shankar Group,5942,Books & Stationery,Partnership,Kolkata,West Bengal,2024-11-03,,Active,1640.82
REC102450,MCH9107,"Devi, Chhabra and Sharaf",5699,Apparel,Sole Proprietor,Pune,Maharashtra,2026-02-22,5670845997,Active,637.0
REC102451,MCH2099,Atwal Group,5699,Apparel,Partnership,Mumbai,Maharashtra,2025-10-23,XXXX7789,Active,245.52
REC102452,MCH7556,Hayer-Saini,5942,Books & Stationery,Individual,Chennai,Tamil Nadu,2024-01-24,,Active,
REC102453,MCH1285,Hayer PLC,5912,Pharmacy,Individual,Bengaluru,Karnataka,2023-09-24,,Active,436.7
REC102454,MCH4729,"Karpe, Dhaliwal and Subramanian",7011,Hotel/Lodging,Partnership,Amritsar,Punjab,2024-01-14,XMOP1907956771131,Active,2525.97
REC102455,MCH9088,Bhardwaj-Bala,5999,Miscellaneous Retail,Partnership,Chennai,Tamil Nadu,2025-06-26,UMVD8641404072198,Active,4130.0
REC102456,MCH4435,"Shere, Jain and Luthra",5999,Miscellaneous Retail,Private Limited,Chennai,Tamil Nadu,2024-06-23,PJOC4178398535690,Active,894.0
REC102457,MCH6024,"Saran, Sinha and Barman",5812,Restaurant,Sole Proprietor,Jalandhar,Punjab,2026-01-18,XXXX8830,Active,1185.95
REC102458,MCH5112,"Agate, Atwal and Yohannan",5311,Department Store,Private Limited,Ludhiana,Punjab,2023-06-27,JBYC7644035129509,Inactive,669.14
REC102459,MCH9992,Rajagopalan PLC,7011,Hotel/Lodging,Sole Proprietor,Bengaluru,Karnataka,2024-02-07,5652803993,Active,577.93
REC102460,MCH4538,Lad Ltd,5699,Apparel,Private Limited,Delhi,Delhi,2023-12-30,,Active,449.9
REC102461,MCH8987,Mander LLC,5942,Books & Stationery,Private Limited,Pune,Maharashtra,2024-02-02,7115831556,Active,881.75
REC102462,MCH2044,"Upadhyay, Kapoor and Nazareth",7011,Hotel/Lodging,Individual,Lucknow,Uttar Pradesh,2023-01-02,3913922043,Active,368.05
REC102463,MCH5414,Bhandari Ltd,7011,Hotel/Lodging,Private Limited,Delhi,Delhi,2025-03-26,VQLO7234241275182,Active,155.88
REC102464,MCH8546,Jani PLC,5311,Department Store,Partnership,Kolkata,West Bengal,2024-09-21,,Active,1691.74
REC102465,MCH7773,Nath-Parikh,5699,Apparel,Individual,Jaipur,Rajasthan,2025-09-08,XXXX0128,Active,544.16
REC102466,MCH5171,"Pandya, Bawa and Kibe",4131,Transportation,Partnership,Jaipur,Rajasthan,2024-11-18,XXXX5385,Active,1895.53
REC102467,MCH7631,Chawla-Ganesh,4131,Transportation,Individual,Pune,Maharashtra,2023-07-12,1532003029,Active,6757.26
REC102468,MCH7902,Deol Inc,4131,Transportation,Partnership,Ludhiana,Punjab,2025-07-05,,Active,
REC102469,MCH4136,Sehgal PLC,5699,Apparel,Partnership,Mumbai,Maharashtra,2024-07-30,,Active,2564.97
REC102470,MCH4790,Date PLC,7011,Hotel/Lodging,Individual,Amritsar,Punjab,2025-12-11,XXXX3526,Suspended,199.0
REC102471,MCH2035,Hora-Grover,4131,Transportation,Sole Proprietor,Delhi,Delhi,2026-01-07,,Active,212.97
REC102472,MCH7806,"Sahni, Bhavsar and Kaul",4131,Transportation,Private Limited,Hyderabad,Telangana,2023-04-17,XXXX2487,Active,1046.19
REC102473,MCH7993,Garde Inc,4814,Telecom,Partnership,Kolkata,West Bengal,2023-04-23,4099690978,Active,1024.0
REC102474,MCH5551,Narain-Goda,5699,Apparel,Private Limited,Mumbai,Maharashtra,2026-01-09,,Active,817.05
REC102475,MCH6776,"Bhat, Hans and Maharaj",5812,Restaurant,Individual,Ludhiana,Punjab,2024-09-17,XXXX5302,Disabled,699.0
REC102476,MCH5984,Acharya-Badal,5999,Miscellaneous Retail,Sole Proprietor,Kolkata,West Bengal,2023-01-03,,Inactive,515.0
REC102477,MCH3885,Thakur Inc,4131,Transportation,Private Limited,Chennai,Tamil Nadu,,8680968188,Active,618.81
REC102478,MCH4577,"Atwal, Sura and Bhatti",5812,Restaurant,Partnership,Hyderabad,Telangana,2026-01-03,PWDW0230553443063,Suspended,316.9
REC102479,MCH1710,"Tara, Dash and Pau",5912,Pharmacy,Partnership,Lucknow,Uttar Pradesh,2026-02-26,,Active,804.19
REC102480,MCH3956,Kota Ltd,5311,Department Store,Private Limited,Hyderabad,Telangana,2023-11-14,,Active,656.81
REC102481,MCH2205,Narayan PLC,4131,Transportation,Partnership,Hyderabad,Telangana,2023-03-16,,Active,2136.03
REC102482,MCH4540,Nadig LLC,5699,Apparel,Partnership,Mumbai,Maharashtra,2024-02-03,,Active,7331.0
REC102483,MCH4089,Mistry and Sons,5411,Grocery Store,Sole Proprietor,Mumbai,Maharashtra,2024-07-20,FZNP2052339077080,Active,1563.22
REC102484,MCH8220,Sarkar PLC,5411,Grocery Store,Private Limited,Pune,Maharashtra,2024-06-11,,Active,142.34
REC102485,MCH2993,"Dube, Yadav and Konda",5942,Books & Stationery,Individual,Jaipur,Rajasthan,2025-07-14,WWQW1736251351915,Active,2422.76
REC102486,MCH6061,Kaur LLC,5912,Pharmacy,Individual,Chennai,Tamil Nadu,2025-12-20,PCHM7779378281911,Active,1323.16
REC102487,MCH5847,"Kar, Gupta and Choudhry",7011,Hotel/Lodging,Sole Proprietor,Kolkata,West Bengal,2023-05-20,8964900216,Active,
REC102488,MCH7439,Jayaraman PLC,7011,Hotel/Lodging,Private Limited,Kolkata,West Bengal,2024-04-07,,Active,7697.49
REC102489,MCH9977,Mohanty-Desai,4814,Telecom,Sole Proprietor,Mumbai,Maharashtra,2023-02-13,0069594001,Active,845.52
REC102490,MCH5777,Dubey and Sons,5999,Miscellaneous Retail,Individual,Bengaluru,Karnataka,2025-12-01,,Inactive,4320.83
REC102491,MCH1856,Baria-Balay,5311,Department Store,Sole Proprietor,Lucknow,Uttar Pradesh,2023-12-26,XXXX1618,Active,2071.73
REC102492,MCH6223,Ramanathan-Dhingra,4131,Transportation,Individual,Lucknow,Uttar Pradesh,2023-10-03,4296850394,Active,306.0
REC102493,MCH1816,Kohli-Hans,7011,Hotel/Lodging,Individual,Kolkata,West Bengal,2025-01-22,,Active,487.0
REC102494,MCH8527,Tella-Mani,5912,Pharmacy,Partnership,Ludhiana,Punjab,2025-11-09,,Active,
REC102495,MCH1304,Sama Ltd,5912,Pharmacy,Individual,Bengaluru,Karnataka,2024-02-27,9710613459,Active,4095.57
REC102496,MCH9279,Choudhury LLC,5411,Grocery Store,Sole Proprietor,Kolkata,West Bengal,2024-11-18,0970198759,Active,644.81
REC102497,MCH3037,Gokhale PLC,5411,Grocery Store,Partnership,Kolkata,West Bengal,2024-12-13,XXXX1304,Hold,1146.48
REC102498,MCH8876,Narayanan and Sons,5942,Books & Stationery,Individual,Bengaluru,Karnataka,2025-12-10,XXXX5207,Inactive,2065.28
REC102499,MCH1599,Rastogi-Kumer,5311,Department Store,Partnership,Jalandhar,Punjab,2025-12-25,EEOR2299289390848,Active,361.82
REC102500,MCH5823,Sen LLC,4814,Telecom,Sole Proprietor,Pune,Maharashtra,2024-08-30,,Active,7119.48
REC102501,MCH9847,"Krish, Rau and Parsa",5999,Miscellaneous Retail,Private Limited,Kolkata,West Bengal,2024-12-26,,Active,1027.86
REC102502,MCH6336,"Kunda, Kumar and Gulati",4131,Transportation,Private Limited,Chennai,Tamil Nadu,2024-03-16,XXXX8337,Active,772.78
REC102503,MCH7910,Shenoy LLC,5812,Restaurant,Partnership,Hyderabad,Telangana,2024-03-25,5996954160,Inactive,741.5
REC102504,MCH3510,Sankaran Inc,5699,Apparel,Individual,Hyderabad,Telangana,2026-02-18,9848495819,Inactive,2317.0
REC102505,MCH6305,"Chakraborty, Hans and Sahota",4131,Transportation,Individual,Mumbai,Maharashtra,2025-10-20,,Active,1075.82
REC102506,MCH4024,Choudhury Ltd,5999,Miscellaneous Retail,Individual,Ludhiana,Punjab,2025-03-28,XSWD9540302475782,Active,
REC102507,MCH2266,Natarajan and Sons,5912,Pharmacy,Individual,Chennai,Tamil Nadu,2025-04-17,NABB6271790214696,Active,447.78
REC102508,MCH1696,Rai and Sons,5311,Department Store,Individual,Jaipur,Rajasthan,2023-04-24,,Active,2898.12
REC102509,MCH6680,Vaidya-Agrawal,5999,Miscellaneous Retail,Partnership,Delhi,Delhi,2025-05-28,,Active,
REC102510,MCH4856,Aurora Ltd,4814,Telecom,Sole Proprietor,Jaipur,Rajasthan,2024-05-13,ECWU8427158374985,Inactive,3394.14
REC102511,MCH3325,Varty-Vig,5912,Pharmacy,Partnership,Kolkata,West Bengal,2023-10-29,XXXX1753,Suspended,4212.0
REC102512,MCH4126,Sen Group,5699,Apparel,Individual,Jaipur,Rajasthan,2023-06-08,,Active,236.05
REC102513,MCH9736,Sant PLC,7011,Hotel/Lodging,Sole Proprietor,Lucknow,Uttar Pradesh,2024-12-07,4147851928,Active,1081.26
REC102514,MCH6590,Handa Inc,5699,Apparel,Individual,Kolkata,West Bengal,2024-04-07,IRLC4441881574347,Active,2071.46
REC102515,MCH3612,Kala Inc,5812,Restaurant,Sole Proprietor,Mumbai,Maharashtra,2025-08-17,GCWT7054433892701,Active,577.0
REC102516,MCH9835,Manda Inc,5912,Pharmacy,Individual,Kolkata,West Bengal,2024-10-22,,Active,293.75
REC102517,MCH4888,Chanda and Sons,5912,Pharmacy,Sole Proprietor,Kolkata,West Bengal,2023-08-14,,Active,2635.13
REC102518,MCH7885,Vaidya-Bhatt,5411,Grocery Store,Sole Proprietor,Lucknow,Uttar Pradesh,2025-08-25,,Active,648.72
REC102519,MCH7280,"Sathe, Shan and Oommen",5411,Grocery Store,Individual,Ludhiana,Punjab,2025-10-21,XXXX0221,Active,466.99
REC102520,MCH2713,Dayal Group,5699,Apparel,Individual,Pune,Maharashtra,2024-08-10,1734751668,Hold,1199.07
REC102521,MCH5500,"Dubey, Tandon and Batta",4814,Telecom,Sole Proprietor,Lucknow,Uttar Pradesh,2024-06-06,8963304371,Active,2211.38
REC102522,MCH8840,Chatterjee and Sons,5311,Department Store,Individual,Pune,Maharashtra,2024-09-26,,Active,1208.62
REC102523,MCH9398,"Suresh, Khosla and Kadakia",7011,Hotel/Lodging,Sole Proprietor,Bengaluru,Karnataka,,XXXX1590,Active,1404.91
REC102524,MCH1328,Buch and Sons,7011,Hotel/Lodging,Sole Proprietor,Chennai,Tamil Nadu,2025-03-28,JVTH6188797527471,Active,711.0
REC102525,MCH1469,"Choudhury, Jani and Ramaswamy",5942,Books & Stationery,Sole Proprietor,Bengaluru,Karnataka,2025-03-28,XXXX9996,Active,416.0
REC102526,MCH9081,Patil-Hans,4814,Telecom,Individual,Mumbai,Maharashtra,2025-06-12,8795015116,Active,
REC102527,MCH9947,Sarkar Ltd,5311,Department Store,Individual,Ludhiana,Punjab,2023-06-25,GOFP4316530582610,Active,
REC102528,MCH6984,Wadhwa LLC,5411,Grocery Store,Individual,Pune,Maharashtra,2025-01-23,3976512741,Active,542.76
REC102529,MCH9192,Gandhi LLC,5912,Pharmacy,Individual,Jaipur,Rajasthan,2025-03-01,,Active,1758.06
REC102530,MCH5555,"Banerjee, Kurian and Tara",4814,Telecom,Sole Proprietor,Jalandhar,Punjab,2025-05-21,,Active,
REC102531,MCH2676,Subramanian Inc,5912,Pharmacy,Partnership,Kolkata,West Bengal,2025-04-01,2515678335,Active,1679.3
REC102532,MCH4573,"Edwin, Manda and Biswas",5912,Pharmacy,Sole Proprietor,Pune,Maharashtra,2025-02-28,3049901910,Active,2824.05
REC102533,MCH2851,Ben Ltd,4131,Transportation,Sole Proprietor,Lucknow,Uttar Pradesh,2023-06-24,,Active,784.0
REC102534,MCH7589,"Parekh, Dugal and Bumb",4131,Transportation,Private Limited,Pune,Maharashtra,2025-01-17,1086489702,Active,437.44
REC102535,MCH7314,Mahajan-Borde,5999,Miscellaneous Retail,Partnership,Lucknow,Uttar Pradesh,2023-01-05,3772469001,Active,1003.0
REC102536,MCH9397,Ramaswamy-Goel,5411,Grocery Store,Private Limited,Jalandhar,Punjab,2025-12-20,3711511693,Active,1519.0
REC102537,MCH8125,"Nadig, Arora and Raj",5411,Grocery Store,Private Limited,Ludhiana,Punjab,2023-03-13,RTPE2593701073993,Suspended,1340.53
REC102538,MCH9617,Ranganathan-Halder,5411,Grocery Store,Private Limited,Chennai,Tamil Nadu,2024-08-12,6857352456,Active,904.23
REC102539,MCH9036,Banerjee-Shenoy,5912,Pharmacy,Sole Proprietor,Pune,Maharashtra,2025-11-19,,Active,1613.75
REC102540,MCH2566,Oommen Inc,5999,Miscellaneous Retail,Private Limited,Delhi,Delhi,,XXXX9507,Active,2200.23
REC102541,MCH2888,Chahal LLC,5912,Pharmacy,Private Limited,Mumbai,Maharashtra,2023-04-21,XXXX3951,Active,631.05
REC102542,MCH9672,Contractor-Sinha,5311,Department Store,Individual,Kolkata,West Bengal,2024-11-26,8867559277,Active,1371.8
REC102543,MCH1540,Dave LLC,5942,Books & Stationery,Sole Proprietor,Mumbai,Maharashtra,2024-05-21,,Active,525.0
REC102544,MCH3353,Sachar Ltd,5942,Books & Stationery,Private Limited,Jalandhar,Punjab,2023-06-06,,Inactive,446.0
REC102545,MCH8451,"Kala, Pradhan and Hayre",5812,Restaurant,Partnership,Hyderabad,Telangana,2024-06-14,9996900448,Active,1874.56
REC102546,MCH9659,Gokhale-Bassi,4814,Telecom,Sole Proprietor,Mumbai,Maharashtra,2023-09-11,AEKL3434312955275,Active,269.4
REC102547,MCH4821,"Kade, Dhawan and Kadakia",5411,Grocery Store,Private Limited,Mumbai,Maharashtra,2024-03-14,,Active,2277.0
REC102548,MCH9018,Tak PLC,5999,Miscellaneous Retail,Partnership,Amritsar,Punjab,2023-11-25,,Active,354.66
REC102549,MCH3331,"Shukla, Kadakia and Kata",5699,Apparel,Private Limited,Ludhiana,Punjab,2025-03-18,,Active,1008.43
REC102550,MCH1640,Sem PLC,7011,Hotel/Lodging,Private Limited,Mumbai,Maharashtra,2023-09-10,5367265975,Active,894.9
REC102551,MCH9161,Patla Group,5311,Department Store,Individual,Pune,Maharashtra,2024-10-25,XXXX6366,Active,
REC102552,MCH1320,Babu-Khatri,5699,Apparel,Individual,Kolkata,West Bengal,2023-11-24,XXXX8923,Active,
REC102553,MCH9901,Oommen Ltd,7011,Hotel/Lodging,Sole Proprietor,Hyderabad,Telangana,2025-10-01,XXXX3340,Closed,538.3
REC102554,MCH3853,Bhat-Dutt,5411,Grocery Store,Sole Proprietor,Hyderabad,Telangana,2023-03-05,,Active,
REC102555,MCH5914,Kulkarni-Deshmukh,5699,Apparel,Individual,Jaipur,Rajasthan,2025-04-24,,Active,386.71
REC102556,MCH6290,Chaudhry-Agarwal,5999,Miscellaneous Retail,Partnership,Ludhiana,Punjab,2023-09-01,,Disabled,5757.0
REC102557,MCH6665,Wadhwa Inc,5311,Department Store,Private Limited,Delhi,Delhi,2025-07-05,,Active,1714.72
REC102558,MCH4087,"Basak, Lal and Tailor",4814,Telecom,Private Limited,Pune,Maharashtra,2025-10-03,,Active,298.11
REC102559,MCH7714,"Koshy, Dani and Barad",4814,Telecom,Private Limited,Jalandhar,Punjab,2023-10-27,,Active,669.74
REC102560,MCH5663,"Goyal, Brahmbhatt and Raja",5912,Pharmacy,Individual,Ludhiana,Punjab,2023-05-31,,Hold,2417.27
REC102561,MCH3389,"Barad, Murthy and Muni",5912,Pharmacy,Individual,Amritsar,Punjab,2025-03-19,,Active,234.09
REC102562,MCH3099,Peri-Parmer,5699,Apparel,Partnership,Delhi,Delhi,2024-06-22,,Active,2046.1
REC102563,MCH6275,Tank PLC,4814,Telecom,Sole Proprietor,Chennai,Tamil Nadu,2024-08-26,XXXX8300,Active,781.0
REC102564,MCH2447,An and LLC,4131,Transportation,Sole Proprietor,Jaipur,Rajasthan,,,Closed,1803.52
REC102565,MCH4460,Bumb PLC,5942,Books & Stationery,Private Limited,Chennai,Tamil Nadu,,XXXX4424,Active,696.95
REC102566,MCH9823,Kunda-Parekh,5812,Restaurant,Individual,Mumbai,Maharashtra,2023-04-10,YIKU2339191619475,Active,1308.28
REC102567,MCH9096,Tandon-Thaman,5999,Miscellaneous Retail,Individual,Delhi,Delhi,2023-09-03,3351065613,Active,2658.35
REC102568,MCH1358,Bhatia-Sekhon,5942,Books & Stationery,Private Limited,Jaipur,Rajasthan,2025-05-01,XXXX4241,Active,1421.8
REC102569,MCH9649,Sachdeva-Dey,7011,Hotel/Lodging,Sole Proprietor,Amritsar,Punjab,2025-12-06,XRSK3388415827357,Active,
REC102570,MCH5235,Palla Inc,5942,Books & Stationery,Partnership,Bengaluru,Karnataka,2024-10-27,,Active,3807.5
REC102571,MCH9154,"Mangat, Sarkar and Vasa",5311,Department Store,Sole Proprietor,Hyderabad,Telangana,2023-03-09,DTTZ1892927349834,Active,1303.87
REC102572,MCH4761,Khalsa PLC,5912,Pharmacy,Individual,Jaipur,Rajasthan,2025-01-17,DXWD4550992976599,Inactive,4970.84
REC102573,MCH8314,Mahajan-Batta,4131,Transportation,Individual,Lucknow,Uttar Pradesh,2024-04-01,,Active,856.24
REC102574,MCH1180,Sangha and Sons,5411,Grocery Store,Individual,Hyderabad,Telangana,2023-11-03,VUOK6265318074983,Active,993.08
REC102575,MCH8467,Gara-Sarkar,5912,Pharmacy,Individual,Pune,Maharashtra,2025-12-03,,Active,826.0
REC102576,MCH1768,"Mody, Tata and Chatterjee",4131,Transportation,Sole Proprietor,Chennai,Tamil Nadu,2024-09-08,,Active,360.87
REC102577,MCH5402,"Mandal, Chada and Deshpande",5411,Grocery Store,Sole Proprietor,Delhi,Delhi,2025-08-11,,Suspended,
REC102578,MCH8880,Hayer-Walia,4131,Transportation,Partnership,Jalandhar,Punjab,2023-04-08,,Active,2616.91
REC102579,MCH7595,Subramaniam-Balasubramanian,5411,Grocery Store,Individual,Ludhiana,Punjab,2026-01-07,4323936215,Active,3392.31
REC102580,MCH6206,"Sanghvi, Dugar and Rajagopal",4814,Telecom,Individual,Chennai,Tamil Nadu,2025-03-31,5473942096,Suspended,683.76
REC102581,MCH2424,Patil Ltd,5912,Pharmacy,Partnership,Chennai,Tamil Nadu,2023-10-08,,Active,737.41
REC102582,MCH5894,Borra-Tiwari,5311,Department Store,Partnership,Bengaluru,Karnataka,2025-05-24,,Active,239.64
REC102583,MCH4672,Sandhu LLC,5942,Books & Stationery,Partnership,Bengaluru,Karnataka,,,Active,456.49
REC102584,MCH3259,Deep and Sons,5912,Pharmacy,Partnership,Delhi,Delhi,,7747336061,Active,308.57
REC102585,MCH9868,"Narain, Dada and Panchal",4814,Telecom,Sole Proprietor,Pune,Maharashtra,2026-02-28,7391477397,Inactive,
REC102586,MCH7715,Patla-Memon,5699,Apparel,Private Limited,Chennai,Tamil Nadu,2024-02-28,,Active,
REC102587,MCH5567,D'Alia Ltd,7011,Hotel/Lodging,Individual,Bengaluru,Karnataka,2025-09-09,XXXX2596,Active,271.02
REC102588,MCH3806,Parmer LLC,5411,Grocery Store,Sole Proprietor,Jaipur,Rajasthan,2024-11-04,6810844450,Active,1939.0
REC102589,MCH6454,Nagi-Choudhury,5699,Apparel,Private Limited,Bengaluru,Karnataka,2024-03-28,XXXX1525,Inactive,3116.0
REC102590,MCH3602,"Panchal, Karpe and Bhatti",7011,Hotel/Lodging,Partnership,Amritsar,Punjab,2023-08-29,NJWF8221387776765,Active,754.95
REC102591,MCH3319,"Jani, Tailor and Radhakrishnan",5699,Apparel,Sole Proprietor,Jalandhar,Punjab,2024-08-26,IUQF4655993827398,Active,
REC102592,MCH4131,Chaudhry Inc,5999,Miscellaneous Retail,Partnership,Amritsar,Punjab,2023-01-07,,Active,1561.61
REC102593,MCH4104,"Som, Rege and Thaker",7011,Hotel/Lodging,Individual,Bengaluru,Karnataka,2024-07-21,,Active,
REC102594,MCH3252,"Patel, Saran and Bala",5699,Apparel,Individual,Pune,Maharashtra,2023-06-18,4243165999,Active,1917.91
REC102595,MCH4111,Brahmbhatt LLC,5999,Miscellaneous Retail,Partnership,Lucknow,Uttar Pradesh,,,Suspended,682.69
REC102596,MCH5295,"Goda, Prashad and Narain",5912,Pharmacy,Individual,Lucknow,Uttar Pradesh,2024-10-27,,Active,888.39
REC102597,MCH5335,Dayal-Gera,7011,Hotel/Lodging,Partnership,Delhi,Delhi,,,Active,699.3
REC102598,MCH9555,"Nadig, Kumer and Nath",5912,Pharmacy,Partnership,Lucknow,Uttar Pradesh,2023-02-01,9648467253,Active,
REC102599,MCH8799,"Tailor, Ratti and Anne",5912,Pharmacy,Sole Proprietor,Kolkata,West Bengal,2023-03-13,XXXX2356,Suspended,1556.57
REC102600,MCH2899,Golla Ltd,4131,Transportation,Partnership,Jaipur,Rajasthan,,EGFZ1016369573887,Active,5018.99
REC102601,MCH2238,Chakrabarti-Lata,5699,Apparel,Individual,Amritsar,Punjab,2024-10-19,0636957365,Active,1650.0
REC102602,MCH1636,Nigam PLC,5699,Apparel,Partnership,Delhi,Delhi,2024-06-13,,Active,2284.21
REC102603,MCH6080,"Kanda, Krishnan and Chaudry",5411,Grocery Store,Private Limited,Chennai,Tamil Nadu,2023-02-27,,Inactive,1675.16
REC102604,MCH6474,Bakshi Ltd,5912,Pharmacy,Private Limited,Lucknow,Uttar Pradesh,2025-09-06,UIQO0757463991116,Active,3871.85
REC102605,MCH8449,Vaidya-Gulati,5812,Restaurant,Private Limited,Chennai,Tamil Nadu,2024-04-06,TCOQ6253751311209,Active,118.49
REC102606,MCH7152,"Bedi, Patil and Rana",5311,Department Store,Private Limited,Chennai,Tamil Nadu,2026-01-02,2453620033,Inactive,1076.99
REC102607,MCH4408,Dhar-Shetty,5912,Pharmacy,Individual,Amritsar,Punjab,2023-12-19,XXXX8510,Inactive,425.49
REC102608,MCH7327,"Krish, Dhar and Choudhury",4814,Telecom,Individual,Kolkata,West Bengal,2023-05-22,KDMG5541225124685,Active,440.0
REC102609,MCH6556,Chana-Barad,5999,Miscellaneous Retail,Private Limited,Jalandhar,Punjab,2024-06-09,XXXX3130,Active,1172.0
REC102610,MCH6031,Chauhan Group,5699,Apparel,Individual,Hyderabad,Telangana,2024-12-13,XXXX4944,Active,654.0
REC102611,MCH8963,"Aggarwal, Nagi and Borde",5411,Grocery Store,Sole Proprietor,Ludhiana,Punjab,2024-08-01,UGNI2119725168826,Active,474.91
REC102612,MCH4216,Ratta and Sons,5942,Books & Stationery,Partnership,Jalandhar,Punjab,2023-10-07,XXXX5580,Active,1337.5
REC102613,MCH9569,Parekh-Kalita,5311,Department Store,Individual,Amritsar,Punjab,2025-12-07,XXXX5054,Active,1617.31
REC102614,MCH7106,Master and Sons,5812,Restaurant,Partnership,Lucknow,Uttar Pradesh,2023-01-27,6057584489,Active,1328.09
REC102615,MCH3371,Ganguly Group,5699,Apparel,Sole Proprietor,Lucknow,Uttar Pradesh,2024-11-18,,Active,304.02
REC102616,MCH3489,Bahl-Bhavsar,4131,Transportation,Partnership,Delhi,Delhi,,XXXX6898,Active,908.03
REC102617,MCH7938,Chander Ltd,4814,Telecom,Sole Proprietor,Bengaluru,Karnataka,2023-09-22,,Active,
REC102618,MCH4802,Jain Inc,5411,Grocery Store,Individual,Mumbai,Maharashtra,,WAKX1731194726020,Inactive,1158.19
REC102619,MCH4967,Mallick PLC,4131,Transportation,Partnership,Amritsar,Punjab,2025-08-22,XXXX4798,Active,
REC102620,MCH8308,"Mukhopadhyay, Kothari and Raval",5311,Department Store,Individual,Amritsar,Punjab,2023-01-21,2673122998,Active,764.32
REC102621,MCH1658,Khatri-Mohanty,5812,Restaurant,Sole Proprietor,Jaipur,Rajasthan,2025-08-08,DGXZ0949885183603,Disabled,2016.79
REC102622,MCH7394,Dhar-Saxena,5311,Department Store,Individual,Lucknow,Uttar Pradesh,2024-06-28,XXXX8622,Active,1562.3
REC102623,MCH8142,Mane and Sons,5912,Pharmacy,Private Limited,Ludhiana,Punjab,2025-08-25,WMPI8979622395583,Active,5955.63
REC102624,MCH3247,Nagarajan-Shan,5912,Pharmacy,Individual,Chennai,Tamil Nadu,2025-04-07,5730507447,Disabled,2666.23
REC102625,MCH3357,"Sundaram, Kara and Sibal",7011,Hotel/Lodging,Partnership,Amritsar,Punjab,2025-11-14,XVJC4162540658234,Active,246.81
REC102626,MCH6953,Khurana-Prabhakar,5942,Books & Stationery,Partnership,Hyderabad,Telangana,2024-10-03,,Active,
REC102627,MCH7866,"Raval, Sane and Dua",5411,Grocery Store,Partnership,Amritsar,Punjab,2025-01-27,,Active,292.43
REC102628,MCH5283,"Verma, Narasimhan and Balan",5912,Pharmacy,Individual,Delhi,Delhi,2026-02-05,,Active,1266.0
REC102629,MCH3250,Bose-Kalita,5311,Department Store,Sole Proprietor,Mumbai,Maharashtra,,,Inactive,1514.47
REC102630,MCH4367,Sankaran-Bhattacharyya,5699,Apparel,Partnership,Chennai,Tamil Nadu,2023-12-13,PBSG5651430183192,Active,1153.81
REC102631,MCH3567,Kala Ltd,4814,Telecom,Sole Proprietor,Amritsar,Punjab,2023-05-15,0120134197,Inactive,1794.62
REC102632,MCH6337,Chander LLC,5912,Pharmacy,Individual,Kolkata,West Bengal,2025-12-28,,Active,1428.08
REC102633,MCH9098,Ghosh-Roy,7011,Hotel/Lodging,Partnership,Kolkata,West Bengal,,5455672154,Active,372.61
REC102634,MCH2407,Chaudhry PLC,5912,Pharmacy,Private Limited,Pune,Maharashtra,,4475713369,Active,5215.07
REC102635,MCH5225,"Bera, Guha and Narayan",5942,Books & Stationery,Individual,Hyderabad,Telangana,2025-08-16,AJUQ5177176562909,Active,
REC102636,MCH6773,"Parmar, Sahota and Rajagopalan",5999,Miscellaneous Retail,Sole Proprietor,Pune,Maharashtra,2024-02-23,GSZT9943608461358,Active,3042.0
REC102637,MCH8432,Lad Inc,5942,Books & Stationery,Private Limited,Delhi,Delhi,2024-10-07,FRLI9065794513387,Active,394.7
REC102638,MCH6267,Mandal-Badal,4814,Telecom,Partnership,Mumbai,Maharashtra,2024-12-10,,Active,
REC102639,MCH1846,Kurian-Chad,7011,Hotel/Lodging,Partnership,Chennai,Tamil Nadu,2023-03-23,,Active,597.53
REC102640,MCH9983,Bhagat Group,5411,Grocery Store,Individual,Pune,Maharashtra,2025-11-27,XXXX2568,Active,3669.57
REC102641,MCH7337,Nath-Narayan,5699,Apparel,Individual,Hyderabad,Telangana,2024-07-28,,Active,3029.85
REC102642,MCH2741,"Palan, Bhalla and Srinivasan",5812,Restaurant,Individual,Jaipur,Rajasthan,2025-12-19,XXXX0289,Active,1319.0
REC102643,MCH7211,"Apte, Vasa and Batta",5942,Books & Stationery,Sole Proprietor,Mumbai,Maharashtra,2024-11-18,,Active,1841.0
REC102644,MCH3473,"Mahal, Butala and Shenoy",4131,Transportation,Individual,Amritsar,Punjab,2025-11-20,9906876351,Inactive,456.8
REC102645,MCH7503,Raval LLC,5411,Grocery Store,Partnership,Delhi,Delhi,2025-10-30,6775545242,Active,1167.54
REC102646,MCH2480,Banik-Nagar,5812,Restaurant,Private Limited,Jaipur,Rajasthan,2025-07-27,XXXX7952,Active,3594.0
REC102647,MCH5998,Joshi Inc,5411,Grocery Store,Private Limited,Chennai,Tamil Nadu,2024-08-30,,Active,1152.74
REC102648,MCH2040,Goel-Dewan,5999,Miscellaneous Retail,Individual,Delhi,Delhi,2025-12-07,EFTH2141412119625,Active,320.83
REC102649,MCH6343,Bains PLC,4814,Telecom,Partnership,Mumbai,Maharashtra,2024-07-10,,Active,4598.19
REC102650,MCH8937,"Mand, Bhatt and Pathak",7011,Hotel/Lodging,Individual,Amritsar,Punjab,2023-06-10,OPXS5269399322215,Active,2746.33
REC102651,MCH5923,"Banik, Yogi and Seth",4814,Telecom,Individual,Delhi,Delhi,,CKTY3945451387681,Disabled,378.2
REC102652,MCH6359,Pai-Dada,4131,Transportation,Individual,Jaipur,Rajasthan,2025-05-27,XFLS9466066220965,Active,484.0
REC102653,MCH8965,Lal and Sons,5942,Books & Stationery,Sole Proprietor,Chennai,Tamil Nadu,2025-09-07,,Active,
REC102654,MCH3989,Madan LLC,5411,Grocery Store,Partnership,Jaipur,Rajasthan,2023-09-18,9575202686,Active,238.33
REC102655,MCH9132,Shankar-Bahl,4814,Telecom,Individual,Pune,Maharashtra,2023-12-04,LXEB0419516326153,Suspended,2278.28
REC102656,MCH5559,Kata Ltd,7011,Hotel/Lodging,Sole Proprietor,Ludhiana,Punjab,,XXXX7757,Active,
REC102657,MCH2282,Mall Group,5311,Department Store,Partnership,Jalandhar,Punjab,2024-02-08,0935990033,Active,654.0
REC102658,MCH9352,Ramanathan-Lala,4131,Transportation,Partnership,Bengaluru,Karnataka,2026-02-09,ICJY2091662937472,Active,1121.19
REC102659,MCH5595,"Menon, Ahluwalia and Mistry",7011,Hotel/Lodging,Sole Proprietor,Jaipur,Rajasthan,2026-02-10,,Active,376.55
REC102660,MCH8912,"Wable, Sule and Mani",5699,Apparel,Individual,Hyderabad,Telangana,2023-08-11,,Active,510.28
REC102661,MCH7051,Ramachandran-Rajan,5812,Restaurant,Partnership,Mumbai,Maharashtra,2023-12-26,XXXX3526,Active,1183.53
REC102662,MCH6675,Vora and Sons,5699,Apparel,Partnership,Ludhiana,Punjab,2025-07-31,XXXX5119,Active,769.28
REC102663,MCH5404,Cherian Group,7011,Hotel/Lodging,Sole Proprietor,Pune,Maharashtra,2025-04-05,DZIB4073572435126,Active,1440.0
REC102664,MCH6611,Mand PLC,5411,Grocery Store,Private Limited,Chennai,Tamil Nadu,2023-01-01,,Active,
REC102665,MCH3382,"Patla, Thakur and Kaur",4131,Transportation,Private Limited,Pune,Maharashtra,2025-02-06,,Active,470.22
REC102666,MCH7950,Om-Andra,5411,Grocery Store,Individual,Ludhiana,Punjab,,,Active,3471.68
REC102667,MCH6282,"Chacko, Chakrabarti and Suresh",5411,Grocery Store,Private Limited,Jaipur,Rajasthan,2024-06-16,XXXX6827,Active,1078.0
REC102668,MCH9276,Bandi Inc,5942,Books & Stationery,Private Limited,Jalandhar,Punjab,,3029302980,Active,2777.32
REC102669,MCH1873,Rai-Nagi,4131,Transportation,Private Limited,Delhi,Delhi,2024-01-10,,Active,3862.0
REC102670,MCH7076,Bava-Shroff,5999,Miscellaneous Retail,Sole Proprietor,Chennai,Tamil Nadu,2025-09-03,,Active,875.99
REC102671,MCH3085,Mander-Mital,7011,Hotel/Lodging,Private Limited,Chennai,Tamil Nadu,2024-08-20,,Inactive,3842.0
REC102672,MCH1143,Arya-Khanna,4131,Transportation,Sole Proprietor,Jalandhar,Punjab,2023-08-16,9953530102,Active,486.39
REC102673,MCH6464,Date LLC,5699,Apparel,Private Limited,Bengaluru,Karnataka,2025-12-03,XXXX4137,Active,3772.0
REC102674,MCH5169,Kurian-Narayan,5942,Books & Stationery,Individual,Jalandhar,Punjab,2024-06-01,7935605737,Active,1621.49
REC102675,MCH1011,Wable and Sons,5411,Grocery Store,Private Limited,Ludhiana,Punjab,2023-11-02,,Suspended,6536.07
REC102676,MCH7613,"Parekh, Chokshi and Das",5699,Apparel,Private Limited,Jaipur,Rajasthan,2024-11-23,VJFK9617718212331,Active,419.26
REC102677,MCH8628,Pai-Upadhyay,7011,Hotel/Lodging,Sole Proprietor,Amritsar,Punjab,,,Active,12455.57
REC102678,MCH3856,"Pandit, Karnik and Kurian",5912,Pharmacy,Individual,Ludhiana,Punjab,2025-07-07,,Active,755.4
REC102679,MCH5223,"Dua, Raj and Aurora",5812,Restaurant,Private Limited,Ludhiana,Punjab,2024-08-06,XXXX3071,Active,986.86
REC102680,MCH3849,Das-Ratta,4814,Telecom,Individual,Chennai,Tamil Nadu,2024-06-13,MLDH2446114366761,Active,4368.0
REC102681,MCH3441,"Naidu, Nayar and Ch and",5942,Books & Stationery,Partnership,Ludhiana,Punjab,2023-05-29,1623488849,Active,817.0
REC102682,MCH3959,"Kant, Goel and Pradhan",5999,Miscellaneous Retail,Individual,Hyderabad,Telangana,2025-03-19,XXXX9762,Active,1214.73
REC102683,MCH5781,Bava and Sons,7011,Hotel/Lodging,Partnership,Hyderabad,Telangana,2024-03-24,,Active,2364.14
REC102684,MCH8870,Sandhu Inc,5699,Apparel,Private Limited,Ludhiana,Punjab,2023-02-14,,Inactive,
REC102685,MCH3057,Nagy-Banik,5311,Department Store,Partnership,Kolkata,West Bengal,2024-03-15,PCQH3034924487610,Active,764.15
REC102686,MCH2979,"Kurian, Guha and Gaba",5999,Miscellaneous Retail,Individual,Chennai,Tamil Nadu,2023-03-11,XXXX6692,Active,7883.21
REC102687,MCH3406,"Swamy, Borah and Sampath",5311,Department Store,Individual,Mumbai,Maharashtra,2024-05-22,XXXX9630,Inactive,438.79
REC102688,MCH6836,Gola-Rout,5999,Miscellaneous Retail,Sole Proprietor,Bengaluru,Karnataka,2025-12-03,6402935239,Blocked,2040.92
REC102689,MCH3142,"Dugar, Merchant and Kala",5942,Books & Stationery,Private Limited,Jaipur,Rajasthan,2024-01-01,CUQS1241290775925,Active,619.08
REC102690,MCH2997,Nadkarni Inc,5411,Grocery Store,Private Limited,Hyderabad,Telangana,2025-10-08,,Active,761.67
REC102691,MCH4903,Khatri Group,5311,Department Store,Individual,Delhi,Delhi,2024-07-07,,Active,
REC102692,MCH5765,Murty Inc,4131,Transportation,Partnership,Mumbai,Maharashtra,2025-07-18,,Active,2715.83
REC102693,MCH3964,"Bala, Chanda and Loyal",5942,Books & Stationery,Partnership,Jaipur,Rajasthan,2023-09-05,CFOS0283411374388,Active,2002.33
REC102694,MCH9968,Swamy-Wason,5311,Department Store,Sole Proprietor,Mumbai,Maharashtra,2024-04-29,,Inactive,526.26
REC102695,MCH6146,Handa LLC,5912,Pharmacy,Individual,Amritsar,Punjab,2023-01-01,BIZN7645519547179,Active,
REC102696,MCH8159,Grover-Barad,5411,Grocery Store,Partnership,Chennai,Tamil Nadu,2024-12-18,,Suspended,768.97
REC102697,MCH9865,Minhas PLC,5942,Books & Stationery,Private Limited,Delhi,Delhi,2025-11-29,,Active,334.0
REC102698,MCH3023,Arora LLC,7011,Hotel/Lodging,Individual,Bengaluru,Karnataka,2025-02-03,,Suspended,1722.88
REC102699,MCH3388,"Halder, Chander and Krishnamurthy",5311,Department Store,Individual,Ludhiana,Punjab,2025-03-23,FTJO6113858465780,Inactive,447.14
REC102700,MCH6572,Naidu PLC,5311,Department Store,Private Limited,Pune,Maharashtra,2025-03-17,HNFH7484368794581,Active,402.0
REC102701,MCH7724,"Johal, Khatri and Sant",5411,Grocery Store,Individual,Jalandhar,Punjab,2026-02-18,BSAD5422938420269,Active,3132.9
REC102702,MCH4084,Mitra PLC,5311,Department Store,Individual,Jalandhar,Punjab,2023-12-15,XXXX5719,Active,973.94
REC102703,MCH9385,"Ray, Gulati and Gill",4814,Telecom,Sole Proprietor,Amritsar,Punjab,2024-02-17,,Active,1178.44
REC102704,MCH5277,Kannan-Deshmukh,5942,Books & Stationery,Private Limited,Lucknow,Uttar Pradesh,2025-09-26,,Inactive,4638.51
REC102705,MCH8824,Mani PLC,5999,Miscellaneous Retail,Individual,Hyderabad,Telangana,2024-02-22,0602443496,Active,1314.9
REC102706,MCH1397,"Bir, Ravel and Swaminathan",5411,Grocery Store,Partnership,Pune,Maharashtra,2023-07-16,,Active,6150.31
REC102707,MCH4608,Chandran Group,5699,Apparel,Sole Proprietor,Lucknow,Uttar Pradesh,2023-05-09,ZPZS9153819912287,Active,950.53
REC102708,MCH1800,Mall PLC,5311,Department Store,Private Limited,Hyderabad,Telangana,2025-10-24,,Active,1030.0
REC102709,MCH6837,Oommen-Thaker,5942,Books & Stationery,Individual,Jalandhar,Punjab,2025-10-11,6324216769,Active,1750.4
REC102710,MCH8923,Choudhury Group,5912,Pharmacy,Individual,Jaipur,Rajasthan,2024-06-12,WVVA0613994696185,Disabled,2880.15
REC102711,MCH4232,Raj Group,5912,Pharmacy,Individual,Hyderabad,Telangana,2023-06-23,,Suspended,
REC102712,MCH1594,Bera Inc,5999,Miscellaneous Retail,Private Limited,Amritsar,Punjab,2024-09-05,9659925213,Active,2187.43
REC102713,MCH7804,Deo-Pandya,5812,Restaurant,Partnership,Jaipur,Rajasthan,,XXXX1482,Suspended,492.54
REC102714,MCH2981,"Sachdeva, Iyer and Borra",5942,Books & Stationery,Individual,Kolkata,West Bengal,2023-07-19,1834855061,Active,841.65
REC102715,MCH6866,Thaker-Behl,5999,Miscellaneous Retail,Sole Proprietor,Pune,Maharashtra,2024-03-22,,Active,221.31
REC102716,MCH7667,Lalla and Sons,5311,Department Store,Individual,Hyderabad,Telangana,2023-01-20,,Active,1676.0
REC102717,MCH3705,"Prakash, Korpal and Narasimhan",5812,Restaurant,Sole Proprietor,Jaipur,Rajasthan,2025-11-10,,Active,753.96
REC102718,MCH7726,Modi Ltd,5311,Department Store,Individual,Lucknow,Uttar Pradesh,2025-05-17,XXXX3760,Active,1955.14
REC102719,MCH5335,Shroff and Sons,5311,Department Store,Sole Proprietor,Chennai,Tamil Nadu,,XXXX4486,Disabled,1166.0
REC102720,MCH9641,Andra Ltd,5912,Pharmacy,Private Limited,Kolkata,West Bengal,2025-10-15,2325222758,Active,3323.59
REC102721,MCH4811,Chaudhry-Majumdar,5912,Pharmacy,Private Limited,Delhi,Delhi,2024-06-26,XXXX5566,Active,615.9
REC102722,MCH5019,Bahl-Loyal,5411,Grocery Store,Sole Proprietor,Bengaluru,Karnataka,2025-05-12,,Active,1093.52
REC102723,MCH5110,Grover and Sons,5999,Miscellaneous Retail,Private Limited,Jalandhar,Punjab,2024-05-02,ZILO7642666200036,Active,
REC102724,MCH6868,Tara Group,5311,Department Store,Partnership,Pune,Maharashtra,2024-02-04,,Active,323.93
REC102725,MCH6889,Behl-Deep,5942,Books & Stationery,Partnership,Bengaluru,Karnataka,2023-12-22,ZYSS9298134271861,Active,
REC102726,MCH1488,"Chada, Gopal and Rajagopal",4814,Telecom,Sole Proprietor,Jaipur,Rajasthan,2026-01-02,,Active,1905.0
REC102727,MCH1654,Swamy Group,4814,Telecom,Partnership,Jalandhar,Punjab,2024-07-14,,Active,
REC102728,MCH3232,"Sarraf, Chaudhuri and Acharya",5812,Restaurant,Sole Proprietor,Kolkata,West Bengal,2024-05-29,,Active,
REC102729,MCH2205,Narayan PLC,4131,Transportation,Partnership,Hyderabad,Telangana,2023-03-16,,Inactive,2136.03
REC102730,MCH7576,Ramanathan-Menon,7011,Hotel/Lodging,Partnership,Jalandhar,Punjab,2024-10-14,,Active,757.61
REC102731,MCH2098,Ranganathan-Chopra,4131,Transportation,Private Limited,Chennai,Tamil Nadu,2023-05-13,,Active,4538.04
REC102732,MCH5250,Virk-Nadkarni,5999,Miscellaneous Retail,Partnership,Pune,Maharashtra,2023-07-16,,Suspended,759.43
REC102733,MCH2222,"Mani, Ravel and Agrawal",5699,Apparel,Sole Proprietor,Lucknow,Uttar Pradesh,2023-10-01,,Active,815.84
REC102734,MCH7702,Ahuja-Nayar,5411,Grocery Store,Private Limited,Ludhiana,Punjab,2024-10-04,,Suspended,
REC102735,MCH7618,Mutti-Mohan,5942,Books & Stationery,Individual,Hyderabad,Telangana,2023-03-14,XXXX5035,Active,664.0
REC102736,MCH7152,Dewan-Garde,4131,Transportation,Sole Proprietor,Delhi,Delhi,2024-01-14,,Active,628.75
REC102737,MCH3511,"Konda, Venkatesh and Jha",5411,Grocery Store,Individual,Lucknow,Uttar Pradesh,2025-06-28,BGWP5416829581598,Active,
REC102738,MCH2440,Hans-Master,7011,Hotel/Lodging,Sole Proprietor,Ludhiana,Punjab,2023-02-15,IUZN5055483856054,Active,1395.0
REC102739,MCH8044,"Sant, Nadkarni and Rajan",5311,Department Store,Individual,Bengaluru,Karnataka,2024-10-13,,Active,
REC102740,MCH7913,Khare Inc,5912,Pharmacy,Partnership,Pune,Maharashtra,2025-02-22,QFFQ8944942522196,Active,
REC102741,MCH8640,"Vasa, Nanda and Bhat",5311,Department Store,Sole Proprietor,Pune,Maharashtra,2025-03-05,,Active,347.11
REC102742,MCH1892,Shanker-De,7011,Hotel/Lodging,Private Limited,Mumbai,Maharashtra,2024-02-12,4394256877,Active,987.4
REC102743,MCH3507,"Sundaram, Shan and Subramanian",7011,Hotel/Lodging,Individual,Amritsar,Punjab,2023-01-28,7115308153,Active,950.31
REC102744,MCH6782,Jani-Bhakta,7011,Hotel/Lodging,Private Limited,Delhi,Delhi,2024-10-29,1624647213,Active,289.03
REC102745,MCH3627,"Chandra, Venkataraman and Palla",5912,Pharmacy,Sole Proprietor,Jaipur,Rajasthan,2025-10-09,1981451941,Active,379.66
REC102746,MCH3601,Lanka Inc,5942,Books & Stationery,Individual,Pune,Maharashtra,2025-05-14,,Active,4672.85
REC102747,MCH4322,Bumb-Arya,5411,Grocery Store,Sole Proprietor,Kolkata,West Bengal,2024-12-06,XXXX0050,Active,2473.26
REC102748,MCH7126,"Shankar, Dave and Mahajan",4131,Transportation,Individual,Pune,Maharashtra,2025-05-29,XXXX9486,Active,2564.94
REC102749,MCH2789,Peri-Panchal,5311,Department Store,Partnership,Jalandhar,Punjab,,,Active,1044.19
REC102750,MCH6543,Nagi-Pradhan,5411,Grocery Store,Private Limited,Mumbai,Maharashtra,2025-07-17,,Active,2785.85
REC102751,MCH3265,Mittal Ltd,5942,Books & Stationery,Private Limited,Hyderabad,Telangana,2024-08-15,GNXO4175681425980,Active,4170.98
REC102752,MCH5737,"Mangat, Parmer and Khosla",5311,Department Store,Sole Proprietor,Pune,Maharashtra,,ERHY5292307870912,Active,2850.24
REC102753,MCH9866,"Lad, Shere and Karpe",5812,Restaurant,Individual,Lucknow,Uttar Pradesh,2023-07-07,,Active,1173.0
REC102754,MCH2027,"Boase, Ghosh and Manda",5311,Department Store,Partnership,Chennai,Tamil Nadu,2023-12-16,XXXX6284,Active,1163.7
REC102755,MCH2542,Thakur Group,5411,Grocery Store,Sole Proprietor,Kolkata,West Bengal,2023-12-15,7251186427,Inactive,3711.74
REC102756,MCH4818,Deol Inc,5999,Miscellaneous Retail,Individual,Delhi,Delhi,2024-04-29,RIGL0488107049334,Active,316.0
REC102757,MCH3148,Rao Ltd,4814,Telecom,Individual,Delhi,Delhi,2023-01-16,,Active,1684.65
REC102758,MCH2038,Dara-Sama,7011,Hotel/Lodging,Individual,Hyderabad,Telangana,2023-08-20,1467343581,Active,801.94
REC102759,MCH5594,Savant-Bhargava,5411,Grocery Store,Sole Proprietor,Bengaluru,Karnataka,2025-01-19,1080833717,Suspended,1235.6
REC102760,MCH6757,Brar-Saha,5942,Books & Stationery,Sole Proprietor,Ludhiana,Punjab,2024-05-09,NTTY4243627390116,Active,602.25
REC102761,MCH8735,"Chhabra, Kunda and Sem",4814,Telecom,Partnership,Jalandhar,Punjab,2025-09-18,DZIA5449518052658,Active,1589.68
REC102762,MCH7947,Padmanabhan-Kale,4814,Telecom,Private Limited,Mumbai,Maharashtra,2023-09-08,,Active,3921.35
REC102763,MCH6697,Andra-Sengupta,5411,Grocery Store,Partnership,Bengaluru,Karnataka,2025-10-09,,Disabled,1006.44
REC102764,MCH8208,Tak-Shankar,7011,Hotel/Lodging,Individual,Mumbai,Maharashtra,2024-03-18,,Active,1309.39
REC102765,MCH5081,Grewal-Dutt,5942,Books & Stationery,Partnership,Jaipur,Rajasthan,2024-09-22,,Active,624.18
REC102766,MCH7459,"Gara, Agarwal and Anne",7011,Hotel/Lodging,Individual,Ludhiana,Punjab,2023-04-14,2572840529,Active,2650.18
REC102767,MCH9754,Khanna Group,5411,Grocery Store,Partnership,Ludhiana,Punjab,2023-11-20,EDBE0893143652084,Active,3682.51
REC102768,MCH6231,"Chand, Johal and Chawla",5812,Restaurant,Private Limited,Jalandhar,Punjab,2023-06-26,1062018479,Active,919.0
REC102769,MCH4982,Upadhyay-Thaker,5699,Apparel,Private Limited,Pune,Maharashtra,2023-10-04,XXXX3001,Active,
REC102770,MCH9551,Chaudhari-Dugar,5942,Books & Stationery,Individual,Lucknow,Uttar Pradesh,2023-08-11,XXXX6470,Active,2156.36
REC102771,MCH1751,Bava-Mukherjee,5411,Grocery Store,Sole Proprietor,Jaipur,Rajasthan,2023-05-20,EFFJ4269274300862,Active,1591.0
REC102772,MCH3292,Ravi-Keer,5311,Department Store,Private Limited,Jalandhar,Punjab,2023-11-21,,Suspended,9611.45
REC102773,MCH3616,Bakshi Group,4131,Transportation,Private Limited,Hyderabad,Telangana,2024-03-13,,Active,1136.19
REC102774,MCH4413,"Parekh, Kade and Talwar",5699,Apparel,Sole Proprietor,Lucknow,Uttar Pradesh,2025-12-11,9207485110,Active,
REC102775,MCH6657,Atwal-Sarraf,5411,Grocery Store,Partnership,Hyderabad,Telangana,,,Active,804.0
REC102776,MCH2028,Dhingra PLC,4814,Telecom,Sole Proprietor,Pune,Maharashtra,2023-09-27,,Active,
REC102777,MCH1263,"Soman, Chaudhary and Luthra",4814,Telecom,Partnership,Hyderabad,Telangana,2023-06-27,,Active,696.55
REC102778,MCH7058,Chatterjee PLC,5699,Apparel,Individual,Jalandhar,Punjab,,,Active,587.63
REC102779,MCH2350,"Gill, Sura and Doshi",5812,Restaurant,Individual,Pune,Maharashtra,2026-02-19,,Active,668.0
REC102780,MCH5834,Sundaram-Sarkar,5812,Restaurant,Partnership,Hyderabad,Telangana,2025-07-27,XXXX6821,Active,1502.09
REC102781,MCH9348,"Solanki, Chaudhary and Nori",5912,Pharmacy,Partnership,Pune,Maharashtra,2023-09-09,ACBK1959673899093,Active,1188.0
REC102782,MCH3502,"Bail, Sawhney and Majumdar",5812,Restaurant,Individual,Hyderabad,Telangana,2024-02-05,,Active,4792.39
REC102783,MCH7600,Salvi-Mishra,5912,Pharmacy,Private Limited,Bengaluru,Karnataka,2025-05-25,,Active,577.0
REC102784,MCH2623,Dara-Kulkarni,5942,Books & Stationery,Sole Proprietor,Kolkata,West Bengal,2025-06-28,,Active,1296.1
REC102785,MCH9710,Trivedi PLC,5411,Grocery Store,Partnership,Ludhiana,Punjab,2025-01-24,,Active,718.83
REC102786,MCH9922,Chand-Jain,5411,Grocery Store,Partnership,Chennai,Tamil Nadu,2023-09-10,XXXX1121,Active,1800.0
REC102787,MCH7850,Reddy Inc,5699,Apparel,Partnership,Chennai,Tamil Nadu,2024-05-16,,Active,1378.0
REC102788,MCH5555,Prabhu Ltd,4131,Transportation,Private Limited,Bengaluru,Karnataka,2024-12-16,,Active,1663.56
REC102789,MCH8505,"Joshi, Sarin and Krishnamurthy",5311,Department Store,Partnership,Jaipur,Rajasthan,2023-04-08,,Active,811.55
REC102790,MCH1349,Bahri and Sons,5912,Pharmacy,Individual,Hyderabad,Telangana,2025-06-08,BGVV4182827632214,Active,2320.2
REC102791,MCH4760,"Kalla, Mammen and Purohit",4814,Telecom,Individual,Delhi,Delhi,2024-10-27,,Active,964.0
REC102792,MCH9476,Sama PLC,5812,Restaurant,Private Limited,Hyderabad,Telangana,,XXXX6830,Active,165.93
REC102793,MCH7957,Varty-Natarajan,7011,Hotel/Lodging,Private Limited,Chennai,Tamil Nadu,2024-06-28,,Active,410.29
REC102794,MCH1534,"Merchant, Sarna and Korpal",5912,Pharmacy,Private Limited,Hyderabad,Telangana,2023-04-02,,Closed,3752.5
REC102795,MCH1056,Mital-Jhaveri,5311,Department Store,Partnership,Amritsar,Punjab,2023-09-10,6820698589,Active,5938.05
REC102796,MCH1364,Krishnamurthy LLC,4131,Transportation,Individual,Hyderabad,Telangana,2023-02-01,IIJY7170442781592,Active,377.26
REC102797,MCH9751,Memon-Sinha,5812,Restaurant,Sole Proprietor,Ludhiana,Punjab,2023-07-16,4462778035,Active,2265.65
REC102798,MCH6865,Mander-Chakrabarti,7011,Hotel/Lodging,Private Limited,Mumbai,Maharashtra,2023-04-20,,Active,
REC102799,MCH3179,"Sarma, Singh and Char",5311,Department Store,Individual,Hyderabad,Telangana,,,Active,1817.49
REC102800,MCH7289,Nayar-Dara,5699,Apparel,Individual,Pune,Maharashtra,2025-12-28,AFIS6620860774027,Active,4510.0
REC102801,MCH9764,"Chaudhry, Samra and Garde",4814,Telecom,Private Limited,Jalandhar,Punjab,2024-07-15,XXXX9534,Active,
REC102802,MCH6107,Bassi and Sons,5912,Pharmacy,Sole Proprietor,Hyderabad,Telangana,,,Inactive,1888.0
REC102803,MCH3130,"Arora, Karnik and Sarraf",5942,Books & Stationery,Sole Proprietor,Kolkata,West Bengal,2023-07-10,,Inactive,1573.29
REC102804,MCH4553,Zachariah-Dara,5812,Restaurant,Private Limited,Jalandhar,Punjab,2024-07-03,,Active,343.99
REC102805,MCH9443,"Chowdhury, Kapadia and Chada",5812,Restaurant,Partnership,Chennai,Tamil Nadu,2024-02-20,,Active,1660.16
REC102806,MCH2746,"Tella, Mane and Pillai",7011,Hotel/Lodging,Private Limited,Ludhiana,Punjab,2023-03-12,0851637180,Closed,395.56
REC102807,MCH3663,Kunda-Chaudhuri,7011,Hotel/Lodging,Partnership,Jaipur,Rajasthan,2024-11-20,,Suspended,1356.0
REC102808,MCH4253,Mander-Sagar,5999,Miscellaneous Retail,Individual,Ludhiana,Punjab,2024-12-12,,Active,348.43
REC102809,MCH8148,Sehgal-Banik,4131,Transportation,Sole Proprietor,Bengaluru,Karnataka,2024-01-27,,Active,406.0
REC102810,MCH4706,"Varughese, Mani and Choudhary",5311,Department Store,Individual,Bengaluru,Karnataka,2025-11-11,3980025472,Active,
REC102811,MCH7699,Mammen Ltd,4814,Telecom,Individual,Jalandhar,Punjab,2024-10-16,XXXX5219,Active,
REC102812,MCH8086,Contractor-Narain,5812,Restaurant,Partnership,Pune,Maharashtra,2024-08-28,,Active,1394.0
REC102813,MCH4110,Suresh-Bassi,5942,Books & Stationery,Individual,Mumbai,Maharashtra,2024-09-18,,Disabled,1527.43
REC102814,MCH2534,Shetty-Sundaram,5411,Grocery Store,Private Limited,Pune,Maharashtra,2025-03-10,,Active,709.87
REC102815,MCH1983,Jayaraman PLC,5912,Pharmacy,Sole Proprietor,Hyderabad,Telangana,2024-12-13,6619790480,Active,657.32
REC102816,MCH4754,Menon Inc,5999,Miscellaneous Retail,Private Limited,Hyderabad,Telangana,2023-03-24,XXXX5608,Active,
REC102817,MCH4332,Varma PLC,5942,Books & Stationery,Individual,Mumbai,Maharashtra,2025-01-22,XXXX6546,Active,229.07
REC102818,MCH9785,Nagarajan PLC,5699,Apparel,Individual,Mumbai,Maharashtra,2025-08-06,,Active,2709.78
REC102819,MCH6240,Mutti PLC,5999,Miscellaneous Retail,Partnership,Delhi,Delhi,2025-11-08,,Active,1461.1
REC102820,MCH2336,Narasimhan Inc,5411,Grocery Store,Sole Proprietor,Jalandhar,Punjab,2025-06-18,,Inactive,791.05
REC102821,MCH5494,Palan-Bhatnagar,4814,Telecom,Private Limited,Kolkata,West Bengal,2024-10-02,2710953349,Active,720.88
REC102822,MCH5411,Kale Inc,5411,Grocery Store,Partnership,Pune,Maharashtra,2024-06-21,,Active,708.0
REC102823,MCH7636,Bir PLC,5699,Apparel,Sole Proprietor,Jalandhar,Punjab,2025-05-03,XXXX9076,Active,178.0
REC102824,MCH8918,Solanki and Sons,5699,Apparel,Private Limited,Bengaluru,Karnataka,2025-05-17,ITGT2090730500760,Active,
REC102825,MCH6360,"Garg, Char and Sharaf",5912,Pharmacy,Sole Proprietor,Mumbai,Maharashtra,2024-02-14,DELE6172573272913,Active,242.87
REC102826,MCH5467,"Kurian, Anne and Borra",4814,Telecom,Individual,Ludhiana,Punjab,2024-05-17,3367286055,Active,940.0
REC102827,MCH2763,Thaman-Virk,5912,Pharmacy,Private Limited,Bengaluru,Karnataka,2025-07-23,XXXX7625,Active,563.88
REC102828,MCH6819,"Krishnan, Pal and Nayar",5812,Restaurant,Sole Proprietor,Hyderabad,Telangana,2025-10-17,,Active,499.0
REC102829,MCH9563,"Singh, Issac and Murty",4131,Transportation,Private Limited,Kolkata,West Bengal,2023-02-01,,Active,1366.02
REC102830,MCH8413,"Mammen, Parmer and Chandra",4814,Telecom,Sole Proprietor,Bengaluru,Karnataka,2024-03-19,,Active,
REC102831,MCH6163,Raju and Sons,4131,Transportation,Individual,Ludhiana,Punjab,2025-02-06,XTAO1446983636380,Active,1659.71
REC102832,MCH9740,Jain and Sons,5812,Restaurant,Individual,Jaipur,Rajasthan,2025-01-31,BHGC5407337420204,Active,1510.42
REC102833,MCH3536,"Chaudry, Halder and Kota",5812,Restaurant,Partnership,Jaipur,Rajasthan,2023-11-05,UYBS8259834217447,Inactive,3533.21
REC102834,MCH6352,Brar-Kale,5699,Apparel,Partnership,Chennai,Tamil Nadu,2023-10-08,,Active,2366.79
REC102835,MCH9196,Brahmbhatt Inc,5411,Grocery Store,Partnership,Bengaluru,Karnataka,2023-03-16,,Active,
REC102836,MCH5162,Srinivas-Sule,5311,Department Store,Individual,Jaipur,Rajasthan,2025-02-20,3127556904,Active,1145.33
REC102837,MCH9772,Sachdeva LLC,5411,Grocery Store,Sole Proprietor,Kolkata,West Bengal,2025-10-23,BDSV5277645088008,Active,
REC102838,MCH2506,"Sarna, Vora and Seth",4131,Transportation,Individual,Jaipur,Rajasthan,2024-06-13,,Active,222.33
REC102839,MCH1350,"Krishnamurthy, Dutt and Sura",4814,Telecom,Partnership,Mumbai,Maharashtra,2024-07-25,3860313878,Active,1360.18
REC102840,MCH7544,Ganesh and Sons,4131,Transportation,Sole Proprietor,Ludhiana,Punjab,2025-03-22,FWAU1672608587886,Inactive,2329.09
REC102841,MCH1221,"Bakshi, Doctor and Bobal",7011,Hotel/Lodging,Partnership,Mumbai,Maharashtra,,XXXX9345,Active,1302.2
REC102842,MCH5637,Desai-Sankaran,5942,Books & Stationery,Individual,Kolkata,West Bengal,2025-12-05,,Active,
REC102843,MCH1973,Shan-Ahuja,4814,Telecom,Private Limited,Delhi,Delhi,2024-01-22,,Active,1273.63
REC102844,MCH6527,"Menon, Subramanian and Pai",7011,Hotel/Lodging,Individual,Ludhiana,Punjab,,,Active,1220.94
REC102845,MCH1047,Rana-Aurora,4814,Telecom,Partnership,Bengaluru,Karnataka,2023-08-20,BJXS0430805448675,Active,1003.46
REC102846,MCH7233,Kamdar-Bhakta,5411,Grocery Store,Private Limited,Kolkata,West Bengal,2024-03-08,,Active,
REC102847,MCH9043,Setty and Sons,7011,Hotel/Lodging,Partnership,Pune,Maharashtra,2024-02-10,,Active,3323.0
REC102848,MCH9858,"Kapur, Doshi and Nayak",5812,Restaurant,Partnership,Delhi,Delhi,2025-02-22,,Active,791.03
REC102849,MCH7566,Minhas Group,5912,Pharmacy,Partnership,Mumbai,Maharashtra,2024-03-08,,Active,880.25
REC102850,MCH4788,Chauhan-Khosla,5699,Apparel,Individual,Bengaluru,Karnataka,,0651098523,Active,109.29
REC102851,MCH9942,"Sarma, Butala and Ganguly",5912,Pharmacy,Sole Proprietor,Lucknow,Uttar Pradesh,2025-10-16,,Active,
REC102852,MCH6598,"Banik, Halder and Sabharwal",7011,Hotel/Lodging,Individual,Mumbai,Maharashtra,2025-06-02,XXXX2729,Inactive,230.53
REC102853,MCH6737,Kohli Inc,5942,Books & Stationery,Partnership,Ludhiana,Punjab,2023-07-06,7394942754,Active,675.29
REC102854,MCH8024,Char-Sehgal,4814,Telecom,Private Limited,Pune,Maharashtra,2024-08-19,3608411983,Active,
REC102855,MCH7860,"Pall, Som and Dalal",5999,Miscellaneous Retail,Private Limited,Amritsar,Punjab,2024-11-11,1164754239,Active,
REC102856,MCH2159,Sawhney LLC,5812,Restaurant,Sole Proprietor,Jalandhar,Punjab,2024-05-16,MGFR5989061568022,Active,1420.0
REC102857,MCH9941,"Prakash, Ramakrishnan and Shukla",4814,Telecom,Partnership,Ludhiana,Punjab,2023-08-19,,Active,414.88
REC102858,MCH9489,Badal-Sankaran,4131,Transportation,Sole Proprietor,Chennai,Tamil Nadu,2026-02-03,,Active,1437.06
REC102859,MCH9057,Dayal Ltd,5942,Books & Stationery,Partnership,Jaipur,Rajasthan,2024-10-11,TJAX1540713634286,Active,728.46
REC102860,MCH3177,"Pingle, Rao and Varty",4131,Transportation,Individual,Kolkata,West Bengal,2025-04-19,XXXX0077,Suspended,1840.14
REC102861,MCH7162,Panchal-Ratti,5411,Grocery Store,Private Limited,Delhi,Delhi,2023-03-11,RYQU3238280392506,Active,1176.97
REC102862,MCH3449,Nigam-Agate,5999,Miscellaneous Retail,Partnership,Mumbai,Maharashtra,2026-02-13,UOSM0726239882457,Active,236.02
REC102863,MCH7185,Prasad Ltd,5311,Department Store,Individual,Mumbai,Maharashtra,2023-06-04,XXXX4284,Active,
REC102864,MCH2919,Menon-Vaidya,5912,Pharmacy,Sole Proprietor,Delhi,Delhi,2023-03-20,,Active,3825.85
REC102865,MCH4487,Maharaj-Murthy,5912,Pharmacy,Individual,Amritsar,Punjab,2024-04-23,TWRO4245073175794,Active,1455.08
REC102866,MCH8098,Mittal-Konda,5699,Apparel,Private Limited,Kolkata,West Bengal,,,Active,925.94
REC102867,MCH6474,Soni-Raja,5999,Miscellaneous Retail,Individual,Amritsar,Punjab,2024-01-29,,Active,696.57
REC102868,MCH9444,Sachdeva-Khatri,4131,Transportation,Partnership,Jalandhar,Punjab,2024-01-13,2308250236,Active,345.26
REC102869,MCH6064,Viswanathan-Tak,5942,Books & Stationery,Sole Proprietor,Chennai,Tamil Nadu,,RDFT0727994735934,Blocked,519.38
REC102870,MCH6869,"Oak, Kalla and Ch and",4131,Transportation,Private Limited,Pune,Maharashtra,2025-01-21,XXXX1495,Active,2412.44
REC102871,MCH4320,Vala and Sons,4814,Telecom,Private Limited,Mumbai,Maharashtra,2024-10-14,NNFD4351390281416,Disabled,
REC102872,MCH6401,Ramachandran-Borah,4814,Telecom,Private Limited,Bengaluru,Karnataka,2023-07-16,BIIV8391883916775,Active,371.0
REC102873,MCH4218,Srivastava Ltd,5942,Books & Stationery,Sole Proprietor,Mumbai,Maharashtra,2023-11-20,LFAP5704533731300,Active,1744.69
REC102874,MCH3900,Mand-Bedi,5812,Restaurant,Private Limited,Kolkata,West Bengal,2025-02-20,XXXX1674,Active,1036.74
REC102875,MCH8615,Devi-Narasimhan,5942,Books & Stationery,Sole Proprietor,Kolkata,West Bengal,2024-11-18,8648906197,Active,722.58
REC102876,MCH6447,Kant-Tella,7011,Hotel/Lodging,Partnership,Delhi,Delhi,2026-01-22,,Active,994.25
REC102877,MCH7366,Bora-Nadkarni,5411,Grocery Store,Partnership,Bengaluru,Karnataka,2024-03-17,,Suspended,2024.0
REC102878,MCH5106,Luthra LLC,5942,Books & Stationery,Private Limited,Jalandhar,Punjab,2023-12-01,XXXX6321,Active,411.0
REC102879,MCH2038,Keer Inc,5311,Department Store,Partnership,Pune,Maharashtra,2025-06-07,,Inactive,
REC102880,MCH3179,"Din, Mukhopadhyay and Bawa",5999,Miscellaneous Retail,Sole Proprietor,Chennai,Tamil Nadu,2023-10-31,UQUU0653302527343,Suspended,1687.99
REC102881,MCH9173,Bumb-Bandi,5999,Miscellaneous Retail,Sole Proprietor,Pune,Maharashtra,2023-06-26,,Active,450.27
REC102882,MCH3483,"Puri, Sachdeva and Jhaveri",5812,Restaurant,Private Limited,Jaipur,Rajasthan,2025-08-15,XXXX0583,Closed,1128.9
REC102883,MCH3971,Sura PLC,7011,Hotel/Lodging,Individual,Delhi,Delhi,2024-04-17,,Inactive,748.82
REC102884,MCH9811,"Dyal, Ranganathan and Sinha",5812,Restaurant,Private Limited,Delhi,Delhi,2025-11-04,RQQY2365576077878,Active,972.81
REC102885,MCH1924,"Choudhary, Iyer and Boase",5912,Pharmacy,Partnership,Jaipur,Rajasthan,2024-11-12,XXXX3944,Active,7220.04
REC102886,MCH1064,Nanda Ltd,5812,Restaurant,Individual,Amritsar,Punjab,2025-09-09,,Active,1182.15
REC102887,MCH3842,"Rao, Rajagopal and Ratti",4131,Transportation,Private Limited,Jaipur,Rajasthan,2024-01-27,,Active,444.1
REC102888,MCH3549,Khalsa and Sons,5812,Restaurant,Individual,Amritsar,Punjab,2025-01-07,AXNC2296857054867,Active,1756.73
REC102889,MCH5450,"Karnik, Karan and Boase",5942,Books & Stationery,Partnership,Kolkata,West Bengal,2024-09-09,,Active,852.07
REC102890,MCH4630,Jhaveri PLC,5999,Miscellaneous Retail,Sole Proprietor,Ludhiana,Punjab,2025-07-11,2284002392,Active,1285.49
REC102891,MCH9942,Srinivas and Sons,7011,Hotel/Lodging,Individual,Amritsar,Punjab,2024-07-09,NAOM1028605509837,Active,636.69
REC102892,MCH7198,"Thakkar, Mistry and Sinha",5942,Books & Stationery,Sole Proprietor,Pune,Maharashtra,2023-02-21,,Active,3029.62
REC102893,MCH9770,Jha-Andra,4131,Transportation,Sole Proprietor,Chennai,Tamil Nadu,2026-01-22,BRJH7377264204006,Suspended,1847.23
REC102894,MCH4623,"Gokhale, Ranganathan and Shenoy",5999,Miscellaneous Retail,Private Limited,Hyderabad,Telangana,2025-08-17,0347099856,Active,171.0
REC102895,MCH3465,"Patla, Tiwari and Bobal",4814,Telecom,Private Limited,Amritsar,Punjab,2024-09-10,BMXM3313589371926,Active,662.0
REC102896,MCH5186,Dey-Bansal,5912,Pharmacy,Sole Proprietor,Chennai,Tamil Nadu,2025-09-21,,Active,365.0
REC102897,MCH8638,Ramanathan-Apte,5942,Books & Stationery,Partnership,Chennai,Tamil Nadu,2025-04-16,XXXX4259,Active,985.8
REC102898,MCH6547,"Gupta, Dewan and Nadig",5942,Books & Stationery,Individual,Hyderabad,Telangana,2023-05-27,,Disabled,974.14
REC102899,MCH9827,Chaudry and Sons,5311,Department Store,Private Limited,Bengaluru,Karnataka,2025-04-02,WKDN2531235762305,Active,1686.75
REC102900,MCH8539,Arya-Char,5699,Apparel,Sole Proprietor,Chennai,Tamil Nadu,2025-10-07,XXXX4751,Active,3012.9
REC102901,MCH2656,"Kala, Shetty and Sheth",5411,Grocery Store,Sole Proprietor,Delhi,Delhi,2023-12-06,,Active,5073.35
REC102902,MCH3841,"Sandhu, Khosla and Guha",5999,Miscellaneous Retail,Partnership,Bengaluru,Karnataka,2024-09-16,7616513593,Active,2207.18
REC102903,MCH5114,Lal Group,5411,Grocery Store,Private Limited,Bengaluru,Karnataka,2024-06-23,XXXX3035,Active,1143.5
REC102904,MCH3680,Gala and Sons,4131,Transportation,Partnership,Delhi,Delhi,2023-12-31,,Active,962.0
REC102905,MCH9530,Borah PLC,5812,Restaurant,Individual,Hyderabad,Telangana,2023-11-01,,Suspended,999.86
REC102906,MCH4975,Bhakta-Sidhu,5699,Apparel,Partnership,Jalandhar,Punjab,2024-09-18,,Active,280.66
REC102907,MCH4319,"Setty, Sarkar and Mahajan",5311,Department Store,Private Limited,Mumbai,Maharashtra,2025-02-01,5750964403,Active,1351.02
REC102908,MCH7912,Jaggi-Khare,4814,Telecom,Individual,Kolkata,West Bengal,2023-04-29,,Suspended,993.76
REC102909,MCH2995,Patil Ltd,7011,Hotel/Lodging,Private Limited,Amritsar,Punjab,2025-12-25,2612684538,Active,492.36
REC102910,MCH7596,Bajwa-Luthra,4814,Telecom,Private Limited,Hyderabad,Telangana,2024-04-20,,Suspended,
REC102911,MCH5941,Gour Ltd,5942,Books & Stationery,Private Limited,Lucknow,Uttar Pradesh,2023-04-30,XXXX2222,Inactive,1448.04
REC102912,MCH7025,"Shanker, Bandi and Bala",5999,Miscellaneous Retail,Individual,Bengaluru,Karnataka,2025-01-26,XXXX6482,Active,4575.03
REC102913,MCH8943,Bassi-Dhingra,5942,Books & Stationery,Private Limited,Chennai,Tamil Nadu,2024-09-09,,Active,774.62
REC102914,MCH1879,Maharaj PLC,5942,Books & Stationery,Partnership,Delhi,Delhi,2023-03-01,,Active,1269.91
REC102915,MCH1811,Shukla-Ganesan,7011,Hotel/Lodging,Individual,Delhi,Delhi,2024-01-14,9614445611,Disabled,871.51
REC102916,MCH2792,Krishnamurthy PLC,7011,Hotel/Lodging,Sole Proprietor,Jalandhar,Punjab,2023-02-03,,Active,1501.9
REC102917,MCH8613,Comar-Tata,5812,Restaurant,Individual,Lucknow,Uttar Pradesh,2023-09-05,,Suspended,2485.09
REC102918,MCH4283,Joshi-Srinivas,5411,Grocery Store,Partnership,Amritsar,Punjab,2023-09-01,,Active,1135.0
REC102919,MCH8821,Mukhopadhyay-Cherian,5812,Restaurant,Sole Proprietor,Jalandhar,Punjab,2023-11-26,2404954167,Active,703.03
REC102920,MCH8043,Lalla Group,5311,Department Store,Private Limited,Ludhiana,Punjab,2024-07-31,,Active,1064.0
REC102921,MCH9954,Mitra LLC,5912,Pharmacy,Sole Proprietor,Lucknow,Uttar Pradesh,2023-06-30,,Active,412.84
REC102922,MCH5061,Natarajan Inc,5699,Apparel,Sole Proprietor,Ludhiana,Punjab,2025-10-10,3155448560,Active,1265.19
REC102923,MCH4527,Bansal Inc,5411,Grocery Store,Private Limited,Lucknow,Uttar Pradesh,2025-10-29,BWHM6431375051395,Active,3449.0
REC102924,MCH5873,"Kade, Srivastava and Iyengar",5999,Miscellaneous Retail,Partnership,Lucknow,Uttar Pradesh,2023-10-06,,Active,3185.85
REC102925,MCH6772,"Sarin, Kale and Bava",5411,Grocery Store,Individual,Amritsar,Punjab,2024-03-12,4810020944,Inactive,893.58
REC102926,MCH2180,Chaudry-Sidhu,5699,Apparel,Private Limited,Pune,Maharashtra,,4033666419,Active,3354.42
REC102927,MCH7350,Sule LLC,5699,Apparel,Private Limited,Amritsar,Punjab,2024-01-31,XXXX7331,Active,
REC102928,MCH4383,Vala LLC,5311,Department Store,Sole Proprietor,Lucknow,Uttar Pradesh,2025-06-15,,Active,219.66
REC102929,MCH6498,Sankaran-Gupta,5411,Grocery Store,Partnership,Hyderabad,Telangana,2023-10-29,LBQV8100985155327,Hold,992.12
REC102930,MCH4717,Bir Ltd,4131,Transportation,Private Limited,Chennai,Tamil Nadu,2025-11-14,JKIU5676140711543,Active,7107.16
REC102931,MCH6233,"Arora, Agarwal and Padmanabhan",5942,Books & Stationery,Sole Proprietor,Amritsar,Punjab,2024-05-03,,Active,1090.35
REC102932,MCH6907,Dhillon-Sama,5812,Restaurant,Private Limited,Jalandhar,Punjab,2024-12-21,,Active,4335.88
REC102933,MCH8365,"Kashyap, Sharma and Balasubramanian",4814,Telecom,Private Limited,Jalandhar,Punjab,2023-01-24,XXXX5913,Active,786.29
REC102934,MCH8714,Gupta Group,5912,Pharmacy,Sole Proprietor,Pune,Maharashtra,2023-10-08,XXXX2445,Inactive,569.38
REC102935,MCH6239,"Majumdar, Lanka and Sehgal",5942,Books & Stationery,Partnership,Amritsar,Punjab,2024-01-21,,Active,1181.24
REC102936,MCH6053,Sehgal-Pathak,5699,Apparel,Individual,Mumbai,Maharashtra,2023-02-18,,Active,379.97
REC102937,MCH8263,"Gara, Kar and Raval",5699,Apparel,Sole Proprietor,Chennai,Tamil Nadu,2025-07-21,XLDI5037601996445,Active,1443.08
REC102938,MCH4194,Hegde-Chahal,5912,Pharmacy,Sole Proprietor,Amritsar,Punjab,2025-11-15,,Inactive,
REC102939,MCH7890,Contractor PLC,7011,Hotel/Lodging,Partnership,Chennai,Tamil Nadu,2024-07-21,KQNM1742343730851,Inactive,
REC102940,MCH6480,Sundaram and Sons,5699,Apparel,Partnership,Mumbai,Maharashtra,2023-11-13,XXXX8936,Active,680.72
REC102941,MCH7973,"Dhar, Som and Mane",7011,Hotel/Lodging,Sole Proprietor,Kolkata,West Bengal,2023-01-17,GEUZ7160822941996,Active,1422.91
REC102942,MCH7504,"Mandal, Tripathi and Bhatnagar",7011,Hotel/Lodging,Sole Proprietor,Amritsar,Punjab,2023-04-23,IUKB6414988497315,Active,8261.29
REC102943,MCH9567,"Dar, Gera and Sane",5812,Restaurant,Private Limited,Delhi,Delhi,2026-01-09,,Active,850.48
REC102944,MCH6731,Thakur PLC,5812,Restaurant,Individual,Hyderabad,Telangana,2025-10-25,,Active,305.3
REC102945,MCH1530,Parmer-Bath,5699,Apparel,Individual,Lucknow,Uttar Pradesh,2024-04-29,JMXE9195425616055,Active,375.02
REC102946,MCH9012,"Goel, Devan and Grover",5411,Grocery Store,Sole Proprietor,Amritsar,Punjab,2025-09-16,7133638417,Disabled,603.58
REC102947,MCH5163,"Pandit, Lad and Vora",4814,Telecom,Individual,Kolkata,West Bengal,2023-05-31,XXXX7995,Active,1014.92
REC102948,MCH5897,Mutti-Doshi,5912,Pharmacy,Private Limited,Amritsar,Punjab,2026-01-06,,Active,1302.0
REC102949,MCH3872,Krish Group,5699,Apparel,Partnership,Amritsar,Punjab,2024-03-14,,Active,3660.6
REC102950,MCH2941,Sen Group,5311,Department Store,Sole Proprietor,Mumbai,Maharashtra,2024-09-22,XXXX4390,Active,1783.76
REC102951,MCH4395,Ramakrishnan-Rastogi,5999,Miscellaneous Retail,Private Limited,Chennai,Tamil Nadu,2025-11-19,,Active,
REC102952,MCH9843,"Banerjee, Singh and Anne",5942,Books & Stationery,Individual,Chennai,Tamil Nadu,2025-04-07,,Active,8077.21
REC102953,MCH4528,Memon LLC,5912,Pharmacy,Partnership,Hyderabad,Telangana,2023-01-05,VOFY4004091833640,Active,490.99
REC102954,MCH4973,Vala-Raval,7011,Hotel/Lodging,Private Limited,Chennai,Tamil Nadu,2024-05-04,XXXX2841,Active,859.46
REC102955,MCH1855,Kala-Shan,5812,Restaurant,Private Limited,Kolkata,West Bengal,2023-11-13,,Hold,1474.0
REC102956,MCH9426,Puri-Soman,5699,Apparel,Individual,Bengaluru,Karnataka,2023-10-28,EDMP4232010731701,Active,333.54
REC102957,MCH6171,Naik and Sons,5812,Restaurant,Individual,Amritsar,Punjab,2023-08-09,,Closed,4084.17
REC102958,MCH6244,Maharaj Ltd,7011,Hotel/Lodging,Individual,Jaipur,Rajasthan,2023-07-29,,Suspended,
REC102959,MCH3720,"Bedi, Sanghvi and Balakrishnan",5411,Grocery Store,Individual,Delhi,Delhi,2024-04-14,ECCR6940813795514,Active,610.0
REC102960,MCH6446,Contractor LLC,5311,Department Store,Individual,Jaipur,Rajasthan,2024-09-23,,Active,1356.41
REC102961,MCH4989,Khanna and Sons,7011,Hotel/Lodging,Private Limited,Ludhiana,Punjab,2025-09-25,,Active,1981.95
REC102962,MCH7149,Shanker-Kala,5942,Books & Stationery,Sole Proprietor,Amritsar,Punjab,2023-07-09,,Active,1819.0
REC102963,MCH2567,"Magar, Hora and Khare",4131,Transportation,Sole Proprietor,Delhi,Delhi,2024-09-30,TLMQ4688047179537,Active,572.7
REC102964,MCH9494,"Wable, Warrior and Parmer",4814,Telecom,Individual,Pune,Maharashtra,2024-05-27,,Active,455.01
REC102965,MCH6482,Mitra-Agate,5311,Department Store,Individual,Amritsar,Punjab,2024-04-06,,Inactive,1340.0
REC102966,MCH1729,Vora LLC,5812,Restaurant,Individual,Ludhiana,Punjab,2023-12-25,SJMV2211374932495,Active,
REC102967,MCH1908,"Raghavan, Badami and Mani",5942,Books & Stationery,Partnership,Kolkata,West Bengal,2025-05-29,XXXX6948,Active,856.0
REC102968,MCH9342,Dua-Lala,5999,Miscellaneous Retail,Sole Proprietor,Bengaluru,Karnataka,2025-04-17,BUXU5026475055431,Suspended,1698.37
REC102969,MCH9231,Kala-Dugar,4131,Transportation,Partnership,Pune,Maharashtra,,7817631283,Active,228.82
REC102970,MCH7679,Sama and Sons,5912,Pharmacy,Partnership,Bengaluru,Karnataka,2026-02-25,2230627789,Active,3295.19
REC102971,MCH4414,"Manne, Arora and Goel",5411,Grocery Store,Private Limited,Hyderabad,Telangana,2025-07-15,,Active,
REC102972,MCH4811,Bhavsar-Seshadri,4814,Telecom,Private Limited,Ludhiana,Punjab,2023-08-25,2988135938,Active,388.63
REC102973,MCH1267,Master-Tiwari,4814,Telecom,Private Limited,Lucknow,Uttar Pradesh,,,Inactive,1213.17
REC102974,MCH6396,Mani-Puri,5999,Miscellaneous Retail,Individual,Lucknow,Uttar Pradesh,2025-04-21,XXXX7558,Active,4113.97
REC102975,MCH2607,Garg PLC,5812,Restaurant,Individual,Hyderabad,Telangana,2023-01-31,,Active,3395.0
REC102976,MCH7106,Mody-Mitter,5699,Apparel,Individual,Bengaluru,Karnataka,2023-06-11,ZNDK0366125245871,Active,574.51
REC102977,MCH3212,Merchant LLC,5999,Miscellaneous Retail,Private Limited,Bengaluru,Karnataka,2023-07-06,9377229545,Active,980.37
REC102978,MCH6293,Bora-Nigam,5311,Department Store,Partnership,Jalandhar,Punjab,,,Active,
REC102979,MCH6162,"Naik, Kade and Singh",4131,Transportation,Partnership,Amritsar,Punjab,2025-03-21,XXXX4537,Active,2176.24
REC102980,MCH7104,Kothari LLC,4814,Telecom,Partnership,Jalandhar,Punjab,2023-07-12,XXXX8714,Active,810.17
REC102981,MCH2009,"Tiwari, Naidu and Muni",5699,Apparel,Partnership,Pune,Maharashtra,2024-04-05,NVFX6549311428381,Active,732.0
REC102982,MCH7513,Buch Inc,5812,Restaurant,Individual,Kolkata,West Bengal,2024-09-02,MLTA1304721995984,Active,584.0
REC102983,MCH7432,Sidhu-Aurora,5942,Books & Stationery,Sole Proprietor,Delhi,Delhi,,1656062042,Active,611.3
REC102984,MCH9096,"Boase, Swaminathan and Yohannan",5999,Miscellaneous Retail,Individual,Chennai,Tamil Nadu,2024-08-04,,Active,1547.45
REC102985,MCH2241,Patla-Prabhakar,5942,Books & Stationery,Partnership,Kolkata,West Bengal,2026-01-15,,Active,868.0
REC102986,MCH6198,Rana-Sabharwal,5311,Department Store,Individual,Mumbai,Maharashtra,,,Active,410.5
REC102987,MCH5611,"Bawa, Grewal and Chakrabarti",5311,Department Store,Partnership,Mumbai,Maharashtra,,,Active,764.0
REC102988,MCH6026,Narayanan-Bhatt,5942,Books & Stationery,Partnership,Hyderabad,Telangana,2025-09-14,1281831300,Active,746.02
REC102989,MCH7455,"Mody, Bhattacharyya and Palla",4814,Telecom,Individual,Delhi,Delhi,2024-04-11,XXXX4231,Active,113.99
REC102990,MCH9541,"Grover, Bhatia and Tandon",5812,Restaurant,Partnership,Lucknow,Uttar Pradesh,2025-07-02,,Active,2401.33
REC102991,MCH6711,Loyal-Srinivasan,5411,Grocery Store,Partnership,Hyderabad,Telangana,2025-06-15,XXXX4153,Disabled,931.24
REC102992,MCH5545,Parikh-Raja,5942,Books & Stationery,Sole Proprietor,Lucknow,Uttar Pradesh,2023-06-04,,Active,1144.37
REC102993,MCH6928,Tata-Wagle,5912,Pharmacy,Partnership,Bengaluru,Karnataka,2023-12-31,RIXU6958241048195,Active,1008.0
REC102994,MCH7523,"Sharaf, Chad and Prashad",5912,Pharmacy,Sole Proprietor,Lucknow,Uttar Pradesh,2023-09-11,XXXX3383,Active,2848.66
REC102995,MCH3619,"Mody, Sami and Batta",5999,Miscellaneous Retail,Sole Proprietor,Kolkata,West Bengal,2026-01-27,7469875023,Inactive,3456.23
REC102996,MCH4984,"Aurora, Mohan and Jain",4814,Telecom,Sole Proprietor,Jaipur,Rajasthan,2024-07-02,XXLT9593960471643,Active,
REC102997,MCH2590,Goyal Group,7011,Hotel/Lodging,Individual,Delhi,Delhi,2025-06-22,XXXX8497,Active,531.43
REC102998,MCH4200,Mahajan Group,5942,Books & Stationery,Sole Proprietor,Pune,Maharashtra,2024-05-21,XXXX4189,Active,839.74
REC102999,MCH1815,Bhasin-Hans,5999,Miscellaneous Retail,Private Limited,Hyderabad,Telangana,2025-05-10,,Active,789.34
REC103000,MCH3253,Khatri-Krishnamurthy,5942,Books & Stationery,Partnership,Lucknow,Uttar Pradesh,2023-12-19,,Active,2086.58
REC103001,MCH9715,Desai PLC,7011,Hotel/Lodging,Partnership,Kolkata,West Bengal,2023-01-10,5413889015,Disabled,547.82
REC103002,MCH6210,Sem Group,5812,Restaurant,Private Limited,Amritsar,Punjab,2024-01-03,,Active,2370.64
REC103003,MCH1019,Iyer-Thaker,5699,Apparel,Partnership,Kolkata,West Bengal,2025-05-23,XXXX9462,Active,
REC103004,MCH1848,Acharya-Bail,5311,Department Store,Partnership,Pune,Maharashtra,2025-09-05,3196162533,Active,3044.0
REC103005,MCH6803,Babu-Aggarwal,5942,Books & Stationery,Partnership,Pune,Maharashtra,2025-05-24,KCIX8411550946242,Active,2653.94
REC103006,MCH8410,Dugal and Sons,5942,Books & Stationery,Partnership,Bengaluru,Karnataka,,RLEB2720083934064,Active,853.16
REC103007,MCH5144,Johal Ltd,7011,Hotel/Lodging,Sole Proprietor,Jalandhar,Punjab,2024-02-01,XXXX0257,Inactive,490.7
REC103008,MCH5127,Sarkar-Vaidya,5699,Apparel,Individual,Bengaluru,Karnataka,2023-11-23,,Active,465.12
REC103009,MCH6775,Lall Group,5999,Miscellaneous Retail,Private Limited,Chennai,Tamil Nadu,,WEWN8816151774902,Inactive,196.61
REC103010,MCH6765,Konda-Mandal,4814,Telecom,Sole Proprietor,Mumbai,Maharashtra,2025-01-23,,Active,
REC103011,MCH2003,Rajagopalan Inc,5311,Department Store,Individual,Pune,Maharashtra,2023-06-16,3428467704,Active,567.0
REC103012,MCH1226,"Apte, Pingle and Pal",7011,Hotel/Lodging,Private Limited,Hyderabad,Telangana,2024-01-03,,Active,2290.0
REC103013,MCH2914,Bassi-Varghese,5812,Restaurant,Sole Proprietor,Hyderabad,Telangana,2025-01-01,VBYI2823908948465,Closed,90.0
REC103014,MCH7560,Chakraborty and Sons,5311,Department Store,Partnership,Pune,Maharashtra,,WVEJ5381131962008,Active,2097.03
REC103015,MCH3324,"Thaman, Rajagopal and Borde",7011,Hotel/Lodging,Private Limited,Jalandhar,Punjab,2023-10-09,,Inactive,366.78
REC103016,MCH4530,Kadakia Group,5942,Books & Stationery,Partnership,Jalandhar,Punjab,2023-10-26,9489296663,Active,
REC103017,MCH3037,Wagle Ltd,5411,Grocery Store,Individual,Hyderabad,Telangana,2026-01-30,XXXX1382,Active,2391.24
REC103018,MCH8927,Raj-Kala,5999,Miscellaneous Retail,Individual,Delhi,Delhi,2024-04-22,XXXX1023,Active,261.67
REC103019,MCH9395,Bhagat-Chana,5699,Apparel,Private Limited,Jaipur,Rajasthan,2024-12-12,,Active,2768.73
REC103020,MCH4937,Mand and Sons,5912,Pharmacy,Partnership,Kolkata,West Bengal,,FBXP3192759861569,Inactive,2054.97
REC103021,MCH8765,"Kamdar, Sehgal and Tata",5411,Grocery Store,Partnership,Delhi,Delhi,2025-01-06,XXXX8883,Active,4863.17
REC103022,MCH9074,Salvi-Tata,7011,Hotel/Lodging,Partnership,Chennai,Tamil Nadu,2025-04-24,XXXX6816,Active,1227.0
REC103023,MCH2438,Saxena-Sagar,5999,Miscellaneous Retail,Sole Proprietor,Amritsar,Punjab,2025-06-21,TOND5392493573658,Active,1010.25
REC103024,MCH7391,"Vora, Lad and Sekhon",5411,Grocery Store,Partnership,Pune,Maharashtra,2023-07-08,,Inactive,4971.16
REC103025,MCH9969,Tiwari and Sons,5942,Books & Stationery,Private Limited,Ludhiana,Punjab,2023-01-15,3536281860,Disabled,1542.28
REC103026,MCH7270,Subramanian LLC,7011,Hotel/Lodging,Private Limited,Amritsar,Punjab,2025-01-15,,Active,1469.96
REC103027,MCH4244,Kade-Devan,7011,Hotel/Lodging,Sole Proprietor,Chennai,Tamil Nadu,2025-07-12,0738245695,Active,1429.19
REC103028,MCH8768,Kata-Bajwa,5999,Miscellaneous Retail,Partnership,Chennai,Tamil Nadu,2023-09-16,7445884693,Active,1033.9
REC103029,MCH8093,"Seth, Bassi and Raman",7011,Hotel/Lodging,Partnership,Hyderabad,Telangana,2024-05-15,XXXX3618,Active,1629.96
REC103030,MCH8607,Dash-Dora,5411,Grocery Store,Private Limited,Delhi,Delhi,2023-01-29,XXXX9578,Active,3092.32
REC103031,MCH2476,Choudhary-Borah,7011,Hotel/Lodging,Private Limited,Kolkata,West Bengal,2025-10-15,PXIN8486080746921,Active,1108.38
REC103032,MCH6121,Madan PLC,5311,Department Store,Private Limited,Bengaluru,Karnataka,2023-09-07,2257947989,Active,1208.86
REC103033,MCH4517,"Madan, Gola and Srivastava",5812,Restaurant,Sole Proprietor,Kolkata,West Bengal,2025-05-07,,Active,
REC103034,MCH8176,Bala PLC,5311,Department Store,Sole Proprietor,Hyderabad,Telangana,,,Active,3488.0
REC103035,MCH3682,"Upadhyay, Soni and Dhawan",4131,Transportation,Sole Proprietor,Chennai,Tamil Nadu,2025-09-16,XXXX0969,Inactive,3236.27
REC103036,MCH5086,Balan LLC,5999,Miscellaneous Retail,Private Limited,Amritsar,Punjab,2023-12-19,XXXX8174,Active,575.58
REC103037,MCH5951,"Sahni, Gour and Sama",5311,Department Store,Private Limited,Pune,Maharashtra,2024-05-13,,Active,2353.06
REC103038,MCH2741,"Wason, Jain and D'Alia",5942,Books & Stationery,Sole Proprietor,Ludhiana,Punjab,2024-03-23,KUJF0124670796240,Hold,361.19
REC103039,MCH3903,"Khare, Balasubramanian and Mital",5942,Books & Stationery,Sole Proprietor,Jaipur,Rajasthan,2024-08-25,7400031518,Active,3531.21
REC103040,MCH1311,"Dugal, Munshi and Kunda",4814,Telecom,Individual,Jaipur,Rajasthan,2025-03-27,XXXX7230,Active,1605.92
REC103041,MCH2743,Joshi PLC,5912,Pharmacy,Private Limited,Kolkata,West Bengal,2024-12-02,,Active,
REC103042,MCH2698,Kala LLC,7011,Hotel/Lodging,Individual,Lucknow,Uttar Pradesh,2023-08-19,YXNF3515433387898,Active,3590.19
REC103043,MCH4092,Mukhopadhyay Group,5812,Restaurant,Private Limited,Hyderabad,Telangana,2025-12-24,XXXX3479,Active,504.84
REC103044,MCH8680,Bhatt-Toor,5311,Department Store,Private Limited,Jaipur,Rajasthan,2025-12-02,,Active,1399.6
REC103045,MCH4656,"Verma, Sangha and Vora",5942,Books & Stationery,Private Limited,Delhi,Delhi,2024-07-02,,Active,431.25
REC103046,MCH6246,Kota Inc,5699,Apparel,Private Limited,Mumbai,Maharashtra,2023-09-17,NSCU9760012397000,Active,1586.1
REC103047,MCH9774,Trivedi Group,5912,Pharmacy,Partnership,Jaipur,Rajasthan,2024-08-03,5443660478,Active,1811.0
REC103048,MCH5100,Garde-Mody,5411,Grocery Store,Sole Proprietor,Hyderabad,Telangana,2023-12-02,HBWM0411273165352,Active,347.68
REC103049,MCH3873,"Dugal, Thakur and Puri",7011,Hotel/Lodging,Private Limited,Jalandhar,Punjab,2023-07-02,,Active,1499.22
REC103050,MCH1764,"Kohli, Salvi and Chokshi",5699,Apparel,Partnership,Amritsar,Punjab,2025-09-13,,Active,12860.85
REC103051,MCH9594,Ben Group,5311,Department Store,Sole Proprietor,Jaipur,Rajasthan,2023-01-10,3846101369,Active,4070.31
REC103052,MCH8489,Mand and Sons,7011,Hotel/Lodging,Individual,Pune,Maharashtra,2025-08-24,XXXX8251,Active,2744.11
REC103053,MCH5874,Pandya PLC,7011,Hotel/Lodging,Partnership,Hyderabad,Telangana,,XXXX1960,Suspended,
REC103054,MCH6650,Kuruvilla-Gola,5942,Books & Stationery,Private Limited,Bengaluru,Karnataka,2024-07-16,XXXX4971,Inactive,2725.71
REC103055,MCH2514,"Dua, Peri and Sani",4814,Telecom,Sole Proprietor,Kolkata,West Bengal,,VHRN8113044559744,Active,937.87
REC103056,MCH6572,"Sawhney, Bala and Krish",7011,Hotel/Lodging,Individual,Hyderabad,Telangana,2024-06-08,XXXX3772,Inactive,874.21
REC103057,MCH7449,"Brahmbhatt, Nagarajan and Kaul",5311,Department Store,Sole Proprietor,Amritsar,Punjab,,,Active,397.32
REC103058,MCH4390,Arora LLC,5812,Restaurant,Sole Proprietor,Hyderabad,Telangana,2025-07-06,XXXX2296,Active,1372.0
REC103059,MCH5662,Kannan-Yogi,4131,Transportation,Individual,Chennai,Tamil Nadu,2025-08-01,,Active,1393.63
REC103060,MCH5524,"Mangat, Sanghvi and Shah",5942,Books & Stationery,Partnership,Jalandhar,Punjab,2024-09-30,XXXX2255,Active,6188.2
REC103061,MCH7246,Lata Ltd,5699,Apparel,Partnership,Chennai,Tamil Nadu,2024-03-17,XXXX2358,Active,1315.04
REC103062,MCH6729,Khatri and Sons,5912,Pharmacy,Partnership,Chennai,Tamil Nadu,2023-07-01,TABO6915851442100,Active,
REC103063,MCH9311,Sathe Group,5942,Books & Stationery,Private Limited,Ludhiana,Punjab,2025-05-31,,Active,595.82
REC103064,MCH4812,Rai-Aurora,7011,Hotel/Lodging,Private Limited,Jaipur,Rajasthan,2025-07-09,IKZY9727785883400,Active,1732.91
REC103065,MCH4447,"Sodhi, Dalal and Iyengar",5311,Department Store,Private Limited,Bengaluru,Karnataka,,XXXX0235,Active,208.51
REC103066,MCH5091,Rau-Ratta,5812,Restaurant,Partnership,Kolkata,West Bengal,2024-03-24,ZHRH0362265719965,Active,755.0
REC103067,MCH5281,Rajagopalan Ltd,7011,Hotel/Lodging,Sole Proprietor,Bengaluru,Karnataka,2024-02-04,,Active,939.26
REC103068,MCH1364,Bal Group,5942,Books & Stationery,Sole Proprietor,Lucknow,Uttar Pradesh,2025-02-21,,Active,
REC103069,MCH4096,"Bhat, Kapoor and Borah",5999,Miscellaneous Retail,Private Limited,Hyderabad,Telangana,2024-11-27,0474814059,Active,2092.25
REC103070,MCH9702,Ranganathan-Madan,7011,Hotel/Lodging,Individual,Hyderabad,Telangana,2025-04-10,RTHS3346421176187,Active,1980.13
REC103071,MCH5813,Nair Inc,4814,Telecom,Sole Proprietor,Chennai,Tamil Nadu,,,Active,1408.29
REC103072,MCH5950,Nath-Lad,5812,Restaurant,Individual,Jalandhar,Punjab,2023-12-17,,Active,318.0
REC103073,MCH8976,Prakash PLC,5699,Apparel,Sole Proprietor,Jalandhar,Punjab,2023-02-15,YWYW3270588037167,Suspended,1358.57
REC103074,MCH1774,"Sundaram, Dani and Mall",5942,Books & Stationery,Partnership,Lucknow,Uttar Pradesh,2024-08-23,XXXX1272,Active,10785.29
REC103075,MCH7470,Venkatesh Ltd,5699,Apparel,Sole Proprietor,Lucknow,Uttar Pradesh,2025-04-29,DLXM0557851330372,Active,787.0
REC103076,MCH6863,Mani Group,5311,Department Store,Individual,Jaipur,Rajasthan,2024-05-30,EJVY0425294699404,Active,2985.0
REC103077,MCH3586,Dayal-Nagar,5912,Pharmacy,Partnership,Hyderabad,Telangana,2026-01-28,1143347480,Active,2093.13
REC103078,MCH9834,Handa-Chaudhari,5411,Grocery Store,Private Limited,Lucknow,Uttar Pradesh,2025-04-27,XXXX0961,Active,3989.9
REC103079,MCH4723,Kanda Ltd,5999,Miscellaneous Retail,Individual,Chennai,Tamil Nadu,2024-08-27,XXXX1287,Active,649.83
REC103080,MCH8811,Bobal LLC,5999,Miscellaneous Retail,Partnership,Hyderabad,Telangana,2023-12-18,4729552126,Active,1645.76
REC103081,MCH2047,Ghose-Kannan,5942,Books & Stationery,Sole Proprietor,Lucknow,Uttar Pradesh,2025-05-24,,Active,1609.08
REC103082,MCH2308,Bhattacharyya LLC,5311,Department Store,Sole Proprietor,Jalandhar,Punjab,2023-10-14,,Inactive,4753.89
REC103083,MCH9162,Shankar-Shah,5999,Miscellaneous Retail,Private Limited,Bengaluru,Karnataka,2023-02-22,BRKF3158800571527,Active,
REC103084,MCH5430,Thakkar and Sons,5699,Apparel,Private Limited,Amritsar,Punjab,2023-01-19,,Inactive,4264.84
REC103085,MCH7768,Sahota-Walia,4131,Transportation,Partnership,Delhi,Delhi,2025-06-19,,Hold,1097.55
REC103086,MCH6325,Mannan-Rattan,5311,Department Store,Private Limited,Kolkata,West Bengal,2023-12-29,XXXX9688,Active,1405.47
REC103087,MCH7362,Kothari PLC,5942,Books & Stationery,Private Limited,Pune,Maharashtra,2026-02-11,XXXX4121,Active,478.42
REC103088,MCH8060,Nayar-Ahluwalia,5812,Restaurant,Private Limited,Pune,Maharashtra,2025-03-04,6259970343,Inactive,2824.32
REC103089,MCH1032,Nori-Nigam,7011,Hotel/Lodging,Sole Proprietor,Pune,Maharashtra,2025-09-21,DXHQ1859405929058,Active,652.29
REC103090,MCH3324,"Thaman, Rajagopal and Borde",7011,Hotel/Lodging,Private Limited,Jalandhar,Punjab,2023-10-09,,Suspended,366.78
REC103091,MCH7763,"Choudhury, Mody and Tank",5912,Pharmacy,Individual,Chennai,Tamil Nadu,2023-11-03,,Active,777.85
REC103092,MCH4361,"Dugal, Barad and Nagi",5411,Grocery Store,Private Limited,Pune,Maharashtra,2025-10-27,XXXX1186,Active,4047.59
REC103093,MCH1336,Tandon-Pant,5311,Department Store,Sole Proprietor,Jaipur,Rajasthan,2025-09-04,EOFD1587956050833,Active,991.0
REC103094,MCH2487,"Virk, Ganguly and Saraf",5812,Restaurant,Partnership,Bengaluru,Karnataka,2024-04-24,,Inactive,362.02
REC103095,MCH5219,Pillay Group,4814,Telecom,Partnership,Jalandhar,Punjab,,XXXX0337,Active,834.97
REC103096,MCH6308,Seshadri LLC,5699,Apparel,Private Limited,Delhi,Delhi,2025-10-03,,Active,422.55
REC103097,MCH6119,Hayer Ltd,5912,Pharmacy,Individual,Amritsar,Punjab,2025-12-11,,Active,1262.04
REC103098,MCH4360,Khurana Ltd,5699,Apparel,Partnership,Jaipur,Rajasthan,,7767895451,Active,507.91
REC103099,MCH3334,Majumdar-Raja,4814,Telecom,Private Limited,Hyderabad,Telangana,2023-09-02,7204878806,Active,2941.2
REC103100,MCH9879,Venkataraman-Tata,4814,Telecom,Individual,Ludhiana,Punjab,2024-01-04,5404250897,Inactive,2839.66
REC103101,MCH3553,"Bajwa, Tata and Narula",5912,Pharmacy,Private Limited,Lucknow,Uttar Pradesh,2023-01-02,7783034910,Active,
REC103102,MCH3504,"Ram, Dora and Bhatti",5942,Books & Stationery,Individual,Pune,Maharashtra,2025-05-08,OOSJ0277155475198,Inactive,520.17
REC103103,MCH3568,"Choudhury, Trivedi and Bhatnagar",5311,Department Store,Private Limited,Ludhiana,Punjab,2025-04-10,XXXX4927,Active,1208.3
REC103104,MCH6721,Pradhan-Taneja,5411,Grocery Store,Individual,Bengaluru,Karnataka,,XXXX4118,Active,433.36
REC103105,MCH3574,Sodhi-Shan,4131,Transportation,Partnership,Pune,Maharashtra,2025-05-31,YFPD1472473488670,Inactive,4407.0
REC103106,MCH2015,Gulati LLC,4814,Telecom,Private Limited,Jaipur,Rajasthan,2023-06-22,,Active,17945.28
REC103107,MCH2215,Maharaj-Kale,7011,Hotel/Lodging,Individual,Kolkata,West Bengal,2024-08-03,,Active,3526.35
REC103108,MCH4725,Joshi PLC,5311,Department Store,Private Limited,Amritsar,Punjab,2023-05-23,UNBB3297911061225,Active,639.24
REC103109,MCH7452,Vora-Gill,5999,Miscellaneous Retail,Private Limited,Ludhiana,Punjab,2024-12-05,NKBN9107928248400,Active,254.79
REC103110,MCH7118,Chaudhry Ltd,5311,Department Store,Sole Proprietor,Hyderabad,Telangana,2025-05-15,XXXX9631,Active,6144.18
REC103111,MCH8813,Dey-Dua,5812,Restaurant,Partnership,Hyderabad,Telangana,2023-11-10,7101082372,Active,1432.39
REC103112,MCH3698,"Prashad, Viswanathan and Sama",5311,Department Store,Partnership,Amritsar,Punjab,2026-02-09,,Active,514.0
REC103113,MCH4727,Dua-Mishra,5311,Department Store,Sole Proprietor,Pune,Maharashtra,2024-05-18,9730998246,Active,1242.0
REC103114,MCH1526,Chowdhury and Sons,4814,Telecom,Sole Proprietor,Bengaluru,Karnataka,2023-07-14,HWTS1273017978357,Active,2697.93
REC103115,MCH4463,"Choudhry, Sahni and Chaudhry",5699,Apparel,Individual,Ludhiana,Punjab,2025-01-09,XXXX3118,Active,402.0
REC103116,MCH1224,Setty-Sami,5942,Books & Stationery,Individual,Kolkata,West Bengal,2023-09-02,7626814027,Active,609.48
REC103117,MCH1747,"Vig, Cherian and Choudhury",5999,Miscellaneous Retail,Individual,Delhi,Delhi,2025-08-22,,Active,1469.56
REC103118,MCH4022,"Kade, Sethi and Balakrishnan",5411,Grocery Store,Sole Proprietor,Ludhiana,Punjab,2025-03-27,XXXX9200,Active,
REC103119,MCH8068,Narula-Nadkarni,4131,Transportation,Private Limited,Bengaluru,Karnataka,2025-06-08,ATPT6936183619498,Active,
REC103120,MCH4185,Khanna and Sons,5942,Books & Stationery,Private Limited,Pune,Maharashtra,2025-12-24,,Active,1148.06
REC103121,MCH6563,Naik PLC,4131,Transportation,Individual,Jalandhar,Punjab,2025-04-04,,Active,1376.0
REC103122,MCH2550,Misra-Natarajan,4131,Transportation,Individual,Ludhiana,Punjab,2023-02-06,7951076714,Active,1549.99
REC103123,MCH2556,"Zachariah, Manne and Bedi",5942,Books & Stationery,Partnership,Kolkata,West Bengal,2024-10-05,8663284555,Active,1248.82
REC103124,MCH2592,"Garg, Saha and Sampath",5999,Miscellaneous Retail,Private Limited,Hyderabad,Telangana,2024-03-28,,Active,3945.98
REC103125,MCH7967,Chandran Inc,5912,Pharmacy,Individual,Bengaluru,Karnataka,2025-06-19,,Active,
REC103126,MCH8436,Sangha PLC,5942,Books & Stationery,Private Limited,Hyderabad,Telangana,2025-08-16,,Active,
REC103127,MCH8326,"Bassi, Lalla and Sastry",5411,Grocery Store,Individual,Amritsar,Punjab,2025-12-30,XXXX1031,Active,1031.0
REC103128,MCH7629,Taneja-Vyas,5999,Miscellaneous Retail,Individual,Pune,Maharashtra,2023-01-01,0070872652,Active,1413.56
REC103129,MCH2144,Choudhary-Kashyap,5942,Books & Stationery,Partnership,Ludhiana,Punjab,2024-08-13,XXXX3571,Active,350.72
REC103130,MCH7077,Raman and Sons,5942,Books & Stationery,Partnership,Chennai,Tamil Nadu,2023-07-12,YGME2321336279700,Active,359.0
REC103131,MCH7034,Deol LLC,5942,Books & Stationery,Individual,Pune,Maharashtra,2026-01-27,,Active,856.21
REC103132,MCH1954,"Kunda, Kata and Shetty",4814,Telecom,Individual,Pune,Maharashtra,2025-10-19,0079661036,Active,923.81
REC103133,MCH9414,Banik-Garde,5812,Restaurant,Individual,Jalandhar,Punjab,2025-01-16,VESW9193556812149,Active,942.13
REC103134,MCH8450,Singhal LLC,5999,Miscellaneous Retail,Private Limited,Jaipur,Rajasthan,2023-07-18,HPUX4362247724149,Active,2472.47
REC103135,MCH6843,Tata-Borah,5942,Books & Stationery,Sole Proprietor,Mumbai,Maharashtra,2023-04-25,,Active,395.55
REC103136,MCH4474,Ram Ltd,4814,Telecom,Partnership,Jalandhar,Punjab,2024-07-13,,Active,1082.17
REC103137,MCH9988,"Johal, Padmanabhan and Sagar",5912,Pharmacy,Individual,Delhi,Delhi,2026-02-02,,Active,1620.14
REC103138,MCH8734,"Ganguly, Hayre and Choudhury",4814,Telecom,Sole Proprietor,Lucknow,Uttar Pradesh,2023-05-05,8075659044,Active,4276.72
REC103139,MCH3288,"Bains, Arya and Sanghvi",7011,Hotel/Lodging,Partnership,Mumbai,Maharashtra,2025-11-26,ZNEZ2979868781030,Hold,
REC103140,MCH6985,Devi-Radhakrishnan,5942,Books & Stationery,Individual,Jalandhar,Punjab,2023-01-20,VEKB0627444661101,Active,694.07
REC103141,MCH2528,Bumb PLC,4131,Transportation,Sole Proprietor,Amritsar,Punjab,2024-06-22,,Active,
REC103142,MCH3237,Gaba Inc,5999,Miscellaneous Retail,Sole Proprietor,Delhi,Delhi,2023-03-06,YPVB7296650386869,Active,
REC103143,MCH1923,Barad-Devan,5699,Apparel,Private Limited,Hyderabad,Telangana,2025-12-08,,Active,300.28
REC103144,MCH4957,Natt Ltd,5699,Apparel,Individual,Lucknow,Uttar Pradesh,,5191776924,Active,1324.11
REC103145,MCH9467,"Pall, Lala and Dhar",4131,Transportation,Individual,Chennai,Tamil Nadu,2024-09-03,,Active,1206.07
REC103146,MCH1007,Jain-Wadhwa,7011,Hotel/Lodging,Private Limited,Chennai,Tamil Nadu,2025-06-30,,Disabled,
REC103147,MCH1543,Parmer Group,4131,Transportation,Individual,Hyderabad,Telangana,2025-02-04,,Active,1064.76
REC103148,MCH2962,"Bala, Grover and Dutta",5411,Grocery Store,Partnership,Ludhiana,Punjab,2024-07-12,,Active,1134.0
REC103149,MCH8125,"Sane, Misra and Mitter",5912,Pharmacy,Individual,Bengaluru,Karnataka,2025-10-29,,Active,2004.37
REC103150,MCH6161,More PLC,5311,Department Store,Partnership,Jaipur,Rajasthan,2024-04-15,,Active,849.42
REC103151,MCH1077,"Peri, Pai and Dani",5311,Department Store,Individual,Pune,Maharashtra,2025-07-24,OBKX2096371467257,Active,1189.85
REC103152,MCH2924,Chaudhary-Dugar,5942,Books & Stationery,Individual,Mumbai,Maharashtra,2024-12-26,2683760099,Active,770.99
REC103153,MCH3180,Sanghvi and Sons,5912,Pharmacy,Private Limited,Delhi,Delhi,2023-06-03,XXXX6774,Active,2608.0
REC103154,MCH4969,"Bobal, Garde and Upadhyay",4814,Telecom,Sole Proprietor,Chennai,Tamil Nadu,2023-11-01,XXXX2131,Active,817.93
REC103155,MCH1159,De Ltd,5942,Books & Stationery,Individual,Kolkata,West Bengal,2025-12-05,,Active,1672.61
REC103156,MCH7435,"Puri, Biswas and Roy",5912,Pharmacy,Partnership,Jaipur,Rajasthan,2023-11-12,XXXX1625,Blocked,
REC103157,MCH1299,Mutti PLC,5699,Apparel,Partnership,Jaipur,Rajasthan,2023-06-27,8421728078,Active,605.64
REC103158,MCH4090,Dada LLC,5999,Miscellaneous Retail,Individual,Chennai,Tamil Nadu,2025-02-27,EOAQ0943270820101,Active,1538.0
REC103159,MCH5562,Savant-Narayan,4131,Transportation,Private Limited,Hyderabad,Telangana,2025-11-18,1333760731,Active,2799.21
REC103160,MCH1625,"Bora, Hayer and Koshy",5999,Miscellaneous Retail,Individual,Bengaluru,Karnataka,2024-10-24,TNHP5317294437298,Active,
REC103161,MCH6839,Saha LLC,5411,Grocery Store,Individual,Chennai,Tamil Nadu,2025-07-20,XXXX2777,Active,1531.04
REC103162,MCH5749,"Bir, Sibal and Arya",5942,Books & Stationery,Partnership,Mumbai,Maharashtra,2024-05-10,,Active,1490.24
REC103163,MCH9135,"Nath, Samra and Chopra",4814,Telecom,Sole Proprietor,Kolkata,West Bengal,2026-02-04,7899898758,Active,387.53
REC103164,MCH6045,"Bajwa, Wali and Walla",5912,Pharmacy,Private Limited,Bengaluru,Karnataka,2023-09-28,2003662760,Active,2897.0
REC103165,MCH7606,Chaudhari-Raman,5999,Miscellaneous Retail,Private Limited,Bengaluru,Karnataka,2024-08-27,,Active,296.04
REC103166,MCH5287,Dhillon Inc,5812,Restaurant,Partnership,Chennai,Tamil Nadu,2025-05-25,0377274505,Active,
REC103167,MCH8427,Sankaran-Rai,5942,Books & Stationery,Sole Proprietor,Hyderabad,Telangana,2023-10-17,ZQGR3907039607264,Suspended,302.0
REC103168,MCH8789,"Pingle, Nadig and Narula",5812,Restaurant,Individual,Ludhiana,Punjab,2025-02-07,3828234177,Active,
REC103169,MCH4123,"Parekh, Patla and Kar",5942,Books & Stationery,Partnership,Jalandhar,Punjab,2024-11-09,5310260642,Active,2764.76
REC103170,MCH7554,"Johal, Kothari and Nagar",4131,Transportation,Individual,Jalandhar,Punjab,2023-02-05,,Active,572.11
REC103171,MCH4124,"Dara, Salvi and Sawhney",5411,Grocery Store,Sole Proprietor,Bengaluru,Karnataka,2025-10-12,INFT7849125820167,Active,2121.35
REC103172,MCH3945,Mukhopadhyay-Raghavan,4131,Transportation,Sole Proprietor,Mumbai,Maharashtra,2023-03-05,XXXX6774,Active,942.71
REC103173,MCH2516,Ben-Varghese,5411,Grocery Store,Sole Proprietor,Chennai,Tamil Nadu,2023-08-04,,Suspended,398.68
REC103174,MCH7839,Chandra-Borra,5311,Department Store,Sole Proprietor,Lucknow,Uttar Pradesh,2024-11-02,,Active,710.2
REC103175,MCH1713,Dubey Inc,5812,Restaurant,Sole Proprietor,Kolkata,West Bengal,2025-06-02,XXXX0557,Active,1132.0
REC103176,MCH1393,Hegde-Bahri,5912,Pharmacy,Partnership,Ludhiana,Punjab,2024-11-15,BAUM6641100955450,Active,6478.07
REC103177,MCH6508,Kalla-Ramachandran,5699,Apparel,Sole Proprietor,Lucknow,Uttar Pradesh,2024-02-04,,Active,321.73
REC103178,MCH5744,Dalal-Lall,7011,Hotel/Lodging,Private Limited,Chennai,Tamil Nadu,2023-05-31,XXXX1007,Active,3350.6
REC103179,MCH3289,Rajagopalan-Master,5912,Pharmacy,Private Limited,Mumbai,Maharashtra,2025-05-17,UTKH3152831159971,Active,
REC103180,MCH9798,Mann-Gera,4131,Transportation,Individual,Jalandhar,Punjab,2025-07-15,AQRW3805344799887,Active,952.0
REC103181,MCH2041,"Sagar, Chakraborty and Kurian",4131,Transportation,Sole Proprietor,Ludhiana,Punjab,2024-03-22,,Inactive,
REC103182,MCH6114,"Khurana, Chowdhury and Chaudhary",4814,Telecom,Private Limited,Chennai,Tamil Nadu,,XXXX2122,Active,1212.0
REC103183,MCH1675,"Dey, Sathe and Sibal",4131,Transportation,Private Limited,Chennai,Tamil Nadu,2025-09-11,DIRY6496511188422,Active,1577.75
REC103184,MCH6582,Mukhopadhyay PLC,4814,Telecom,Individual,Ludhiana,Punjab,,,Active,572.51
REC103185,MCH5753,"Nair, Pai and Issac",5699,Apparel,Individual,Mumbai,Maharashtra,2026-01-29,VEQN2292788694850,Active,1860.02
REC103186,MCH2327,Kibe-Char,5812,Restaurant,Partnership,Hyderabad,Telangana,2025-10-09,XXXX0303,Active,848.32
REC103187,MCH2634,"Dugal, Gopal and Lala",7011,Hotel/Lodging,Private Limited,Lucknow,Uttar Pradesh,2023-11-01,XXXX1684,Active,3213.29
REC103188,MCH2849,Bal LLC,5999,Miscellaneous Retail,Sole Proprietor,Mumbai,Maharashtra,2024-02-01,HLTP5468154912269,Closed,910.62
REC103189,MCH5408,"Setty, Mangal and Dhar",5411,Grocery Store,Individual,Mumbai,Maharashtra,2026-01-31,XXXX4132,Active,1231.49
REC103190,MCH8525,Bahl-Mangat,7011,Hotel/Lodging,Individual,Mumbai,Maharashtra,2025-03-27,,Inactive,444.54
REC103191,MCH8529,Prakash-Sharaf,4814,Telecom,Partnership,Amritsar,Punjab,2024-10-30,XXXX5799,Closed,2061.7
REC103192,MCH3438,Murty-Parmar,4814,Telecom,Private Limited,Amritsar,Punjab,2024-04-10,LRSK8249071074897,Active,621.11
REC103193,MCH4857,Sethi-Soni,4131,Transportation,Individual,Ludhiana,Punjab,2026-02-28,,Active,278.84
REC103194,MCH8297,Desai Ltd,5311,Department Store,Sole Proprietor,Amritsar,Punjab,2023-06-24,,Suspended,8921.0
REC103195,MCH2119,Kashyap Ltd,5699,Apparel,Individual,Chennai,Tamil Nadu,2023-07-23,QOGH2854636021780,Inactive,1155.58
REC103196,MCH4106,"Ramanathan, Bava and Dasgupta",5912,Pharmacy,Private Limited,Ludhiana,Punjab,2023-09-23,,Inactive,902.18
REC103197,MCH8365,"Luthra, Kota and Choudhary",5311,Department Store,Private Limited,Amritsar,Punjab,2024-10-17,,Disabled,
REC103198,MCH8037,Patla-Balakrishnan,4814,Telecom,Sole Proprietor,Pune,Maharashtra,2025-09-19,4862107137,Active,327.35
REC103199,MCH2627,Gupta and Sons,5699,Apparel,Individual,Delhi,Delhi,2025-04-01,UVIS7862723743155,Active,1249.33
REC103200,MCH5723,Doctor LLC,5411,Grocery Store,Private Limited,Kolkata,West Bengal,2023-04-08,XXXX6555,Active,
REC103201,MCH5408,"Mani, Reddy and Shah",4814,Telecom,Partnership,Mumbai,Maharashtra,2025-03-02,,Active,1405.07
REC103202,MCH6563,Naik PLC,4131,Transportation,Individual,Jalandhar,Punjab,2025-04-04,,Active,1376.0
REC103203,MCH6875,Anand-Bajwa,7011,Hotel/Lodging,Private Limited,Pune,Maharashtra,2025-06-15,5856572593,Active,1892.34
REC103204,MCH9813,Modi Group,5912,Pharmacy,Sole Proprietor,Kolkata,West Bengal,2023-01-13,NMVQ7058285918265,Inactive,3354.47
REC103205,MCH8569,Tara Ltd,5812,Restaurant,Individual,Lucknow,Uttar Pradesh,2025-11-18,,Active,1022.19
REC103206,MCH8330,"Dhawan, Tella and Rau",4131,Transportation,Private Limited,Chennai,Tamil Nadu,2023-01-20,,Active,1437.59
REC103207,MCH4614,"Savant, Sur and Sani",5411,Grocery Store,Sole Proprietor,Chennai,Tamil Nadu,2023-03-05,,Inactive,1483.0
REC103208,MCH7165,Kulkarni-Ramanathan,4814,Telecom,Private Limited,Amritsar,Punjab,2025-01-28,8142627827,Active,284.68
REC103209,MCH7038,Mannan-Singh,5942,Books & Stationery,Individual,Bengaluru,Karnataka,2025-05-25,KOWX5085991997722,Closed,620.0
REC103210,MCH3625,Singhal Ltd,5812,Restaurant,Sole Proprietor,Mumbai,Maharashtra,2025-10-28,XXXX0908,Active,10079.36
REC103211,MCH4690,Natt-Bhattacharyya,5311,Department Store,Private Limited,Amritsar,Punjab,,HZVJ1693332420203,Disabled,150.96
REC103212,MCH8138,Chaudhuri-Varma,5311,Department Store,Individual,Chennai,Tamil Nadu,2025-05-12,,Active,1502.0
REC103213,MCH8098,"Chauhan, Magar and Parsa",5411,Grocery Store,Private Limited,Delhi,Delhi,2024-06-29,0112525902,Active,
REC103214,MCH8399,"Lalla, Wadhwa and Bhardwaj",5812,Restaurant,Private Limited,Kolkata,West Bengal,2025-09-05,XXXX6906,Active,1773.81
REC103215,MCH4932,Khosla and Sons,5812,Restaurant,Sole Proprietor,Jalandhar,Punjab,2024-09-08,QSCW5400259337785,Closed,340.55
REC103216,MCH9038,Dar Group,5942,Books & Stationery,Sole Proprietor,Amritsar,Punjab,2024-02-06,PWGC8781462428260,Active,1037.27
REC103217,MCH6862,"Agrawal, Butala and Ravi",5912,Pharmacy,Private Limited,Mumbai,Maharashtra,2025-01-25,,Active,1279.37
REC103218,MCH6922,"Bassi, Dara and Dutt",5699,Apparel,Private Limited,Bengaluru,Karnataka,2023-04-01,XXXX6999,Active,1736.93
REC103219,MCH6654,Cheema-Dara,7011,Hotel/Lodging,Partnership,Mumbai,Maharashtra,2023-12-26,ETTT3125962256169,Active,581.25
REC103220,MCH2755,"Majumdar, Ravi and Dave",5999,Miscellaneous Retail,Partnership,Mumbai,Maharashtra,2026-02-13,,Active,
REC103221,MCH8221,Kala-Bajaj,5942,Books & Stationery,Sole Proprietor,Bengaluru,Karnataka,,5133526509,Inactive,1133.63
REC103222,MCH5136,Thakur and Sons,4131,Transportation,Sole Proprietor,Jaipur,Rajasthan,2025-02-10,8466988688,Blocked,2681.3
REC103223,MCH4583,Badal Inc,5699,Apparel,Partnership,Amritsar,Punjab,2025-07-08,4453438674,Active,2513.6
REC103224,MCH1096,Subramanian-Prasad,5699,Apparel,Individual,Hyderabad,Telangana,2025-03-07,,Active,8373.82
REC103225,MCH4090,Mittal LLC,4131,Transportation,Individual,Delhi,Delhi,2025-02-03,XXXX8621,Active,
REC103226,MCH6628,Thakur-Kunda,4814,Telecom,Private Limited,Delhi,Delhi,2025-05-13,XXXX4289,Active,1718.0
REC103227,MCH2725,Varma-Loke,5812,Restaurant,Partnership,Kolkata,West Bengal,2023-12-21,,Disabled,4486.37
REC103228,MCH3600,Gole and Sons,4131,Transportation,Sole Proprietor,Delhi,Delhi,2023-09-10,,Hold,1548.59
REC103229,MCH2724,Aggarwal Group,5812,Restaurant,Individual,Bengaluru,Karnataka,,2736138598,Active,
REC103230,MCH1100,Swamy Inc,5311,Department Store,Partnership,Ludhiana,Punjab,2024-08-17,9084083237,Inactive,2008.22
REC103231,MCH4153,Shroff Ltd,5999,Miscellaneous Retail,Sole Proprietor,Kolkata,West Bengal,2025-11-07,,Active,3578.7
REC103232,MCH5459,Sachdev Ltd,5699,Apparel,Sole Proprietor,Bengaluru,Karnataka,,HQPJ1613148200279,Hold,1804.28
REC103233,MCH8338,"Sastry, Deo and Char",7011,Hotel/Lodging,Individual,Mumbai,Maharashtra,2024-07-23,,Active,3821.74
REC103234,MCH6743,Manne-Prasad,5999,Miscellaneous Retail,Individual,Amritsar,Punjab,2025-07-14,XXXX4125,Inactive,
REC103235,MCH7482,"Bail, Verma and Sur",5699,Apparel,Private Limited,Jalandhar,Punjab,2024-02-06,,Active,249.45
REC103236,MCH9831,"Nayar, Sridhar and Shankar",5411,Grocery Store,Sole Proprietor,Bengaluru,Karnataka,2023-05-03,,Active,2558.5
REC103237,MCH1183,Rajan LLC,5812,Restaurant,Private Limited,Bengaluru,Karnataka,2023-02-02,,Active,1717.84
REC103238,MCH3880,Gole and Sons,5999,Miscellaneous Retail,Partnership,Hyderabad,Telangana,2024-10-02,,Active,4989.21
REC103239,MCH1050,Trivedi-Zachariah,5699,Apparel,Sole Proprietor,Jaipur,Rajasthan,2025-01-30,0368449602,Active,2479.88
REC103240,MCH7088,Prabhu-Agarwal,5311,Department Store,Sole Proprietor,Mumbai,Maharashtra,2025-11-30,1353265918,Closed,5426.05
REC103241,MCH8436,Sagar PLC,5999,Miscellaneous Retail,Sole Proprietor,Pune,Maharashtra,2025-04-14,6639530850,Active,642.69
REC103242,MCH5360,Pillai and Sons,5912,Pharmacy,Individual,Lucknow,Uttar Pradesh,2025-05-07,,Active,745.28
REC103243,MCH9840,"Gara, Bedi and Dua",5942,Books & Stationery,Private Limited,Amritsar,Punjab,2025-09-12,4627903528,Active,369.0
REC103244,MCH7167,"Bir, Kunda and Manne",5942,Books & Stationery,Partnership,Hyderabad,Telangana,2023-05-26,DXXE7335968012539,Active,397.0
REC103245,MCH3520,Jhaveri and Sons,7011,Hotel/Lodging,Individual,Bengaluru,Karnataka,2023-03-22,2637882357,Active,1231.0
REC103246,MCH3439,"Grewal, Kar and Krishnan",4814,Telecom,Partnership,Ludhiana,Punjab,2025-08-08,,Inactive,761.0
REC103247,MCH8004,Hayre-Agate,5999,Miscellaneous Retail,Individual,Amritsar,Punjab,2025-10-01,2751341092,Closed,934.62
REC103248,MCH4807,"Dutt, Pandey and Tella",5912,Pharmacy,Individual,Chennai,Tamil Nadu,2024-05-14,RXUW0906720577178,Active,1458.0
REC103249,MCH7428,Vohra Ltd,5311,Department Store,Sole Proprietor,Kolkata,West Bengal,,,Active,1227.52
REC103250,MCH9431,Madan-Kota,4131,Transportation,Private Limited,Bengaluru,Karnataka,2023-02-05,1678744111,Active,436.79
REC103251,MCH3887,Palla-Sahota,7011,Hotel/Lodging,Partnership,Kolkata,West Bengal,2025-11-19,EUVX7549332799238,Inactive,1596.95
REC103252,MCH4831,Gala Group,5311,Department Store,Sole Proprietor,Pune,Maharashtra,2025-05-05,,Active,1889.75
REC103253,MCH6683,Pai Inc,5411,Grocery Store,Individual,Chennai,Tamil Nadu,2025-11-29,XSXE7944444672498,Active,
REC103254,MCH2199,Subramanian Inc,5311,Department Store,Private Limited,Bengaluru,Karnataka,2024-01-14,,Suspended,369.25
REC103255,MCH8481,"Dixit, Gera and Gara",4131,Transportation,Sole Proprietor,Jaipur,Rajasthan,,COTV7157526007969,Active,1730.88
REC103256,MCH2047,"Kalita, Nagarajan and Joshi",5999,Miscellaneous Retail,Individual,Pune,Maharashtra,2024-07-07,8653452097,Closed,341.63
REC103257,MCH6036,Chhabra Group,5699,Apparel,Sole Proprietor,Amritsar,Punjab,2024-01-10,XXXX4226,Active,
REC103258,MCH6431,"Batra, Pant and Devan",7011,Hotel/Lodging,Partnership,Bengaluru,Karnataka,2026-01-31,XXXX1013,Inactive,1564.0
REC103259,MCH9800,"Om, Rana and Bhatti",5311,Department Store,Partnership,Hyderabad,Telangana,,XXXX5409,Active,
REC103260,MCH6527,"Lalla, Bhandari and Mane",5411,Grocery Store,Sole Proprietor,Pune,Maharashtra,2025-07-09,AWSX7915320511081,Active,
REC103261,MCH8920,"Parekh, Srivastava and Choudhury",5311,Department Store,Private Limited,Delhi,Delhi,2023-12-15,XXXX5523,Active,19788.99
REC103262,MCH5516,Muni LLC,5699,Apparel,Individual,Kolkata,West Bengal,2025-11-17,,Active,1139.0
REC103263,MCH6559,"Master, Dutta and Dash",5999,Miscellaneous Retail,Individual,Ludhiana,Punjab,2024-05-12,,Active,521.0
REC103264,MCH9845,Misra-Varghese,5912,Pharmacy,Sole Proprietor,Ludhiana,Punjab,2025-12-30,,Active,186.59
REC103265,MCH3964,"Bala, Chanda and Loyal",5942,Books & Stationery,Partnership,Jaipur,Rajasthan,2023-09-05,CFOS0283411374388,Inactive,2002.33
REC103266,MCH8953,Narayan-Uppal,5912,Pharmacy,Private Limited,Ludhiana,Punjab,2025-06-28,AXNQ2993996148384,Active,2726.98
REC103267,MCH8750,Nair Ltd,5699,Apparel,Individual,Jaipur,Rajasthan,2024-03-22,,Active,3874.0
REC103268,MCH3086,Nori-Mishra,5912,Pharmacy,Sole Proprietor,Kolkata,West Bengal,2023-05-20,,Inactive,1788.09
REC103269,MCH4990,"Ramakrishnan, Dey and Thakkar",5411,Grocery Store,Private Limited,Mumbai,Maharashtra,,OWGO7691795560125,Active,
REC103270,MCH4794,Borra-Dutt,7011,Hotel/Lodging,Private Limited,Jaipur,Rajasthan,2024-09-19,XRGH9133437458010,Active,1006.04
REC103271,MCH6262,Saran Ltd,5311,Department Store,Partnership,Mumbai,Maharashtra,2025-08-04,XXXX7596,Inactive,6560.0
REC103272,MCH8146,Bath-Purohit,5942,Books & Stationery,Sole Proprietor,Delhi,Delhi,2025-04-28,XXXX1421,Active,5566.64
REC103273,MCH5387,Hayre-Chaudry,5699,Apparel,Sole Proprietor,Amritsar,Punjab,2023-06-11,XXXX7071,Active,1445.17
REC103274,MCH4827,"Deol, Rastogi and Khatri",4814,Telecom,Sole Proprietor,Lucknow,Uttar Pradesh,2024-05-10,,Active,810.0
REC103275,MCH6819,"Arya, Bassi and Kaur",5999,Miscellaneous Retail,Partnership,Amritsar,Punjab,2025-11-19,,Active,2433.05
REC103276,MCH9826,Rana and Sons,5411,Grocery Store,Private Limited,Bengaluru,Karnataka,2023-07-07,ZBMZ7199667891551,Active,739.28
REC103277,MCH1349,Mital-Narasimhan,5311,Department Store,Private Limited,Jaipur,Rajasthan,2025-02-14,0965472450,Active,538.14
REC103278,MCH2582,Lal PLC,5912,Pharmacy,Sole Proprietor,Delhi,Delhi,2025-09-13,,Active,1344.48
REC103279,MCH8268,Krishnamurthy-Chopra,5942,Books & Stationery,Private Limited,Chennai,Tamil Nadu,2025-09-13,9959196450,Active,1218.95
REC103280,MCH5934,Halder LLC,7011,Hotel/Lodging,Private Limited,Amritsar,Punjab,2023-03-22,CBWB3662425285759,Active,1201.69
REC103281,MCH6556,"Gala, Kale and Manne",5699,Apparel,Partnership,Delhi,Delhi,2025-08-22,,Active,760.0
REC103282,MCH1072,Kalla-Khalsa,5812,Restaurant,Private Limited,Mumbai,Maharashtra,2025-11-10,,Disabled,422.23
REC103283,MCH5979,Mani Group,4131,Transportation,Private Limited,Bengaluru,Karnataka,2024-07-15,,Suspended,4686.23
REC103284,MCH9802,Kashyap LLC,4814,Telecom,Private Limited,Amritsar,Punjab,,4417851194,Inactive,378.5
REC103285,MCH2817,"Hayre, Ramesh and Parikh",4814,Telecom,Individual,Kolkata,West Bengal,2025-04-23,HCIS1374268781822,Active,1790.3
REC103286,MCH2403,Chana-Yohannan,5411,Grocery Store,Partnership,Kolkata,West Bengal,2025-07-28,,Active,574.13
REC103287,MCH2347,"Dara, Ravel and Soni",5912,Pharmacy,Sole Proprietor,Amritsar,Punjab,2023-12-09,LYBJ8156884625938,Active,3169.93
REC103288,MCH3189,Prasad Inc,4814,Telecom,Individual,Lucknow,Uttar Pradesh,2025-07-30,,Active,2516.09
REC103289,MCH1974,Kapoor LLC,4131,Transportation,Partnership,Chennai,Tamil Nadu,2024-05-12,5931788473,Active,
REC103290,MCH2710,"Batta, Shetty and Kalita",5699,Apparel,Individual,Hyderabad,Telangana,2025-08-17,2640797887,Active,109.84
REC103291,MCH2994,Kumar PLC,4814,Telecom,Sole Proprietor,Jalandhar,Punjab,2024-11-13,,Active,653.34
REC103292,MCH1126,"Nayak, Dhaliwal and Soman",5411,Grocery Store,Partnership,Jalandhar,Punjab,2026-02-12,,Active,564.83
REC103293,MCH2157,Parmer-Sinha,5912,Pharmacy,Partnership,Delhi,Delhi,2023-10-22,,Active,1536.42
REC103294,MCH7925,"Bedi, Shroff and Nadkarni",4131,Transportation,Sole Proprietor,Lucknow,Uttar Pradesh,2023-07-07,BECU4208184850705,Active,2480.62
REC103295,MCH4237,"Deshmukh, Ghose and Chhabra",5812,Restaurant,Sole Proprietor,Pune,Maharashtra,2024-02-12,,Blocked,5905.65
REC103296,MCH2902,Samra-Kapur,5411,Grocery Store,Individual,Chennai,Tamil Nadu,2024-04-24,XXXX9404,Active,
REC103297,MCH7744,Nath PLC,5311,Department Store,Individual,Amritsar,Punjab,2026-02-08,,Active,
REC103298,MCH1806,Thaker-Dutt,5699,Apparel,Individual,Ludhiana,Punjab,2024-05-02,1201362088,Active,6418.0
REC103299,MCH1401,Din and Sons,5411,Grocery Store,Individual,Amritsar,Punjab,2025-07-20,2717124397,Active,286.09
REC103300,MCH9692,Parekh-Kurian,5699,Apparel,Individual,Jaipur,Rajasthan,2025-10-20,XXXX0036,Active,
REC103301,MCH5476,Buch Group,5912,Pharmacy,Private Limited,Delhi,Delhi,2024-03-08,,Active,1311.87
REC103302,MCH1059,Prasad Ltd,4814,Telecom,Partnership,Hyderabad,Telangana,2023-03-18,XXXX9900,Active,4187.75
REC103303,MCH6585,Kara-Nath,5699,Apparel,Private Limited,Kolkata,West Bengal,2024-12-29,0436756334,Inactive,2202.59
REC103304,MCH7026,Ganesan-Manda,7011,Hotel/Lodging,Sole Proprietor,Mumbai,Maharashtra,2025-09-30,6953234378,Active,1364.0
REC103305,MCH7949,Vohra-Chaudhary,4131,Transportation,Private Limited,Mumbai,Maharashtra,2023-10-14,,Active,265.37
REC103306,MCH8473,"Tella, Dara and Krish",4814,Telecom,Private Limited,Mumbai,Maharashtra,2025-06-21,,Active,320.84
REC103307,MCH7144,"Char, Kapadia and Palla",5999,Miscellaneous Retail,Private Limited,Mumbai,Maharashtra,2025-03-23,8545782179,Disabled,4555.85
REC103308,MCH1075,Pingle-Mohan,5912,Pharmacy,Sole Proprietor,Ludhiana,Punjab,2025-02-24,XXXX2118,Active,1639.19
REC103309,MCH1736,Barman Inc,4131,Transportation,Partnership,Jaipur,Rajasthan,2025-06-08,,Active,1937.05
REC103310,MCH1365,Ahluwalia-Choudhary,5311,Department Store,Private Limited,Ludhiana,Punjab,2023-10-03,XXXX5844,Active,4292.21
REC103311,MCH4496,"Shroff, Ahuja and Kumar",4814,Telecom,Partnership,Amritsar,Punjab,2025-05-11,5684338286,Active,
REC103312,MCH9091,"Dewan, Hayre and Kala",4131,Transportation,Sole Proprietor,Amritsar,Punjab,,VGTR9380587606414,Closed,4267.28
REC103313,MCH6882,"Thaker, Hans and Chandra",4131,Transportation,Private Limited,Lucknow,Uttar Pradesh,2025-02-10,XXXX2452,Inactive,274.11
REC103314,MCH4736,Suresh-Gola,5942,Books & Stationery,Partnership,Mumbai,Maharashtra,2023-08-24,OCLG6376733151298,Active,885.16
REC103315,MCH3882,Kannan PLC,5912,Pharmacy,Individual,Pune,Maharashtra,2024-06-08,4780136395,Active,1470.9
REC103316,MCH8568,Krishna-Agrawal,4814,Telecom,Partnership,Kolkata,West Bengal,2024-10-25,7283032727,Inactive,412.1
REC103317,MCH2075,"Dhar, Deo and Rau",5912,Pharmacy,Individual,Delhi,Delhi,2024-09-01,0032289516,Active,1584.12
REC103318,MCH4006,Thakur-Narayan,5411,Grocery Store,Private Limited,Amritsar,Punjab,2024-06-23,0693723278,Closed,282.17
REC103319,MCH5236,Basak-Madan,5999,Miscellaneous Retail,Private Limited,Delhi,Delhi,,1939509420,Active,389.03
REC103320,MCH9744,Walia Inc,5942,Books & Stationery,Sole Proprietor,Bengaluru,Karnataka,2024-06-24,XXXX8765,Active,574.28
REC103321,MCH9394,Pal-Taneja,4814,Telecom,Private Limited,Ludhiana,Punjab,2024-01-02,,Closed,311.59
REC103322,MCH3817,Subramanian Group,5311,Department Store,Sole Proprietor,Ludhiana,Punjab,,XXXX6376,Active,3916.72
REC103323,MCH2495,Solanki LLC,5942,Books & Stationery,Private Limited,Delhi,Delhi,2023-05-19,8034024153,Active,1374.43
REC103324,MCH4712,"Zacharia, Shere and Dhar",5912,Pharmacy,Private Limited,Jalandhar,Punjab,2023-04-27,XXXX2361,Active,2235.26
REC103325,MCH2658,"Parmar, Purohit and Bhasin",5812,Restaurant,Sole Proprietor,Bengaluru,Karnataka,,8958415885,Active,548.82
REC103326,MCH4922,Cheema Group,5999,Miscellaneous Retail,Partnership,Hyderabad,Telangana,2024-03-20,,Active,324.81
REC103327,MCH6420,Wadhwa and Sons,5912,Pharmacy,Partnership,Bengaluru,Karnataka,,0724197412,Active,160.44
REC103328,MCH3167,"Grewal, Biswas and Naidu",5411,Grocery Store,Sole Proprietor,Jaipur,Rajasthan,2024-02-19,,Active,2704.22
REC103329,MCH1987,"Dora, Sarma and Biswas",4814,Telecom,Partnership,Mumbai,Maharashtra,2023-01-31,NNVG3490646202999,Active,3268.84
REC103330,MCH5710,Karnik Ltd,5942,Books & Stationery,Partnership,Jaipur,Rajasthan,2025-12-24,4751773025,Active,2156.34
REC103331,MCH6789,Sanghvi-Garg,5699,Apparel,Individual,Kolkata,West Bengal,,XXXX2367,Active,8043.93
REC103332,MCH5807,Madan Ltd,5311,Department Store,Sole Proprietor,Jalandhar,Punjab,2023-11-06,XXXX1600,Active,1974.14
REC103333,MCH4389,"Bobal, Chakrabarti and Dash",5912,Pharmacy,Sole Proprietor,Pune,Maharashtra,2026-02-04,,Active,445.95
REC103334,MCH6072,"Bassi, Sarma and Yohannan",5999,Miscellaneous Retail,Sole Proprietor,Chennai,Tamil Nadu,2024-01-14,OFUG5890068758335,Active,1959.53
REC103335,MCH9352,Bains Group,5311,Department Store,Individual,Chennai,Tamil Nadu,2026-01-13,,Inactive,1537.37
REC103336,MCH7619,"Ranganathan, Kumer and Pandya",5311,Department Store,Private Limited,Kolkata,West Bengal,2023-11-02,XXXX7479,Active,
REC103337,MCH6050,"Choudhary, Shanker and Rajan",5812,Restaurant,Individual,Ludhiana,Punjab,2024-03-26,1328212555,Active,
REC103338,MCH2730,Hans LLC,5999,Miscellaneous Retail,Individual,Jaipur,Rajasthan,2025-06-23,,Active,1392.27
REC103339,MCH7773,"Mannan, Rout and Dara",7011,Hotel/Lodging,Individual,Jalandhar,Punjab,,2874939436,Active,649.31
REC103340,MCH4490,"Doshi, Raj and Bumb",5411,Grocery Store,Partnership,Ludhiana,Punjab,2025-07-28,XXXX2409,Active,748.4
REC103341,MCH4031,"Mitra, Bali and Rai",5942,Books & Stationery,Private Limited,Lucknow,Uttar Pradesh,2026-01-12,,Active,9089.26
REC103342,MCH3031,Morar and Sons,5411,Grocery Store,Individual,Pune,Maharashtra,2025-04-23,,Active,4053.43
REC103343,MCH4700,"Rajan, Garg and Ray",5699,Apparel,Individual,Chennai,Tamil Nadu,,ZNYW6274259007166,Active,805.94
REC103344,MCH9517,Menon Inc,7011,Hotel/Lodging,Sole Proprietor,Mumbai,Maharashtra,2023-09-23,XXXX3518,Active,
REC103345,MCH1763,Dhillon Ltd,5311,Department Store,Partnership,Jalandhar,Punjab,2026-02-22,4567982166,Active,231.69
REC103346,MCH7074,Chakrabarti-Rama,4131,Transportation,Individual,Pune,Maharashtra,2025-06-08,3727290380,Active,843.0
REC103347,MCH1948,"Sundaram, Sami and Jha",4814,Telecom,Private Limited,Jaipur,Rajasthan,2024-07-17,4160009756,Active,634.29
REC103348,MCH3680,Pradhan Ltd,4131,Transportation,Private Limited,Hyderabad,Telangana,2025-11-22,HAKD1990878179577,Active,519.26
REC103349,MCH1640,Dash Ltd,5699,Apparel,Sole Proprietor,Jaipur,Rajasthan,2024-11-25,SPQL0474110490629,Active,328.0
REC103350,MCH7095,Deshmukh-Sarna,5999,Miscellaneous Retail,Individual,Bengaluru,Karnataka,2023-06-10,,Active,560.73
REC103351,MCH9457,Som-Ravi,5311,Department Store,Sole Proprietor,Jaipur,Rajasthan,2025-02-19,,Active,672.31
REC103352,MCH3442,"Thaman, Tata and Divan",5411,Grocery Store,Sole Proprietor,Jalandhar,Punjab,2024-07-01,5904029606,Blocked,486.0
REC103353,MCH3974,"Mishra, Baral and Char",5942,Books & Stationery,Sole Proprietor,Chennai,Tamil Nadu,2026-02-22,XXXX0042,Hold,2017.65
REC103354,MCH7736,Kara PLC,5699,Apparel,Individual,Amritsar,Punjab,2024-01-02,,Active,778.45
REC103355,MCH1872,Rege LLC,4814,Telecom,Partnership,Bengaluru,Karnataka,2024-06-26,,Active,768.52
REC103356,MCH7327,"Krish, Dhar and Choudhury",4814,Telecom,Individual,Kolkata,West Bengal,2023-05-22,KDMG5541225124685,Suspended,440.0
REC103357,MCH7194,Shan and Sons,4131,Transportation,Individual,Ludhiana,Punjab,,,Active,983.19
REC103358,MCH6904,"Dora, Buch and Dara",5411,Grocery Store,Individual,Lucknow,Uttar Pradesh,2026-01-27,3574033912,Active,
REC103359,MCH6742,"Garde, Chaudhry and Mistry",7011,Hotel/Lodging,Sole Proprietor,Jalandhar,Punjab,2024-05-03,,Active,646.0
REC103360,MCH2289,Tank-Datta,5812,Restaurant,Private Limited,Hyderabad,Telangana,2025-10-26,2288122436,Active,372.03
REC103361,MCH1674,"Bansal, Babu and Bansal",5699,Apparel,Individual,Chennai,Tamil Nadu,2024-11-03,,Active,811.0
REC103362,MCH7412,Chand-Badal,5812,Restaurant,Private Limited,Mumbai,Maharashtra,2025-08-15,,Inactive,539.2
REC103363,MCH1107,Sen-Das,4814,Telecom,Private Limited,Chennai,Tamil Nadu,2024-09-16,VDXT6754486241555,Active,
REC103364,MCH9858,"Devi, Thaker and Master",5812,Restaurant,Private Limited,Amritsar,Punjab,2024-07-20,,Active,255.83
REC103365,MCH4167,"Thakur, Purohit and Gade",5311,Department Store,Individual,Lucknow,Uttar Pradesh,2024-06-08,XXXX3875,Active,642.28
REC103366,MCH1581,"Nayak, Verma and Sawhney",5311,Department Store,Partnership,Mumbai,Maharashtra,2025-01-11,,Active,3655.93
REC103367,MCH3678,"Ramanathan, Oza and Aggarwal",5699,Apparel,Partnership,Jalandhar,Punjab,2023-04-03,9191196267,Active,1617.86
REC103368,MCH2200,Choudhry-Vig,4814,Telecom,Private Limited,Jaipur,Rajasthan,2023-04-21,JBNG6240536039384,Active,207.14
REC103369,MCH8890,"Kumar, Yogi and Seshadri",5999,Miscellaneous Retail,Sole Proprietor,Lucknow,Uttar Pradesh,2025-01-12,,Active,535.53
REC103370,MCH9424,Sur-Bajaj,5311,Department Store,Sole Proprietor,Bengaluru,Karnataka,2025-04-18,XXXX3219,Active,1902.79
REC103371,MCH2754,Chahal Group,5812,Restaurant,Sole Proprietor,Amritsar,Punjab,2023-09-27,,Active,1452.51
REC103372,MCH5829,Mall LLC,5699,Apparel,Sole Proprietor,Chennai,Tamil Nadu,2023-07-12,,Active,
REC103373,MCH7829,"Tara, Deo and More",5812,Restaurant,Private Limited,Delhi,Delhi,2024-01-13,,Active,1127.59
REC103374,MCH7577,"Gandhi, Golla and Arora",5699,Apparel,Private Limited,Amritsar,Punjab,2023-01-26,XXXX6249,Active,
REC103375,MCH8306,"Wason, Saraf and Dube",7011,Hotel/Lodging,Partnership,Bengaluru,Karnataka,2025-02-15,2587742511,Suspended,67.35
REC103376,MCH5093,Khatri-Kata,5411,Grocery Store,Partnership,Jaipur,Rajasthan,2024-10-28,,Disabled,1344.37
REC103377,MCH1366,"Shah, Roy and Srinivasan",5411,Grocery Store,Sole Proprietor,Kolkata,West Bengal,2023-08-03,5320028837,Active,935.11
REC103378,MCH2189,"Mammen, Balakrishnan and Prakash",5311,Department Store,Sole Proprietor,Jaipur,Rajasthan,2025-05-14,,Active,2363.97
REC103379,MCH9440,Ratti LLC,5311,Department Store,Individual,Jalandhar,Punjab,,MAUW1308281422202,Active,186.6
REC103380,MCH1879,Muni-Sachdeva,5999,Miscellaneous Retail,Individual,Chennai,Tamil Nadu,2023-12-16,XXXX4876,Active,687.52
REC103381,MCH8933,Karpe Inc,5912,Pharmacy,Private Limited,Amritsar,Punjab,,UYYR5964634247104,Active,2968.0
REC103382,MCH6809,Reddy-Bhatt,5699,Apparel,Partnership,Bengaluru,Karnataka,2024-08-05,,Active,2382.0
REC103383,MCH7585,Rattan-Ratti,5699,Apparel,Partnership,Pune,Maharashtra,2026-02-10,,Active,
REC103384,MCH3072,Vora-Soman,5699,Apparel,Individual,Amritsar,Punjab,2026-02-13,DNMO7101498768595,Active,1993.93
REC103385,MCH8352,Tailor and Sons,7011,Hotel/Lodging,Sole Proprietor,Lucknow,Uttar Pradesh,2024-11-06,,Active,1393.59
REC103386,MCH4260,"Kalla, Banerjee and Choudhary",4814,Telecom,Partnership,Ludhiana,Punjab,,,Active,389.14
REC103387,MCH3732,"Bhat, Sarin and Wagle",7011,Hotel/Lodging,Sole Proprietor,Lucknow,Uttar Pradesh,2025-06-23,,Active,604.0
REC103388,MCH8076,Banerjee Group,4814,Telecom,Private Limited,Lucknow,Uttar Pradesh,2025-06-08,,Active,1709.68
REC103389,MCH5490,"Bahl, Kakar and Dara",5699,Apparel,Individual,Hyderabad,Telangana,2025-12-28,JQDE2976951081698,Active,1917.65
REC103390,MCH3715,Bansal Inc,5942,Books & Stationery,Individual,Lucknow,Uttar Pradesh,2024-11-27,,Suspended,2025.81
REC103391,MCH1588,Doctor Ltd,4131,Transportation,Individual,Ludhiana,Punjab,2025-07-27,XXXX2866,Suspended,1791.21
REC103392,MCH6949,"Dada, Suri and Chhabra",7011,Hotel/Lodging,Sole Proprietor,Pune,Maharashtra,2024-01-26,2829880140,Active,333.77
REC103393,MCH4709,Dewan-Jain,4131,Transportation,Partnership,Lucknow,Uttar Pradesh,2025-11-02,KNDG8941878782288,Active,108.08
REC103394,MCH9919,"Ramaswamy, Pall and Bahri",5912,Pharmacy,Private Limited,Mumbai,Maharashtra,2026-02-09,,Active,1346.24
REC103395,MCH7145,Ratti and Sons,5411,Grocery Store,Sole Proprietor,Pune,Maharashtra,2025-07-01,9050093816,Active,1161.56
REC103396,MCH7100,Sanghvi-Pandit,5699,Apparel,Individual,Pune,Maharashtra,2024-07-09,,Active,
REC103397,MCH4459,Suresh-Mane,5311,Department Store,Individual,Kolkata,West Bengal,2023-12-25,6103544959,Inactive,3983.0
REC103398,MCH8968,"Mukherjee, Morar and Desai",5411,Grocery Store,Individual,Amritsar,Punjab,2023-04-09,,Active,8122.94
REC103399,MCH7653,Sama-Yogi,5999,Miscellaneous Retail,Sole Proprietor,Hyderabad,Telangana,2025-01-05,,Active,1041.79
REC103400,MCH4055,Rai PLC,5812,Restaurant,Private Limited,Ludhiana,Punjab,2023-08-12,XXXX0097,Active,283.42
REC103401,MCH4624,"Loke, Swamy and Mishra",5411,Grocery Store,Sole Proprietor,Bengaluru,Karnataka,2023-03-09,,Active,228.0
REC103402,MCH7281,Kalita-Mistry,4814,Telecom,Private Limited,Hyderabad,Telangana,2024-11-24,XXXX5201,Active,2941.71
REC103403,MCH2154,"Chhabra, Walla and Ramakrishnan",5942,Books & Stationery,Sole Proprietor,Ludhiana,Punjab,2023-10-28,,Inactive,1662.0
REC103404,MCH7501,Jayaraman Inc,5311,Department Store,Partnership,Kolkata,West Bengal,2024-03-10,XXXX9347,Active,2898.16
REC103405,MCH6091,Dutt-Nair,5699,Apparel,Private Limited,Kolkata,West Bengal,2023-01-30,9792145375,Active,1466.59
REC103406,MCH7930,"Boase, Barman and Virk",5812,Restaurant,Private Limited,Amritsar,Punjab,2025-05-02,,Active,1076.5
REC103407,MCH7549,Narayan PLC,7011,Hotel/Lodging,Sole Proprietor,Kolkata,West Bengal,2023-02-22,8324142833,Closed,2720.0
REC103408,MCH3172,Kumar and Sons,5311,Department Store,Partnership,Amritsar,Punjab,2026-01-14,,Active,3144.22
REC103409,MCH1063,"Samra, Sur and Venkataraman",5999,Miscellaneous Retail,Private Limited,Chennai,Tamil Nadu,2023-06-13,2476053551,Active,1297.7
REC103410,MCH4599,Majumdar-Choudhary,5411,Grocery Store,Private Limited,Mumbai,Maharashtra,2023-03-05,5607530943,Inactive,1341.81
REC103411,MCH8345,"Srinivas, Bali and Bhatt",7011,Hotel/Lodging,Sole Proprietor,Jalandhar,Punjab,2023-02-08,,Inactive,1909.16
REC103412,MCH7846,Chad-Gole,5999,Miscellaneous Retail,Individual,Mumbai,Maharashtra,2023-08-24,XXXX4268,Active,228.0
REC103413,MCH9302,Savant-Dave,5311,Department Store,Partnership,Bengaluru,Karnataka,2025-08-17,,Active,543.56
REC103414,MCH3072,Varkey-Shanker,5999,Miscellaneous Retail,Partnership,Mumbai,Maharashtra,2024-11-30,,Inactive,852.87
REC103415,MCH9136,Mody Ltd,5411,Grocery Store,Individual,Chennai,Tamil Nadu,2024-07-10,MHEB9502738400073,Active,1976.5
REC103416,MCH3328,"Narang, Lal and Bhalla",5942,Books & Stationery,Sole Proprietor,Kolkata,West Bengal,2024-10-20,XXXX6467,Active,3697.78
REC103417,MCH8145,Dhillon LLC,7011,Hotel/Lodging,Private Limited,Chennai,Tamil Nadu,2025-12-10,,Active,180.43
REC103418,MCH7298,"Sangha, Sangha and Kulkarni",5411,Grocery Store,Individual,Delhi,Delhi,2024-01-28,VEZZ6158628097451,Active,1661.92
REC103419,MCH6825,Viswanathan Ltd,5912,Pharmacy,Partnership,Mumbai,Maharashtra,2023-01-10,7090133493,Active,1083.22
REC103420,MCH5704,Biswas-Yohannan,7011,Hotel/Lodging,Sole Proprietor,Kolkata,West Bengal,,XXXX3443,Active,751.57
REC103421,MCH3055,"Batta, Sha and Dugar",7011,Hotel/Lodging,Private Limited,Chennai,Tamil Nadu,2025-08-18,XXXX2455,Active,262.1
REC103422,MCH1420,"Hayer, Malhotra and Dugar",5311,Department Store,Individual,Pune,Maharashtra,2023-07-08,XXXX5505,Active,1649.54
REC103423,MCH3796,Swaminathan Ltd,5699,Apparel,Partnership,Pune,Maharashtra,2023-02-04,,Active,1024.22
REC103424,MCH1617,Cherian LLC,5311,Department Store,Individual,Hyderabad,Telangana,2024-02-09,4300505477,Active,
REC103425,MCH6743,Patla Inc,4814,Telecom,Private Limited,Mumbai,Maharashtra,2026-02-20,EOKT5528330953242,Active,
REC103426,MCH9220,"Agate, Boase and Kurian",4131,Transportation,Sole Proprietor,Delhi,Delhi,,XXXX4686,Inactive,
REC103427,MCH3161,Mittal-Bawa,5999,Miscellaneous Retail,Private Limited,Jalandhar,Punjab,2023-04-01,,Active,2703.14
REC103428,MCH7111,Kohli-Zachariah,5411,Grocery Store,Partnership,Ludhiana,Punjab,2025-08-04,XXXX9398,Active,585.6
REC103429,MCH9665,Baria and Sons,5699,Apparel,Sole Proprietor,Chennai,Tamil Nadu,2023-08-09,VFLG7914496362461,Suspended,4561.8
REC103430,MCH3594,Om-Tiwari,4131,Transportation,Partnership,Pune,Maharashtra,2024-07-28,VPIP7717372044916,Active,
REC103431,MCH2094,Ratti Ltd,5411,Grocery Store,Sole Proprietor,Bengaluru,Karnataka,,2357394958,Active,4897.48
REC103432,MCH6255,"Gupta, Kibe and Aurora",7011,Hotel/Lodging,Partnership,Lucknow,Uttar Pradesh,2023-10-31,5876602681,Active,3182.0
REC103433,MCH5278,"Sarraf, Peri and Ratti",5999,Miscellaneous Retail,Private Limited,Kolkata,West Bengal,2025-04-27,,Active,1446.64
REC103434,MCH3559,Chokshi Inc,5812,Restaurant,Private Limited,Bengaluru,Karnataka,2024-12-23,XXXX5330,Active,
REC103435,MCH3567,"Ahuja, Mody and Radhakrishnan",5411,Grocery Store,Sole Proprietor,Lucknow,Uttar Pradesh,2023-09-24,,Active,1060.67
REC103436,MCH7164,"Tata, Sachdeva and Palan",4131,Transportation,Individual,Jalandhar,Punjab,2023-08-10,FKFD7859864387581,Active,519.18
REC103437,MCH5245,"Bhatt, Kakar and Boase",5311,Department Store,Individual,Jalandhar,Punjab,2025-06-27,4405470614,Active,2923.74
REC103438,MCH7814,Mallick-Puri,5812,Restaurant,Sole Proprietor,Jaipur,Rajasthan,2024-03-01,,Active,
REC103439,MCH9082,Seshadri Group,5812,Restaurant,Sole Proprietor,Jaipur,Rajasthan,2025-11-24,,Active,862.0
REC103440,MCH2701,"Prabhakar, Saraf and Mand",7011,Hotel/Lodging,Private Limited,Hyderabad,Telangana,2023-01-25,1250735780,Active,2599.41
REC103441,MCH1409,Baral LLC,5912,Pharmacy,Individual,Hyderabad,Telangana,2023-03-06,,Active,
REC103442,MCH6943,Vyas Group,5699,Apparel,Individual,Amritsar,Punjab,2023-04-11,KIUE4469872424797,Active,
REC103443,MCH1498,Deo-Mand,5999,Miscellaneous Retail,Sole Proprietor,Chennai,Tamil Nadu,2025-03-01,,Active,1460.33
REC103444,MCH5367,Reddy-Chakraborty,5699,Apparel,Sole Proprietor,Mumbai,Maharashtra,2025-03-01,WHOV7357855523116,Active,1679.09
REC103445,MCH7262,Loke LLC,4814,Telecom,Partnership,Mumbai,Maharashtra,2023-12-13,XXXX0516,Active,3675.05
REC103446,MCH2157,"Ramaswamy, Sundaram and Sachdev",4131,Transportation,Individual,Hyderabad,Telangana,2023-05-25,,Suspended,1899.0
REC103447,MCH7344,Rama-Shukla,5699,Apparel,Sole Proprietor,Hyderabad,Telangana,2023-10-11,,Active,1447.45
REC103448,MCH1047,"Natarajan, Kashyap and Goel",7011,Hotel/Lodging,Private Limited,Kolkata,West Bengal,2023-08-01,XXXX9448,Active,2594.0
REC103449,MCH6806,Virk-Batra,7011,Hotel/Lodging,Sole Proprietor,Jaipur,Rajasthan,2024-01-04,1113737217,Active,687.46
REC103450,MCH5704,Bhardwaj and Sons,5942,Books & Stationery,Sole Proprietor,Delhi,Delhi,2024-03-09,XXXX2621,Active,885.73
REC103451,MCH4745,"Krishnamurthy, Nath and Chahal",5699,Apparel,Sole Proprietor,Chennai,Tamil Nadu,,,Active,1604.97
REC103452,MCH6523,Ramanathan-Wali,5999,Miscellaneous Retail,Private Limited,Bengaluru,Karnataka,2024-08-27,CTGF7705622759501,Active,2272.75
REC103453,MCH2450,Bail PLC,5812,Restaurant,Private Limited,Hyderabad,Telangana,2024-04-25,XXXX3279,Active,3923.0
REC103454,MCH3075,Bedi-Ramanathan,4131,Transportation,Individual,Jalandhar,Punjab,2023-09-29,XXXX7029,Active,1301.0
REC103455,MCH9185,Om Ltd,5812,Restaurant,Partnership,Kolkata,West Bengal,2025-09-22,RKEJ2980134292377,Closed,311.59
REC103456,MCH9836,"Nori, Malhotra and Deep",7011,Hotel/Lodging,Sole Proprietor,Chennai,Tamil Nadu,,XXXX5684,Active,3007.0
REC103457,MCH4421,Sani LLC,5999,Miscellaneous Retail,Sole Proprietor,Ludhiana,Punjab,2023-05-15,7724162998,Active,901.69
REC103458,MCH6090,Bahl-Ramanathan,7011,Hotel/Lodging,Sole Proprietor,Jalandhar,Punjab,2025-03-10,3270315873,Active,1685.43
REC103459,MCH3688,"Nayak, Brar and Sahni",4814,Telecom,Individual,Chennai,Tamil Nadu,2025-08-20,,Hold,2787.88
REC103460,MCH8131,Sekhon-Agrawal,5999,Miscellaneous Retail,Private Limited,Kolkata,West Bengal,2023-05-15,,Inactive,5430.66
REC103461,MCH7276,Talwar-Kant,4131,Transportation,Partnership,Jaipur,Rajasthan,2023-06-23,,Active,692.16
REC103462,MCH8018,Lad PLC,5411,Grocery Store,Private Limited,Kolkata,West Bengal,2025-03-27,XXXX3019,Active,655.7
REC103463,MCH9102,Sastry-Wali,5942,Books & Stationery,Private Limited,Pune,Maharashtra,2025-06-30,WUTS6822135925592,Active,1846.0
REC103464,MCH3017,Ramanathan and Sons,5311,Department Store,Partnership,Delhi,Delhi,2024-07-06,,Active,
REC103465,MCH6051,"Prashad, Date and Sodhi",5311,Department Store,Private Limited,Jalandhar,Punjab,2026-01-18,,Active,
REC103466,MCH2917,Edwin-Ahuja,5411,Grocery Store,Sole Proprietor,Jalandhar,Punjab,2023-06-08,8964022658,Inactive,490.0
REC103467,MCH4977,Arora-Nayak,5999,Miscellaneous Retail,Individual,Ludhiana,Punjab,2025-03-05,,Active,1505.38
REC103468,MCH9418,"Bora, Venkatesh and Loke",5411,Grocery Store,Individual,Bengaluru,Karnataka,2024-05-22,ZTOW0641939254087,Suspended,1520.21
REC103469,MCH4114,"Pandya, Jayaraman and Ray",4814,Telecom,Sole Proprietor,Hyderabad,Telangana,2025-01-15,SSMR5889038460894,Inactive,436.15
REC103470,MCH5963,Mukhopadhyay Ltd,5999,Miscellaneous Retail,Partnership,Pune,Maharashtra,2023-04-09,XXXX5492,Inactive,5714.63
REC103471,MCH8825,"Mandal, Chaudhari and Savant",5699,Apparel,Individual,Jalandhar,Punjab,2025-07-27,8501342789,Active,1817.3
REC103472,MCH5776,Date-Mangat,7011,Hotel/Lodging,Private Limited,Ludhiana,Punjab,2025-01-15,,Active,
REC103473,MCH1696,Prakash-Dhar,5411,Grocery Store,Partnership,Bengaluru,Karnataka,2025-09-01,TXHI7483173386178,Active,567.04
REC103474,MCH4090,Panchal-Gera,5942,Books & Stationery,Private Limited,Mumbai,Maharashtra,2023-11-23,XXXX0223,Inactive,976.5
REC103475,MCH4440,"Krishna, Bora and Swaminathan",5699,Apparel,Private Limited,Jalandhar,Punjab,2023-04-29,5872380651,Hold,749.44
REC103476,MCH8281,Tara-Mander,4131,Transportation,Private Limited,Pune,Maharashtra,2023-03-11,TEPW4553100153492,Active,3216.91
REC103477,MCH4811,"Rege, Misra and Mander",7011,Hotel/Lodging,Sole Proprietor,Amritsar,Punjab,,,Active,458.06
REC103478,MCH1830,Shan LLC,7011,Hotel/Lodging,Private Limited,Lucknow,Uttar Pradesh,,8821748714,Active,405.35
REC103479,MCH8449,Mani-Ramachandran,5912,Pharmacy,Partnership,Delhi,Delhi,2024-12-27,XXXX6183,Active,461.73
REC103480,MCH2896,"Date, Sahota and Hayre",4131,Transportation,Individual,Chennai,Tamil Nadu,,KPBN8019714054804,Active,1484.62
REC103481,MCH1093,"Dubey, Uppal and Bhatt",5812,Restaurant,Private Limited,Pune,Maharashtra,2025-04-26,,Closed,4005.67
REC103482,MCH9984,Samra and Sons,5942,Books & Stationery,Private Limited,Ludhiana,Punjab,2025-09-02,QLUY8246015665493,Active,983.46
REC103483,MCH3008,"Datta, Sarkar and Nori",5311,Department Store,Partnership,Ludhiana,Punjab,2024-11-11,,Active,
REC103484,MCH5159,"Boase, Nadkarni and Kala",4131,Transportation,Private Limited,Jaipur,Rajasthan,2025-05-18,DDIU4780752450137,Active,214.1
REC103485,MCH5333,Rajagopal-Agate,4814,Telecom,Sole Proprietor,Amritsar,Punjab,,,Inactive,15510.71
REC103486,MCH2498,Peri-Sachdeva,7011,Hotel/Lodging,Individual,Lucknow,Uttar Pradesh,2024-07-22,7968546113,Active,1576.69
REC103487,MCH4235,Nagar-Sharma,5311,Department Store,Sole Proprietor,Kolkata,West Bengal,2024-10-02,,Active,1671.65
REC103488,MCH6148,Keer and Sons,4814,Telecom,Private Limited,Kolkata,West Bengal,2024-10-08,,Active,2790.1
REC103489,MCH4636,Sura and Sons,5699,Apparel,Partnership,Mumbai,Maharashtra,2023-12-17,8723730767,Active,
REC103490,MCH1124,"Hayre, Chana and Bhasin",5699,Apparel,Sole Proprietor,Jaipur,Rajasthan,2024-05-10,,Active,843.01
REC103491,MCH7828,Jhaveri and Sons,5699,Apparel,Individual,Kolkata,West Bengal,2026-02-23,3888843924,Active,3105.54
REC103492,MCH6277,"Mangat, Kaur and Guha",7011,Hotel/Lodging,Partnership,Delhi,Delhi,2024-04-07,,Active,1786.0
REC103493,MCH4690,"Dutt, Mukhopadhyay and Dara",5999,Miscellaneous Retail,Sole Proprietor,Amritsar,Punjab,2023-04-24,HYJC1967089654932,Hold,
REC103494,MCH8110,Kamdar-Raval,5999,Miscellaneous Retail,Partnership,Lucknow,Uttar Pradesh,2023-07-13,,Inactive,768.59
REC103495,MCH1243,"Buch, Atwal and Roy",5912,Pharmacy,Partnership,Ludhiana,Punjab,2025-06-12,,Active,1323.94
REC103496,MCH5851,"Dugar, Shanker and Bedi",5999,Miscellaneous Retail,Sole Proprietor,Pune,Maharashtra,2024-07-24,,Active,
REC103497,MCH4064,"Sastry, Sibal and Rajagopal",4131,Transportation,Partnership,Lucknow,Uttar Pradesh,2024-11-23,XXXX7853,Inactive,
REC103498,MCH8389,Thaman Group,5812,Restaurant,Individual,Mumbai,Maharashtra,2024-02-17,XXXX0828,Inactive,1716.78
REC103499,MCH8601,Chahal-Parekh,5812,Restaurant,Private Limited,Amritsar,Punjab,2025-02-20,SPNT7219401023773,Active,
REC103500,MCH7997,"Rattan, Naik and Singh",5999,Miscellaneous Retail,Individual,Pune,Maharashtra,2024-05-31,MFLT0388804537888,Active,
REC103501,MCH6078,Oza-Srinivasan,4814,Telecom,Individual,Mumbai,Maharashtra,2023-10-15,,Active,4379.06
REC103502,MCH7058,"Barad, Pal and Boase",5311,Department Store,Individual,Kolkata,West Bengal,2025-12-06,XXXX2802,Active,1284.51
REC103503,MCH7042,Halder-Kalla,5999,Miscellaneous Retail,Private Limited,Pune,Maharashtra,2023-09-26,,Active,1230.3
REC103504,MCH9415,Krishnamurthy-Warrior,7011,Hotel/Lodging,Sole Proprietor,Ludhiana,Punjab,2023-02-21,,Active,438.69
REC103505,MCH4364,Sastry-Shetty,4131,Transportation,Sole Proprietor,Kolkata,West Bengal,2024-06-14,BYKR5512266480306,Active,1128.0
REC103506,MCH2120,"Yohannan, Patla and Parmer",7011,Hotel/Lodging,Partnership,Delhi,Delhi,2024-01-01,XXXX7380,Active,
REC103507,MCH9778,"Chandra, Subramanian and Borde",5942,Books & Stationery,Private Limited,Bengaluru,Karnataka,2025-05-20,2832098556,Active,2313.1
REC103508,MCH6507,Kadakia PLC,5812,Restaurant,Partnership,Chennai,Tamil Nadu,2023-05-01,XXXX3350,Suspended,740.55
REC103509,MCH2730,Nayar and Sons,7011,Hotel/Lodging,Sole Proprietor,Jaipur,Rajasthan,2023-06-30,,Active,1113.62
REC103510,MCH3743,Doctor Ltd,5912,Pharmacy,Sole Proprietor,Hyderabad,Telangana,2023-01-16,BRVO9557812490695,Active,12417.3
REC103511,MCH9074,Thaman-Ramesh,5411,Grocery Store,Private Limited,Delhi,Delhi,2024-08-04,YVFC7381559709766,Active,2298.62
REC103512,MCH1730,Buch Ltd,5699,Apparel,Individual,Kolkata,West Bengal,2023-04-25,,Active,813.32
REC103513,MCH8953,Oak Inc,5912,Pharmacy,Partnership,Mumbai,Maharashtra,2025-04-18,,Active,
REC103514,MCH1122,Bakshi and Sons,5311,Department Store,Private Limited,Chennai,Tamil Nadu,2023-03-09,,Active,638.59
REC103515,MCH5281,Ramaswamy-Bhandari,5411,Grocery Store,Partnership,Bengaluru,Karnataka,2023-04-04,,Active,113.91
REC103516,MCH1336,"Narayanan, Anand and Kalita",5999,Miscellaneous Retail,Sole Proprietor,Ludhiana,Punjab,,XXXX4236,Active,699.0
REC103517,MCH1921,Raj LLC,5999,Miscellaneous Retail,Partnership,Lucknow,Uttar Pradesh,2024-02-12,5917860419,Active,2280.24
REC103518,MCH3795,Sinha-Ramesh,4814,Telecom,Partnership,Hyderabad,Telangana,2024-06-19,XXXX9092,Active,1083.1
REC103519,MCH7236,"Ramanathan, Varkey and Iyengar",5812,Restaurant,Partnership,Ludhiana,Punjab,2024-01-17,8807064129,Active,843.44
REC103520,MCH7057,"Lad, Kala and Bhagat",4814,Telecom,Partnership,Jaipur,Rajasthan,2026-02-10,,Active,1333.8
REC103521,MCH9560,Puri-Ahluwalia,5999,Miscellaneous Retail,Partnership,Ludhiana,Punjab,2025-06-21,XXXX3305,Active,1176.68
REC103522,MCH3129,"Ghose, Hari and Garde",5411,Grocery Store,Sole Proprietor,Ludhiana,Punjab,2025-06-27,GWXI4589298577824,Active,1908.27
REC103523,MCH8549,"Tandon, Tella and Srinivas",5311,Department Store,Partnership,Jalandhar,Punjab,2025-09-22,,Active,
REC103524,MCH3163,Hora-Peri,5999,Miscellaneous Retail,Partnership,Kolkata,West Bengal,2025-08-22,CRLP7276100496707,Active,
REC103525,MCH5857,"Varughese, Vora and Chokshi",4814,Telecom,Individual,Lucknow,Uttar Pradesh,2025-11-21,,Inactive,687.33
REC103526,MCH6200,"Kapadia, Bail and Badal",4131,Transportation,Private Limited,Chennai,Tamil Nadu,2023-12-09,,Active,1183.13
REC103527,MCH3328,Yadav and Sons,4814,Telecom,Partnership,Lucknow,Uttar Pradesh,2023-04-20,FIFX0642566792123,Active,1324.81
REC103528,MCH5631,"Bhattacharyya, Behl and Barad",5699,Apparel,Sole Proprietor,Bengaluru,Karnataka,2025-08-30,XXXX1656,Active,857.0
REC103529,MCH9430,"Shetty, Pau and Chhabra",4814,Telecom,Partnership,Pune,Maharashtra,2023-10-31,,Active,927.24
REC103530,MCH4211,Amble-Saha,5411,Grocery Store,Sole Proprietor,Delhi,Delhi,2023-06-27,,Active,525.0
REC103531,MCH8076,Seshadri LLC,5942,Books & Stationery,Partnership,Jaipur,Rajasthan,2025-02-21,,Inactive,4406.44
REC103532,MCH6366,"Hora, Edwin and Zacharia",4814,Telecom,Sole Proprietor,Ludhiana,Punjab,2025-03-29,8367872742,Active,780.59
REC103533,MCH3637,Pai-Parikh,5812,Restaurant,Sole Proprietor,Hyderabad,Telangana,2024-06-26,,Active,3420.81
REC103534,MCH8446,Kuruvilla Group,5999,Miscellaneous Retail,Sole Proprietor,Chennai,Tamil Nadu,2025-07-07,,Active,979.24
REC103535,MCH1454,Mishra-Batra,5999,Miscellaneous Retail,Sole Proprietor,Hyderabad,Telangana,2025-12-02,ARMV5646544388660,Active,163.44
REC103536,MCH8038,"Sane, Bir and Singhal",5311,Department Store,Individual,Amritsar,Punjab,,,Inactive,1346.16
REC103537,MCH7919,"Dugar, Buch and Bhatti",5812,Restaurant,Private Limited,Hyderabad,Telangana,2023-11-17,,Active,3138.05
REC103538,MCH1968,Shroff-Mani,5411,Grocery Store,Partnership,Mumbai,Maharashtra,2024-04-10,FIQR5425866491953,Active,1674.0
REC103539,MCH7955,"Andra, Oommen and Salvi",5699,Apparel,Partnership,Amritsar,Punjab,2023-02-02,XXXX5039,Active,
REC103540,MCH4102,Dass LLC,5912,Pharmacy,Partnership,Kolkata,West Bengal,2026-02-19,XXXX9287,Active,375.32
REC103541,MCH9153,Amble and Sons,4131,Transportation,Sole Proprietor,Amritsar,Punjab,2025-04-11,RQJV0029687316825,Active,
REC103542,MCH2724,Saha Group,5311,Department Store,Individual,Jaipur,Rajasthan,2026-02-09,LOPJ0201883436603,Inactive,
REC103543,MCH2237,Chatterjee-Din,4814,Telecom,Sole Proprietor,Lucknow,Uttar Pradesh,2023-01-23,4350832934,Active,
REC103544,MCH6630,"Kalla, Vyas and Lanka",5942,Books & Stationery,Sole Proprietor,Jaipur,Rajasthan,,,Active,257.87
REC103545,MCH3512,"Bhatti, Khosla and Chhabra",4814,Telecom,Private Limited,Amritsar,Punjab,2023-05-04,,Active,1112.0
REC103546,MCH2196,Badal-Ghosh,4131,Transportation,Individual,Delhi,Delhi,2024-04-07,XXXX7232,Active,188.84
REC103547,MCH4340,"Nadig, Kothari and Khalsa",7011,Hotel/Lodging,Partnership,Mumbai,Maharashtra,,,Active,1756.35
REC103548,MCH5546,"Brar, Rajan and Bhat",4814,Telecom,Private Limited,Bengaluru,Karnataka,2024-10-16,,Active,843.23
REC103549,MCH6998,Jani-Nayak,5311,Department Store,Individual,Delhi,Delhi,2026-01-27,,Active,3349.13
REC103550,MCH6746,"Tank, Chanda and Kothari",5411,Grocery Store,Private Limited,Ludhiana,Punjab,2024-02-04,2882499145,Active,2445.51
REC103551,MCH6730,"Babu, Sarma and Setty",5912,Pharmacy,Partnership,Lucknow,Uttar Pradesh,2023-10-28,XXXX4738,Active,1118.53
REC103552,MCH8982,Deo-Nath,5812,Restaurant,Private Limited,Amritsar,Punjab,2023-07-18,,Active,1840.43
REC103553,MCH8725,Ganesan Inc,5411,Grocery Store,Private Limited,Jalandhar,Punjab,2023-02-24,,Inactive,
REC103554,MCH9946,Jain LLC,5912,Pharmacy,Partnership,Pune,Maharashtra,2024-12-10,WESP3308956963595,Active,1421.0
REC103555,MCH9406,Goyal-Bhakta,5912,Pharmacy,Individual,Delhi,Delhi,2023-11-20,,Active,280.93
REC103556,MCH6520,Manda-Shah,5912,Pharmacy,Individual,Kolkata,West Bengal,2024-08-01,,Active,1457.02
REC103557,MCH1959,"Barad, Bala and Chad",5999,Miscellaneous Retail,Individual,Pune,Maharashtra,2025-10-12,,Active,578.42
REC103558,MCH1388,"Kala, Kunda and Pandit",5912,Pharmacy,Sole Proprietor,Bengaluru,Karnataka,2025-07-22,PZDL0297294331143,Active,3155.43
REC103559,MCH6155,"Varghese, Mahal and Nadkarni",5812,Restaurant,Private Limited,Jaipur,Rajasthan,2024-07-20,MGRT6859674527943,Active,
REC103560,MCH9459,Batta-Handa,4131,Transportation,Partnership,Hyderabad,Telangana,2025-06-03,,Active,11281.97
REC103561,MCH7735,Nanda PLC,5912,Pharmacy,Individual,Kolkata,West Bengal,,4101693364,Active,763.99
REC103562,MCH9609,Saran-Iyengar,5812,Restaurant,Sole Proprietor,Bengaluru,Karnataka,2023-11-14,,Active,3223.75
REC103563,MCH6450,Mishra PLC,5411,Grocery Store,Individual,Chennai,Tamil Nadu,2024-04-02,,Inactive,
REC103564,MCH8365,Banik PLC,5999,Miscellaneous Retail,Private Limited,Jalandhar,Punjab,2024-01-11,XXXX2609,Active,3523.0
REC103565,MCH1756,Ben and Sons,5999,Miscellaneous Retail,Private Limited,Hyderabad,Telangana,2023-08-02,XXXX4519,Active,1706.9
REC103566,MCH2092,"Dubey, Tara and Thaker",4131,Transportation,Individual,Kolkata,West Bengal,2023-11-09,6682311847,Active,1262.97
REC103567,MCH9067,Korpal-Som,4814,Telecom,Private Limited,Amritsar,Punjab,2024-10-04,5383470268,Inactive,1246.81
REC103568,MCH1751,"Keer, Dara and Gour",5942,Books & Stationery,Individual,Ludhiana,Punjab,2023-06-29,,Suspended,1719.3
REC103569,MCH8437,Sinha LLC,7011,Hotel/Lodging,Sole Proprietor,Kolkata,West Bengal,2025-12-04,,Inactive,761.27
REC103570,MCH3541,"Srivastava, Tella and Konda",4814,Telecom,Private Limited,Delhi,Delhi,2024-10-31,XXXX6960,Active,2341.43
REC103571,MCH8777,Kibe PLC,7011,Hotel/Lodging,Partnership,Mumbai,Maharashtra,2023-06-16,3399976956,Inactive,1945.67
REC103572,MCH1806,Dugar-Rege,5912,Pharmacy,Private Limited,Delhi,Delhi,,7841679256,Suspended,1498.0
REC103573,MCH8692,"Dubey, Nair and Bobal",5812,Restaurant,Sole Proprietor,Ludhiana,Punjab,2023-04-17,9956125917,Active,2839.54
REC103574,MCH9009,Badami-Sani,5411,Grocery Store,Individual,Mumbai,Maharashtra,2024-03-31,XXXX8465,Active,1732.46
REC103575,MCH9975,Nadkarni-Sane,5999,Miscellaneous Retail,Sole Proprietor,Delhi,Delhi,2025-08-02,XXXX7415,Suspended,4465.19
REC103576,MCH6473,Tata Group,5812,Restaurant,Private Limited,Lucknow,Uttar Pradesh,2023-04-09,3128582685,Suspended,2924.69
REC103577,MCH2915,"Vohra, Pathak and Bumb",5912,Pharmacy,Individual,Kolkata,West Bengal,2025-09-06,,Active,459.58
REC103578,MCH1782,Kari PLC,5411,Grocery Store,Sole Proprietor,Mumbai,Maharashtra,2024-06-26,,Active,
REC103579,MCH3487,Soni and Sons,5912,Pharmacy,Sole Proprietor,Lucknow,Uttar Pradesh,2023-05-16,XXXX5287,Active,1671.71
REC103580,MCH5423,"Chanda, Mallick and Butala",5311,Department Store,Sole Proprietor,Jaipur,Rajasthan,2024-08-25,XXXX3345,Active,458.56
REC103581,MCH4431,"Wali, Zachariah and Toor",5411,Grocery Store,Sole Proprietor,Mumbai,Maharashtra,2023-05-13,,Blocked,3595.68
REC103582,MCH5565,Chatterjee and Sons,5411,Grocery Store,Sole Proprietor,Pune,Maharashtra,2025-12-11,NMWT6772454974745,Active,1083.09
REC103583,MCH7273,Keer and Sons,7011,Hotel/Lodging,Private Limited,Chennai,Tamil Nadu,2024-08-24,,Active,3146.24
REC103584,MCH2133,Bose-Saraf,5999,Miscellaneous Retail,Sole Proprietor,Mumbai,Maharashtra,2024-09-19,6035698626,Suspended,
REC103585,MCH9278,Oza-Gera,4131,Transportation,Partnership,Mumbai,Maharashtra,2024-04-20,,Active,13241.0
REC103586,MCH7204,Thaman Ltd,5942,Books & Stationery,Individual,Jalandhar,Punjab,2023-09-05,,Active,937.0
REC103587,MCH6107,"Bhattacharyya, Narayanan and Samra",5812,Restaurant,Partnership,Pune,Maharashtra,2025-02-21,,Active,1215.85
REC103588,MCH6541,"Mahal, Panchal and Doshi",5912,Pharmacy,Individual,Mumbai,Maharashtra,2024-06-12,XXXX5174,Active,307.0
REC103589,MCH6607,Bedi-Bhandari,5812,Restaurant,Sole Proprietor,Ludhiana,Punjab,2023-12-30,,Active,1203.0
REC103590,MCH3281,Thakur-Gade,5912,Pharmacy,Sole Proprietor,Delhi,Delhi,,XXXX4216,Closed,432.42
REC103591,MCH6843,Gupta Group,5942,Books & Stationery,Sole Proprietor,Jaipur,Rajasthan,,WRES2664733004628,Active,825.48
REC103592,MCH3093,Keer Inc,4814,Telecom,Individual,Jalandhar,Punjab,,5623610175,Inactive,
REC103593,MCH8879,Raju and Sons,5912,Pharmacy,Sole Proprietor,Lucknow,Uttar Pradesh,2023-08-30,,Active,906.0
REC103594,MCH4994,"Uppal, Bawa and Gera",5812,Restaurant,Sole Proprietor,Delhi,Delhi,2023-04-21,,Active,1710.0
REC103595,MCH4322,Patla PLC,4814,Telecom,Private Limited,Pune,Maharashtra,2025-10-17,XXXX9948,Active,274.0
REC103596,MCH1865,Chandra-Pandey,5942,Books & Stationery,Individual,Pune,Maharashtra,2025-11-15,,Active,3847.74
REC103597,MCH6213,Sangha LLC,5999,Miscellaneous Retail,Private Limited,Delhi,Delhi,2025-12-03,,Active,722.0
REC103598,MCH5518,Bhalla-Chaudhuri,5812,Restaurant,Individual,Lucknow,Uttar Pradesh,2025-04-19,,Active,1038.42
REC103599,MCH5484,Vasa PLC,7011,Hotel/Lodging,Individual,Lucknow,Uttar Pradesh,2023-06-01,KFFT4078081558704,Active,
REC103600,MCH1591,Ramaswamy-Babu,5311,Department Store,Partnership,Amritsar,Punjab,2024-04-18,,Active,1638.46
REC103601,MCH4273,Bava Group,5999,Miscellaneous Retail,Private Limited,Ludhiana,Punjab,2024-12-28,OCKK9490643242644,Inactive,2773.64
REC103602,MCH4101,"Sani, Ben and Subramaniam",5311,Department Store,Private Limited,Pune,Maharashtra,2025-10-20,XXXX9217,Active,1377.51
REC103603,MCH6102,"Hayre, Peri and Sura",7011,Hotel/Lodging,Private Limited,Ludhiana,Punjab,2024-01-26,FLWX5559304020457,Active,
REC103604,MCH5160,Subramanian Inc,7011,Hotel/Lodging,Partnership,Amritsar,Punjab,2025-11-17,,Active,1435.76
REC103605,MCH1101,Seshadri-Rajagopalan,4814,Telecom,Individual,Kolkata,West Bengal,2023-06-28,,Inactive,3516.26
REC103606,MCH7517,"Banik, Kamdar and Dada",5699,Apparel,Individual,Amritsar,Punjab,2025-07-20,YYXV9001319720217,Active,2046.69
REC103607,MCH6187,"Shanker, Sastry and Rattan",4131,Transportation,Individual,Delhi,Delhi,2025-11-17,,Active,327.19
REC103608,MCH8614,Singhal Group,5912,Pharmacy,Sole Proprietor,Bengaluru,Karnataka,2025-03-27,XXXX4582,Active,4570.35
REC103609,MCH6390,Barman PLC,5912,Pharmacy,Individual,Kolkata,West Bengal,2023-11-24,XXXX9714,Active,
REC103610,MCH4835,Hari Inc,5912,Pharmacy,Individual,Hyderabad,Telangana,2024-06-10,XXXX3222,Active,348.86
REC103611,MCH2731,Krishna-Kumar,5311,Department Store,Private Limited,Ludhiana,Punjab,2025-12-18,XXXX8549,Active,1031.53
REC103612,MCH5040,Lala-Pandit,5411,Grocery Store,Individual,Kolkata,West Bengal,,,Active,709.71
REC103613,MCH4086,"Kannan, Varghese and Lalla",5311,Department Store,Private Limited,Mumbai,Maharashtra,2024-12-08,0493830742,Active,1459.96
REC103614,MCH1033,Sidhu and Sons,4814,Telecom,Individual,Jalandhar,Punjab,2023-09-11,WXKC0706100279623,Active,1871.48
REC103615,MCH6360,"Desai, Shroff and Goel",7011,Hotel/Lodging,Private Limited,Jalandhar,Punjab,2025-11-11,7990572488,Inactive,635.23
REC103616,MCH7514,Ahuja-Bobal,5311,Department Store,Sole Proprietor,Lucknow,Uttar Pradesh,2024-04-19,,Active,1943.52
REC103617,MCH1193,"Padmanabhan, Sekhon and Dhawan",5812,Restaurant,Partnership,Lucknow,Uttar Pradesh,2025-01-16,,Active,1712.05
REC103618,MCH1154,"Oommen, Tata and Randhawa",7011,Hotel/Lodging,Partnership,Kolkata,West Bengal,2025-04-18,RBFJ6015227406897,Active,655.3
REC103619,MCH6256,Manda Inc,5912,Pharmacy,Partnership,Ludhiana,Punjab,2024-09-27,,Active,574.96
REC103620,MCH8337,Padmanabhan-Nanda,5999,Miscellaneous Retail,Individual,Bengaluru,Karnataka,2024-08-20,OIGZ3615629643358,Active,694.67
REC103621,MCH9797,"Basu, Kota and Hora",7011,Hotel/Lodging,Individual,Jaipur,Rajasthan,,,Active,3455.43
REC103622,MCH8939,"Dhawan, Kamdar and Dalal",5812,Restaurant,Individual,Bengaluru,Karnataka,2023-01-06,0807622113,Active,729.0
REC103623,MCH6112,Luthra-Grover,5942,Books & Stationery,Partnership,Jaipur,Rajasthan,2024-06-22,,Active,1366.0
REC103624,MCH8308,"Ganguly, Raj and Keer",4814,Telecom,Individual,Amritsar,Punjab,2023-04-02,5508076719,Active,3204.8
REC103625,MCH6493,"Subramaniam, Prashad and Parmer",4131,Transportation,Sole Proprietor,Mumbai,Maharashtra,2025-04-13,XXXX8820,Inactive,
REC103626,MCH2825,Kulkarni Inc,4814,Telecom,Individual,Ludhiana,Punjab,2023-07-18,QGWN3520325181186,Active,1291.01
REC103627,MCH2404,Mutti-Seshadri,5411,Grocery Store,Individual,Ludhiana,Punjab,2026-01-13,,Active,233.4
REC103628,MCH7912,Som-Mistry,5999,Miscellaneous Retail,Partnership,Jaipur,Rajasthan,2025-08-29,,Active,
REC103629,MCH4674,Sachar-Loke,5699,Apparel,Private Limited,Jalandhar,Punjab,,,Active,1222.52
REC103630,MCH3705,Vig Ltd,5942,Books & Stationery,Individual,Chennai,Tamil Nadu,,,Active,1102.78
REC103631,MCH3637,"Lalla, Deep and Sama",5699,Apparel,Individual,Pune,Maharashtra,2023-05-27,GKWZ9818461335290,Active,560.03
REC103632,MCH8553,Kumar and Sons,5411,Grocery Store,Partnership,Jalandhar,Punjab,2025-11-15,,Active,1412.27
REC103633,MCH1071,Shankar Group,7011,Hotel/Lodging,Individual,Mumbai,Maharashtra,2024-06-23,6765564160,Active,
REC103634,MCH7862,Pandit-Ratti,5912,Pharmacy,Individual,Amritsar,Punjab,2023-04-23,,Active,558.23
REC103635,MCH7965,Magar-Kant,5311,Department Store,Sole Proprietor,Pune,Maharashtra,2024-05-13,XXXX3832,Active,567.32
REC103636,MCH3269,Kara-Ramaswamy,5812,Restaurant,Partnership,Pune,Maharashtra,2023-12-07,,Active,1481.0
REC103637,MCH2501,Ravel Inc,5912,Pharmacy,Partnership,Ludhiana,Punjab,2024-08-13,XXXX9432,Active,2494.94
REC103638,MCH5502,Kaul-Nayar,5912,Pharmacy,Sole Proprietor,Chennai,Tamil Nadu,2024-10-18,0267393457,Active,716.0
REC103639,MCH3983,Behl-Viswanathan,5411,Grocery Store,Partnership,Ludhiana,Punjab,2024-04-23,PHDB4189535389714,Active,1037.83
REC103640,MCH3610,Khanna-Goswami,4814,Telecom,Sole Proprietor,Amritsar,Punjab,2023-07-11,,Active,940.6
REC103641,MCH8607,Sachdeva-Dutta,4814,Telecom,Partnership,Jalandhar,Punjab,2026-02-16,HBCE1328673504211,Active,699.07
REC103642,MCH7900,Lala-Kashyap,5912,Pharmacy,Individual,Chennai,Tamil Nadu,2024-06-01,DYCG4683635893934,Active,1298.0
REC103643,MCH3259,Bajaj-Mann,4131,Transportation,Individual,Amritsar,Punjab,2024-05-09,VUFB9274060732272,Active,426.0
REC103644,MCH1697,Sodhi-Ramakrishnan,4814,Telecom,Private Limited,Lucknow,Uttar Pradesh,2023-04-13,QYQC0323724202438,Suspended,1234.06
REC103645,MCH5825,Bhardwaj-Sachdeva,5942,Books & Stationery,Partnership,Bengaluru,Karnataka,2024-05-17,,Active,
REC103646,MCH8159,"Gade, Gala and Bhatti",5812,Restaurant,Individual,Jaipur,Rajasthan,2024-01-31,,Active,1186.29
REC103647,MCH9193,Ramachandran-Rao,5699,Apparel,Individual,Bengaluru,Karnataka,2024-04-07,XXXX3147,Active,1693.53
REC103648,MCH8832,Gour Ltd,5942,Books & Stationery,Individual,Pune,Maharashtra,2024-10-19,9524602047,Active,
REC103649,MCH9637,Handa-Basu,5699,Apparel,Partnership,Pune,Maharashtra,2025-09-17,,Active,515.71
REC103650,MCH8698,"Boase, Bal and Mand",5311,Department Store,Private Limited,Kolkata,West Bengal,2025-06-13,,Active,3054.52
REC103651,MCH7383,"Srivastava, Venkataraman and Roy",5699,Apparel,Individual,Chennai,Tamil Nadu,2023-10-07,,Active,241.13
REC103652,MCH6372,Goda and Sons,5699,Apparel,Individual,Chennai,Tamil Nadu,2024-05-14,WEUJ5834386997769,Active,515.6
REC103653,MCH5129,"Kant, Chaudhari and Sarna",4131,Transportation,Sole Proprietor,Chennai,Tamil Nadu,2025-07-19,QYZU2715177783366,Active,4873.16
REC103654,MCH5293,Varma Inc,4131,Transportation,Individual,Bengaluru,Karnataka,2025-12-26,LBEZ4327128100737,Active,
REC103655,MCH2436,"Bhagat, Amble and Dixit",4131,Transportation,Individual,Lucknow,Uttar Pradesh,2024-07-27,XXXX8612,Active,2085.74
REC103656,MCH4965,"Shukla, Brahmbhatt and Natarajan",5699,Apparel,Individual,Pune,Maharashtra,2024-11-20,3036734144,Active,168.46
REC103657,MCH8974,"Kota, Varty and Mangal",7011,Hotel/Lodging,Individual,Jaipur,Rajasthan,2024-06-27,,Active,1353.93
REC103658,MCH8996,Bala-Bhalla,5999,Miscellaneous Retail,Private Limited,Lucknow,Uttar Pradesh,2025-08-18,,Active,1146.92
REC103659,MCH9732,"Srinivasan, Edwin and Rattan",4131,Transportation,Sole Proprietor,Amritsar,Punjab,2025-04-19,,Active,3076.5
REC103660,MCH2384,"Savant, Kant and Chokshi",5699,Apparel,Partnership,Chennai,Tamil Nadu,2024-02-05,,Suspended,1196.0
REC103661,MCH6877,Jain PLC,5699,Apparel,Partnership,Delhi,Delhi,2023-11-23,,Active,3249.89
REC103662,MCH5762,Dyal-Loke,5812,Restaurant,Individual,Kolkata,West Bengal,2023-06-29,,Active,5081.8
REC103663,MCH6828,Warrior-Bhardwaj,4814,Telecom,Partnership,Lucknow,Uttar Pradesh,2023-06-01,NTMS5038197940684,Active,2500.44
REC103664,MCH8370,Tandon-Khosla,4131,Transportation,Partnership,Hyderabad,Telangana,2024-09-15,2595692413,Active,574.0
REC103665,MCH5559,Grewal-Mohanty,5999,Miscellaneous Retail,Private Limited,Jalandhar,Punjab,2024-04-23,,Active,1466.58
REC103666,MCH4027,"Hegde, Ratti and Gera",5411,Grocery Store,Private Limited,Hyderabad,Telangana,2025-02-08,,Active,
REC103667,MCH8261,"Sridhar, Manda and Arora",5812,Restaurant,Sole Proprietor,Jaipur,Rajasthan,2023-12-02,,Suspended,8032.44
REC103668,MCH5874,Pathak Group,4814,Telecom,Individual,Jalandhar,Punjab,2025-03-16,,Inactive,814.38
REC103669,MCH9481,Kata LLC,4814,Telecom,Partnership,Amritsar,Punjab,2025-11-25,,Active,1054.88
REC103670,MCH4677,"Sethi, Bora and Karpe",5942,Books & Stationery,Individual,Pune,Maharashtra,,,Disabled,5089.5
REC103671,MCH9258,Edwin Inc,5942,Books & Stationery,Partnership,Lucknow,Uttar Pradesh,2024-09-26,0028974564,Active,1647.77
REC103672,MCH2825,Koshy-Gola,5812,Restaurant,Partnership,Bengaluru,Karnataka,2025-09-25,YLMF2374015161502,Active,
REC103673,MCH2474,"Setty, Reddy and Singh",5912,Pharmacy,Sole Proprietor,Kolkata,West Bengal,2023-12-11,XXXX1604,Active,3043.1
REC103674,MCH1533,Wason and Sons,5812,Restaurant,Partnership,Amritsar,Punjab,2025-03-27,,Inactive,419.64
REC103675,MCH9112,Saini-Sinha,5699,Apparel,Private Limited,Pune,Maharashtra,2024-08-03,,Active,1129.73
REC103676,MCH2096,"Taneja, Basu and Bal",4814,Telecom,Private Limited,Pune,Maharashtra,2024-09-28,6426260442,Active,1660.3
REC103677,MCH1718,Wason-Vaidya,5311,Department Store,Private Limited,Jalandhar,Punjab,2025-04-04,,Inactive,705.66
REC103678,MCH7524,"Sarna, Mital and Deo",7011,Hotel/Lodging,Private Limited,Bengaluru,Karnataka,2025-07-13,XXXX6292,Active,1847.0
REC103679,MCH9147,Bedi-Dugar,5912,Pharmacy,Sole Proprietor,Bengaluru,Karnataka,2024-05-31,,Active,1264.98
REC103680,MCH9642,Sarin Group,4814,Telecom,Individual,Mumbai,Maharashtra,2025-10-09,LEVP3171266345624,Active,11510.93
REC103681,MCH6776,Hari-Tak,4131,Transportation,Sole Proprietor,Jalandhar,Punjab,2025-05-25,MRFF6144887569600,Inactive,1189.41
REC103682,MCH7803,Mukherjee-Sha,4814,Telecom,Private Limited,Jaipur,Rajasthan,2023-02-16,7883892457,Active,763.0
REC103683,MCH2973,"Bhargava, Dani and Krishnamurthy",4131,Transportation,Partnership,Ludhiana,Punjab,2023-08-30,,Active,3748.31
REC103684,MCH2293,"Pandit, Bhavsar and Barman",4814,Telecom,Private Limited,Pune,Maharashtra,2023-03-20,,Active,792.61
REC103685,MCH6645,Buch LLC,4131,Transportation,Private Limited,Amritsar,Punjab,2024-09-25,,Active,102.32
REC103686,MCH3941,"Khanna, Sama and Korpal",5999,Miscellaneous Retail,Sole Proprietor,Pune,Maharashtra,,,Active,1016.43
REC103687,MCH2419,Suri Ltd,5999,Miscellaneous Retail,Individual,Mumbai,Maharashtra,2024-02-05,2248391109,Active,
REC103688,MCH8762,Dani-Saha,4131,Transportation,Partnership,Kolkata,West Bengal,,,Active,778.15
REC103689,MCH7428,Ch and Inc,5699,Apparel,Individual,Bengaluru,Karnataka,2025-10-11,XXXX8001,Active,1254.86
REC103690,MCH7784,Dayal PLC,4814,Telecom,Partnership,Pune,Maharashtra,2024-09-23,XXXX9570,Active,
REC103691,MCH1917,"Chowdhury, Krishna and Rajagopal",5699,Apparel,Sole Proprietor,Amritsar,Punjab,2024-10-20,,Suspended,909.84
REC103692,MCH5641,Thaker and Sons,4131,Transportation,Partnership,Chennai,Tamil Nadu,2024-02-20,4665430270,Active,1143.48
REC103693,MCH7192,Subramaniam and Sons,5942,Books & Stationery,Private Limited,Delhi,Delhi,2025-09-20,,Active,2702.97
REC103694,MCH6904,Dixit-Mallick,7011,Hotel/Lodging,Sole Proprietor,Hyderabad,Telangana,2023-03-25,UXIZ6468526873602,Inactive,402.95
REC103695,MCH4043,Choudhry and Sons,5912,Pharmacy,Private Limited,Bengaluru,Karnataka,2024-02-05,XXXX3422,Active,367.6
REC103696,MCH7661,Brahmbhatt and Sons,5699,Apparel,Individual,Jaipur,Rajasthan,2024-02-13,,Active,825.29
REC103697,MCH1845,Goel Inc,4131,Transportation,Private Limited,Delhi,Delhi,2023-10-17,6579207527,Active,1675.96
REC103698,MCH1459,"Palla, Saini and Date",7011,Hotel/Lodging,Individual,Ludhiana,Punjab,2024-02-20,,Suspended,1582.79
REC103699,MCH1611,Karan-Kibe,5411,Grocery Store,Sole Proprietor,Jalandhar,Punjab,2024-03-06,,Active,343.64
REC103700,MCH2844,Misra-Seth,4131,Transportation,Individual,Amritsar,Punjab,2023-05-24,XXXX4860,Active,162.5
REC103701,MCH1101,Ramaswamy-Prabhakar,5912,Pharmacy,Sole Proprietor,Chennai,Tamil Nadu,2025-06-02,,Active,8687.0
REC103702,MCH4250,"Subramaniam, Datta and Patel",5411,Grocery Store,Partnership,Kolkata,West Bengal,2023-06-07,,Active,1320.67
REC103703,MCH5558,"Rao, Sidhu and Barad",7011,Hotel/Lodging,Partnership,Amritsar,Punjab,2024-09-14,,Active,626.0
REC103704,MCH2767,"Patel, Jhaveri and Dugar",4814,Telecom,Private Limited,Jalandhar,Punjab,2025-06-16,,Active,1222.94
REC103705,MCH6681,Baria PLC,4131,Transportation,Individual,Delhi,Delhi,2026-02-17,0443076547,Inactive,1343.0
REC103706,MCH1709,Sachdeva-Khanna,5999,Miscellaneous Retail,Partnership,Chennai,Tamil Nadu,2023-08-25,XXXX5946,Active,481.17
REC103707,MCH1610,Sodhi-Parekh,5411,Grocery Store,Partnership,Amritsar,Punjab,,XXXX7277,Active,1488.13
REC103708,MCH5918,Bora-Rege,5699,Apparel,Partnership,Pune,Maharashtra,2024-09-23,USII8978521648386,Active,
REC103709,MCH6812,"Gade, Badami and Choudhary",4814,Telecom,Sole Proprietor,Amritsar,Punjab,2023-12-21,,Active,
REC103710,MCH7290,"Subramanian, Borde and Balakrishnan",5699,Apparel,Individual,Lucknow,Uttar Pradesh,2023-03-17,IRWT0239440992204,Active,2695.0
REC103711,MCH7981,"Singhal, Manne and Ray",5699,Apparel,Private Limited,Jalandhar,Punjab,2023-11-02,IOCQ7344534204502,Active,234.87
REC103712,MCH9121,Divan-Char,5942,Books & Stationery,Partnership,Amritsar,Punjab,2025-02-18,YDYC9354203967320,Inactive,
REC103713,MCH3806,Thakkar-Kara,5942,Books & Stationery,Sole Proprietor,Jaipur,Rajasthan,2024-09-06,SOII5443407300788,Active,2156.0
REC103714,MCH6568,Minhas PLC,7011,Hotel/Lodging,Sole Proprietor,Amritsar,Punjab,2024-04-10,8442730412,Active,1486.0
REC103715,MCH1894,Tara-Gupta,5812,Restaurant,Individual,Hyderabad,Telangana,2024-11-27,,Closed,2112.0
REC103716,MCH8050,Bora-Oommen,5311,Department Store,Individual,Jalandhar,Punjab,2023-12-16,YBIM5056880883544,Active,587.46
REC103717,MCH8470,"Garg, Suri and Sagar",5699,Apparel,Individual,Ludhiana,Punjab,2023-11-19,,Active,
REC103718,MCH5833,Deep and Sons,5411,Grocery Store,Partnership,Jaipur,Rajasthan,2024-04-04,,Active,4335.22
REC103719,MCH1497,Lanka PLC,5912,Pharmacy,Private Limited,Amritsar,Punjab,2025-09-24,,Active,1817.0
REC103720,MCH5705,"Palan, Bhargava and Jaggi",4131,Transportation,Individual,Lucknow,Uttar Pradesh,2026-02-05,,Active,1360.45
REC103721,MCH9147,Borde Group,5942,Books & Stationery,Sole Proprietor,Chennai,Tamil Nadu,,,Active,193.0
REC103722,MCH7912,"Raju, Bhakta and Kaul",5942,Books & Stationery,Partnership,Jaipur,Rajasthan,2024-10-13,,Active,1561.88
REC103723,MCH8416,"Bal, Kant and Gola",5411,Grocery Store,Private Limited,Chennai,Tamil Nadu,2025-03-31,XXXX9605,Active,5069.39
REC103724,MCH4129,"Lad, Raja and Sachdev",7011,Hotel/Lodging,Partnership,Mumbai,Maharashtra,2023-11-09,0929537946,Active,954.07
REC103725,MCH9027,"Dani, Soni and Nagy",7011,Hotel/Lodging,Partnership,Jalandhar,Punjab,2023-10-26,XXXX0115,Active,
REC103726,MCH7574,Loke Ltd,5311,Department Store,Sole Proprietor,Kolkata,West Bengal,,XXXX9656,Active,
REC103727,MCH9234,"Jhaveri, Chandran and Shukla",7011,Hotel/Lodging,Partnership,Lucknow,Uttar Pradesh,2024-07-26,XXXX3221,Inactive,762.04
REC103728,MCH6113,Tara-Kala,5699,Apparel,Private Limited,Amritsar,Punjab,,,Active,915.2
REC103729,MCH5586,Andra-Sha,5699,Apparel,Private Limited,Amritsar,Punjab,2023-07-03,4565854983,Suspended,
REC103730,MCH4782,Salvi-Comar,7011,Hotel/Lodging,Sole Proprietor,Jalandhar,Punjab,2025-07-13,XXXX1728,Active,876.5
REC103731,MCH1518,Saini-Gole,5999,Miscellaneous Retail,Private Limited,Jalandhar,Punjab,2023-07-08,,Active,957.31
REC103732,MCH8566,Magar-Kota,4131,Transportation,Partnership,Amritsar,Punjab,2026-01-03,,Active,1353.18
REC103733,MCH8890,Halder Inc,7011,Hotel/Lodging,Private Limited,Lucknow,Uttar Pradesh,2026-01-15,XXXX3843,Blocked,2352.14
REC103734,MCH6586,Pandya PLC,5999,Miscellaneous Retail,Individual,Bengaluru,Karnataka,2024-04-29,ADLW1268933500473,Active,520.0
REC103735,MCH4212,Raman-Kohli,5411,Grocery Store,Partnership,Ludhiana,Punjab,2024-10-27,AIWO1178745904405,Active,3361.0
REC103736,MCH5602,Kaul PLC,5411,Grocery Store,Private Limited,Hyderabad,Telangana,2023-05-17,2312889197,Inactive,469.06
REC103737,MCH8291,Walia Inc,7011,Hotel/Lodging,Private Limited,Ludhiana,Punjab,2023-01-04,,Active,1898.37
REC103738,MCH3545,"Chacko, Oza and Jaggi",7011,Hotel/Lodging,Sole Proprietor,Hyderabad,Telangana,2023-09-30,,Active,867.82
REC103739,MCH3889,Upadhyay-Chaudhry,4131,Transportation,Individual,Ludhiana,Punjab,2026-01-16,5975404049,Active,
REC103740,MCH5413,"Koshy, Batra and Kohli",5311,Department Store,Sole Proprietor,Lucknow,Uttar Pradesh,2023-09-04,,Active,608.0
REC103741,MCH7533,"Boase, Krishnan and Tiwari",5699,Apparel,Partnership,Lucknow,Uttar Pradesh,2025-04-06,YYIV1816207811981,Active,1221.0
REC103742,MCH3412,Tak and Sons,7011,Hotel/Lodging,Sole Proprietor,Jaipur,Rajasthan,2024-10-31,XXXX3873,Active,4884.39
REC103743,MCH1095,Mander Group,4814,Telecom,Partnership,Kolkata,West Bengal,2023-01-30,XXXX5510,Active,1277.94
REC103744,MCH5775,Aurora-Dhillon,4131,Transportation,Individual,Bengaluru,Karnataka,2024-01-15,,Inactive,470.32
REC103745,MCH2492,"Dhawan, Salvi and Dara",5812,Restaurant,Partnership,Lucknow,Uttar Pradesh,2025-08-07,XXXX8560,Inactive,3500.9
REC103746,MCH6890,Pandit-Narasimhan,7011,Hotel/Lodging,Private Limited,Kolkata,West Bengal,2024-04-21,XXXX8046,Inactive,525.87
REC103747,MCH9038,Naidu Group,4131,Transportation,Private Limited,Mumbai,Maharashtra,2024-12-07,,Active,225.16
REC103748,MCH1010,Menon-Andra,5411,Grocery Store,Private Limited,Delhi,Delhi,2024-11-17,XXXX4837,Active,678.36
REC103749,MCH9133,"Rai, Nadig and Karpe",4131,Transportation,Private Limited,Ludhiana,Punjab,2025-03-09,,Active,
REC103750,MCH9363,Mannan Group,4131,Transportation,Private Limited,Mumbai,Maharashtra,2024-07-29,,Active,
REC103751,MCH9035,Merchant PLC,5411,Grocery Store,Private Limited,Jaipur,Rajasthan,2023-02-04,UCPE5658691269773,Active,
REC103752,MCH5642,Swaminathan-Ratti,7011,Hotel/Lodging,Sole Proprietor,Bengaluru,Karnataka,2024-09-16,,Active,1651.14
REC103753,MCH2695,Patil Inc,5411,Grocery Store,Partnership,Pune,Maharashtra,2024-06-26,9565066028,Active,792.09
REC103754,MCH8792,Chopra-Nori,5699,Apparel,Private Limited,Lucknow,Uttar Pradesh,2025-01-09,XXXX7970,Active,
REC103755,MCH7281,Kalita-Mistry,4814,Telecom,Private Limited,Hyderabad,Telangana,2024-11-24,XXXX5201,Inactive,2941.71
REC103756,MCH4952,"Anne, Choudhry and Bhattacharyya",5812,Restaurant,Individual,Delhi,Delhi,,XAPW5259361506192,Active,4302.0
REC103757,MCH9739,"Gupta, Bhatia and Dhillon",4131,Transportation,Private Limited,Jaipur,Rajasthan,2025-03-20,,Active,
REC103758,MCH1268,Vyas Ltd,5311,Department Store,Individual,Amritsar,Punjab,2023-06-28,,Active,
REC103759,MCH8242,Choudhary-Pall,7011,Hotel/Lodging,Private Limited,Ludhiana,Punjab,2023-06-27,XXXX7286,Active,607.04
REC103760,MCH5233,Raghavan-Mall,4814,Telecom,Partnership,Bengaluru,Karnataka,2026-02-11,,Active,3087.5
REC103761,MCH2131,Boase-Varghese,5699,Apparel,Sole Proprietor,Pune,Maharashtra,2025-03-29,,Active,2157.11
REC103762,MCH1917,"Bera, Bhakta and Dhillon",5942,Books & Stationery,Sole Proprietor,Mumbai,Maharashtra,2023-08-06,9839969668,Active,293.0
REC103763,MCH1377,Sinha-Gaba,5411,Grocery Store,Private Limited,Pune,Maharashtra,2025-12-04,YBUL0961027329909,Inactive,1471.43
REC103764,MCH4842,Lall-Bakshi,7011,Hotel/Lodging,Sole Proprietor,Jaipur,Rajasthan,2023-04-11,,Active,346.23
REC103765,MCH5911,Chacko-Kota,5311,Department Store,Partnership,Hyderabad,Telangana,2023-09-07,,Active,797.25
REC103766,MCH5678,Kumar and Sons,5311,Department Store,Private Limited,Jaipur,Rajasthan,2024-03-25,JJQM4342551832633,Active,6122.0
REC103767,MCH1944,Morar Ltd,5812,Restaurant,Individual,Pune,Maharashtra,2023-04-23,XXXX8672,Active,1207.98
REC103768,MCH5497,Dayal and Sons,5999,Miscellaneous Retail,Private Limited,Delhi,Delhi,2024-04-28,XXXX0595,Active,1767.24
REC103769,MCH4002,"Bora, Kant and Chauhan",5411,Grocery Store,Individual,Bengaluru,Karnataka,2023-06-16,7171127147,Active,
REC103770,MCH6903,Lata-Raja,4131,Transportation,Sole Proprietor,Pune,Maharashtra,2023-06-08,XXXX0937,Active,2296.0
REC103771,MCH6137,"Saxena, Aggarwal and Sem",5812,Restaurant,Individual,Hyderabad,Telangana,,3824594690,Active,421.31
REC103772,MCH6147,Singhal-Murthy,4131,Transportation,Partnership,Mumbai,Maharashtra,2023-01-06,,Active,
REC103773,MCH9325,"Patel, Parikh and Kaul",4814,Telecom,Private Limited,Lucknow,Uttar Pradesh,2023-03-13,9323786200,Active,1538.45
REC103774,MCH6795,"Hans, Majumdar and Mangat",5999,Miscellaneous Retail,Individual,Hyderabad,Telangana,2023-06-05,,Active,1573.9
REC103775,MCH7986,Pathak Inc,5999,Miscellaneous Retail,Individual,Chennai,Tamil Nadu,2024-05-30,,Inactive,1602.91
REC103776,MCH5740,Dayal-Desai,5699,Apparel,Sole Proprietor,Chennai,Tamil Nadu,2025-04-10,,Active,4887.0
REC103777,MCH2902,Karpe LLC,5912,Pharmacy,Private Limited,Jaipur,Rajasthan,2023-07-25,JHGQ1740219623528,Active,1088.17
REC103778,MCH6683,Konda-Nagar,4814,Telecom,Individual,Ludhiana,Punjab,2025-09-20,,Active,4740.89
REC103779,MCH2755,Wason and Sons,5699,Apparel,Partnership,Bengaluru,Karnataka,,,Active,
REC103780,MCH6400,Sem-Keer,5411,Grocery Store,Partnership,Ludhiana,Punjab,2025-12-21,4217077300,Active,13683.2
REC103781,MCH8951,Golla-Venkataraman,4814,Telecom,Individual,Mumbai,Maharashtra,2023-09-02,2811788004,Active,436.83
REC103782,MCH8157,Lall-Char,5942,Books & Stationery,Private Limited,Jalandhar,Punjab,2023-07-08,CLWX6992397328584,Active,3861.94
REC103783,MCH7810,Bail Inc,5942,Books & Stationery,Sole Proprietor,Ludhiana,Punjab,2025-01-25,9018773100,Closed,
REC103784,MCH7044,Chanda-Gaba,5812,Restaurant,Private Limited,Bengaluru,Karnataka,2023-06-04,SOPQ0539518853543,Active,402.62
REC103785,MCH5573,"Guha, Dayal and Mutti",5411,Grocery Store,Sole Proprietor,Chennai,Tamil Nadu,,XXXX9546,Active,2684.58
REC103786,MCH2764,"Yogi, Jani and Choudhry",4814,Telecom,Individual,Ludhiana,Punjab,2024-04-19,3163531350,Active,516.18
REC103787,MCH8436,"Seshadri, Minhas and Subramanian",4814,Telecom,Individual,Delhi,Delhi,2025-12-21,XXXX8739,Active,1427.93
REC103788,MCH6369,"Chaudhry, Batra and Rama",4131,Transportation,Partnership,Jalandhar,Punjab,2024-04-15,3514628122,Disabled,612.29
REC103789,MCH5934,"Bandi, Devi and Gulati",4131,Transportation,Individual,Chennai,Tamil Nadu,2023-08-08,,Active,306.36
REC103790,MCH1326,"Chaudhry, Agrawal and Sridhar",5942,Books & Stationery,Sole Proprietor,Bengaluru,Karnataka,2024-05-20,ZQNQ7613300121760,Active,177.58
REC103791,MCH9048,Sastry-Prakash,5812,Restaurant,Private Limited,Pune,Maharashtra,2023-02-01,,Suspended,469.83
REC103792,MCH9844,Menon and Sons,4131,Transportation,Sole Proprietor,Mumbai,Maharashtra,2024-04-14,,Active,1083.0
REC103793,MCH3911,"Majumdar, Sane and Raval",5812,Restaurant,Sole Proprietor,Pune,Maharashtra,2025-09-05,2993218520,Hold,2093.32
REC103794,MCH7164,Lata-Parmar,5812,Restaurant,Individual,Chennai,Tamil Nadu,2023-11-18,8876915291,Active,
REC103795,MCH6548,"Nayak, Kannan and Chatterjee",5999,Miscellaneous Retail,Private Limited,Jaipur,Rajasthan,2025-07-28,,Active,2065.28
REC103796,MCH1908,Tara-Babu,5942,Books & Stationery,Sole Proprietor,Chennai,Tamil Nadu,2023-12-13,,Active,4659.0
REC103797,MCH2444,Barman-Prakash,5999,Miscellaneous Retail,Individual,Chennai,Tamil Nadu,,,Active,
REC103798,MCH9151,Ravi Ltd,4131,Transportation,Partnership,Jalandhar,Punjab,2025-06-26,,Inactive,779.12
REC103799,MCH8555,Gopal LLC,5942,Books & Stationery,Private Limited,Chennai,Tamil Nadu,2025-06-13,3381139283,Active,
REC103800,MCH2289,Sinha-Purohit,5699,Apparel,Sole Proprietor,Lucknow,Uttar Pradesh,,4542627557,Suspended,2284.55
REC103801,MCH8283,Nagar Group,4814,Telecom,Partnership,Kolkata,West Bengal,2026-02-08,,Active,1032.5
REC103802,MCH7919,Nadkarni Group,5912,Pharmacy,Private Limited,Mumbai,Maharashtra,2023-05-22,,Active,
REC103803,MCH8496,Sandhu PLC,5942,Books & Stationery,Partnership,Hyderabad,Telangana,2025-01-10,PCDO3725942171870,Inactive,
REC103804,MCH6843,"Thakkar, Date and Balasubramanian",5699,Apparel,Individual,Mumbai,Maharashtra,2024-06-19,CATP2399171338860,Active,2750.74
REC103805,MCH1335,"Wagle, Kamdar and Mallick",7011,Hotel/Lodging,Sole Proprietor,Mumbai,Maharashtra,2024-03-05,OQHA9321120180853,Suspended,398.0
REC103806,MCH4531,Bail-Ramachandran,4814,Telecom,Private Limited,Jaipur,Rajasthan,2025-05-11,XXXX9300,Active,597.69
REC103807,MCH3351,"Loke, Narasimhan and Gandhi",5912,Pharmacy,Partnership,Amritsar,Punjab,2023-06-22,,Suspended,1029.99
REC103808,MCH8425,"Bhatnagar, Comar and Hans",7011,Hotel/Lodging,Individual,Jalandhar,Punjab,2025-06-12,NAVX0262232106872,Active,637.53
REC103809,MCH4913,Baral-Bhattacharyya,4131,Transportation,Individual,Amritsar,Punjab,2023-05-19,MXBT0588021899874,Disabled,697.03
REC103810,MCH1448,Tak and Sons,5999,Miscellaneous Retail,Sole Proprietor,Mumbai,Maharashtra,2024-03-30,XXXX9348,Active,2897.23
REC103811,MCH7013,"Menon, Bahri and Pal",7011,Hotel/Lodging,Partnership,Lucknow,Uttar Pradesh,2024-02-23,YKID8300912408123,Active,419.34
REC103812,MCH8192,"Oza, Sant and Loke",5411,Grocery Store,Private Limited,Kolkata,West Bengal,2024-05-11,XXXX6524,Closed,408.0
REC103813,MCH4274,Bhat-Tailor,5411,Grocery Store,Private Limited,Ludhiana,Punjab,2025-03-17,0718437905,Inactive,168.98
REC103814,MCH7294,"Kuruvilla, Ahluwalia and Gole",5912,Pharmacy,Partnership,Pune,Maharashtra,2023-06-11,FATQ4333129690113,Active,1573.98
REC103815,MCH4815,"Mohan, Gaba and Banik",4131,Transportation,Sole Proprietor,Jalandhar,Punjab,2025-01-13,,Active,4426.57
REC103816,MCH2624,Pandya Group,5311,Department Store,Individual,Mumbai,Maharashtra,2023-12-09,3278618323,Hold,606.95
REC103817,MCH1558,Shroff-Khanna,4814,Telecom,Partnership,Bengaluru,Karnataka,2023-01-20,,Active,1953.35
REC103818,MCH5631,Chada-Buch,7011,Hotel/Lodging,Sole Proprietor,Lucknow,Uttar Pradesh,2023-03-06,YVOF0855521464981,Blocked,2202.48
REC103819,MCH5587,"Rama, Bail and Garde",5812,Restaurant,Sole Proprietor,Jaipur,Rajasthan,2024-11-26,,Disabled,3401.0
REC103820,MCH4306,"Narula, Hegde and Minhas",5411,Grocery Store,Private Limited,Bengaluru,Karnataka,2025-08-03,,Active,
REC103821,MCH4487,Randhawa-Mallick,5311,Department Store,Individual,Ludhiana,Punjab,2023-08-22,,Active,1290.99
REC103822,MCH9930,Kale LLC,5699,Apparel,Sole Proprietor,Jaipur,Rajasthan,,,Active,1917.92
REC103823,MCH9605,Chokshi LLC,5812,Restaurant,Sole Proprietor,Bengaluru,Karnataka,2026-01-31,,Active,2523.0
REC103824,MCH5042,Narasimhan Ltd,7011,Hotel/Lodging,Private Limited,Pune,Maharashtra,2025-11-03,,Active,
REC103825,MCH1842,"Singh, Dhillon and Garg",4814,Telecom,Partnership,Lucknow,Uttar Pradesh,2024-10-21,6092011664,Inactive,
REC103826,MCH2859,"Doctor, Bir and Lanka",5411,Grocery Store,Private Limited,Hyderabad,Telangana,2025-04-03,,Active,2296.45
REC103827,MCH5129,Dayal-Saran,5912,Pharmacy,Sole Proprietor,Chennai,Tamil Nadu,2024-09-30,1476589127,Active,1504.46
REC103828,MCH3469,Halder-Bains,4814,Telecom,Private Limited,Ludhiana,Punjab,,AHBB0158183764134,Active,943.76
REC103829,MCH3402,"Lala, Loyal and Trivedi",5999,Miscellaneous Retail,Partnership,Pune,Maharashtra,2025-12-14,4812392751,Closed,1152.61
REC103830,MCH5111,Ramachandran Group,5311,Department Store,Private Limited,Ludhiana,Punjab,2026-01-05,9740232667,Active,541.94
REC103831,MCH4413,Bedi-Chanda,4131,Transportation,Private Limited,Chennai,Tamil Nadu,2024-01-16,,Active,3646.52
REC103832,MCH9394,Balay Group,5311,Department Store,Sole Proprietor,Chennai,Tamil Nadu,2023-08-08,,Active,279.0
REC103833,MCH7163,"Chowdhury, Goyal and Pradhan",4131,Transportation,Sole Proprietor,Pune,Maharashtra,2023-08-11,5098805593,Active,
REC103834,MCH8198,Buch-Sengupta,5311,Department Store,Individual,Kolkata,West Bengal,2023-01-18,,Active,2004.67
REC103835,MCH6268,"Yogi, Sachar and Mammen",5411,Grocery Store,Sole Proprietor,Jalandhar,Punjab,2025-11-05,XXXX1380,Active,1773.0
REC103836,MCH1710,"Talwar, Goyal and Dhillon",5812,Restaurant,Partnership,Delhi,Delhi,2025-11-26,,Active,542.31
REC103837,MCH1714,Kalita Group,5699,Apparel,Sole Proprietor,Amritsar,Punjab,2024-03-31,XXXX3148,Active,3974.77
REC103838,MCH5712,Goda-Kashyap,5942,Books & Stationery,Private Limited,Amritsar,Punjab,2025-01-12,ILKC7960163227117,Active,
REC103839,MCH1084,Krishnamurthy Inc,5999,Miscellaneous Retail,Private Limited,Jalandhar,Punjab,2025-04-21,7207827487,Active,4469.21
REC103840,MCH8132,Biswas PLC,5411,Grocery Store,Sole Proprietor,Pune,Maharashtra,2024-11-22,CXST4288098118218,Active,1347.49
REC103841,MCH2723,Mandal PLC,5812,Restaurant,Individual,Ludhiana,Punjab,2023-07-28,1234084041,Active,6532.68
REC103842,MCH6221,Dey-Maharaj,5912,Pharmacy,Private Limited,Ludhiana,Punjab,2026-01-22,8909550882,Inactive,
REC103843,MCH9114,Narayan-Kalita,5699,Apparel,Individual,Bengaluru,Karnataka,2025-03-08,PHUX7313608770713,Active,2471.0
REC103844,MCH3788,Bhargava and Sons,4131,Transportation,Partnership,Bengaluru,Karnataka,2025-12-18,SFPS7075877461991,Active,2495.65
REC103845,MCH3061,Viswanathan Ltd,5942,Books & Stationery,Private Limited,Lucknow,Uttar Pradesh,2025-04-25,,Inactive,574.59
REC103846,MCH2376,"Lata, Krishnamurthy and Lal",5311,Department Store,Partnership,Jalandhar,Punjab,2025-12-05,,Active,113.0
REC103847,MCH8933,Magar Inc,7011,Hotel/Lodging,Sole Proprietor,Lucknow,Uttar Pradesh,2025-03-08,XXXX1861,Active,1568.46
REC103848,MCH3438,Kapur-Mangat,4131,Transportation,Partnership,Hyderabad,Telangana,,XXXX6916,Active,1153.19
REC103849,MCH4040,"Bahri, Solanki and Magar",5311,Department Store,Private Limited,Chennai,Tamil Nadu,2025-01-28,DNQF3989342164675,Active,1173.0
REC103850,MCH9912,"Gade, Bajaj and Zachariah",7011,Hotel/Lodging,Sole Proprietor,Ludhiana,Punjab,2023-02-22,,Active,564.0
REC103851,MCH9846,Mukherjee Ltd,5812,Restaurant,Sole Proprietor,Chennai,Tamil Nadu,2024-09-15,XXXX2201,Active,1799.62
REC103852,MCH3242,"Upadhyay, Dash and Vaidya",5999,Miscellaneous Retail,Partnership,Jaipur,Rajasthan,,,Active,1731.73
REC103853,MCH2701,Bail Ltd,5999,Miscellaneous Retail,Individual,Jaipur,Rajasthan,2025-02-27,JFSQ7616747260509,Active,863.24
REC103854,MCH5371,Tailor Ltd,5311,Department Store,Sole Proprietor,Jalandhar,Punjab,2024-10-08,3819002392,Active,2851.53
REC103855,MCH4324,Choudhury Group,5311,Department Store,Individual,Chennai,Tamil Nadu,2024-11-02,ZMED4163796029617,Active,10680.0
REC103856,MCH9358,Shroff Ltd,5311,Department Store,Sole Proprietor,Kolkata,West Bengal,2023-05-21,RLLU5222765967468,Active,1856.54
REC103857,MCH1352,Mukherjee-Sethi,5812,Restaurant,Sole Proprietor,Pune,Maharashtra,2024-03-19,,Active,
REC103858,MCH8277,"Patil, Goyal and Sarin",5912,Pharmacy,Individual,Amritsar,Punjab,2025-07-04,XXXX6940,Disabled,1542.69
REC103859,MCH4124,Kakar-Prabhu,7011,Hotel/Lodging,Partnership,Jalandhar,Punjab,2023-01-21,DOCW0340939340492,Active,930.0
REC103860,MCH4444,Kara-Murty,5999,Miscellaneous Retail,Partnership,Jaipur,Rajasthan,2023-11-24,SVOB9088353520562,Active,1214.6
REC103861,MCH9041,Kade-Sahota,4131,Transportation,Individual,Pune,Maharashtra,,8030172107,Active,2738.21
REC103862,MCH1288,"Jain, Loke and Zacharia",4131,Transportation,Sole Proprietor,Bengaluru,Karnataka,2023-07-17,XXXX2041,Active,915.81
REC103863,MCH8137,"Sankar, Guha and Kara",5912,Pharmacy,Private Limited,Hyderabad,Telangana,2023-08-20,OYZH8287026186914,Active,425.78
REC103864,MCH1873,Oak-Ramachandran,4814,Telecom,Private Limited,Amritsar,Punjab,2024-05-23,XXXX5817,Active,942.83
REC103865,MCH8928,Deo PLC,4131,Transportation,Partnership,Chennai,Tamil Nadu,2024-10-18,XXXX5889,Active,1547.93
REC103866,MCH2634,"Karnik, Bains and Ratti",5311,Department Store,Individual,Bengaluru,Karnataka,2025-03-20,3474601890,Active,581.71
REC103867,MCH1101,Sethi Ltd,5812,Restaurant,Partnership,Kolkata,West Bengal,2023-08-10,,Active,840.25
REC103868,MCH6409,Wason and Sons,5699,Apparel,Private Limited,Bengaluru,Karnataka,2024-10-07,TVOP0202048560476,Suspended,1111.14
REC103869,MCH1612,Khare-Jha,7011,Hotel/Lodging,Sole Proprietor,Pune,Maharashtra,2024-05-07,XXXX6820,Active,3967.18
REC103870,MCH1567,Bhargava-Bora,5812,Restaurant,Private Limited,Jalandhar,Punjab,2024-12-20,PRCN9599813480981,Active,101.33
REC103871,MCH2928,"Hans, Parmer and Buch",5812,Restaurant,Private Limited,Ludhiana,Punjab,2025-12-04,,Closed,1903.0
REC103872,MCH4746,"Srivastava, Bhattacharyya and Morar",5999,Miscellaneous Retail,Sole Proprietor,Chennai,Tamil Nadu,2025-07-29,,Closed,402.85
REC103873,MCH9729,Prabhakar Ltd,5812,Restaurant,Individual,Bengaluru,Karnataka,2025-12-28,,Active,1127.0
REC103874,MCH5727,"Sandal, Deshmukh and Lata",5699,Apparel,Partnership,Bengaluru,Karnataka,2024-04-21,9631209751,Active,411.34
REC103875,MCH3079,Anne-Sen,5942,Books & Stationery,Individual,Pune,Maharashtra,2025-08-04,,Active,
REC103876,MCH9772,Vyas-Ganguly,5942,Books & Stationery,Partnership,Jalandhar,Punjab,2023-12-25,1012219749,Active,1198.91
REC103877,MCH9045,"Kaul, Sethi and Vaidya",4814,Telecom,Partnership,Bengaluru,Karnataka,,6906668934,Disabled,1488.0
REC103878,MCH7335,Keer-Goyal,5411,Grocery Store,Sole Proprietor,Mumbai,Maharashtra,2025-01-25,XXXX8870,Active,470.18
REC103879,MCH8934,Dubey and Sons,5411,Grocery Store,Sole Proprietor,Bengaluru,Karnataka,2025-09-12,,Inactive,1359.0
REC103880,MCH7574,"Saini, Dubey and Bava",5311,Department Store,Private Limited,Pune,Maharashtra,2024-09-28,,Active,1109.44
REC103881,MCH6095,"Sahota, Misra and Kata",5942,Books & Stationery,Partnership,Hyderabad,Telangana,2024-11-29,,Active,665.0
REC103882,MCH5121,Din-Dar,5812,Restaurant,Individual,Jalandhar,Punjab,,,Active,2367.99
REC103883,MCH4964,Sarkar-Goda,5311,Department Store,Private Limited,Pune,Maharashtra,2025-07-14,,Active,1517.0
REC103884,MCH7729,Keer LLC,5942,Books & Stationery,Private Limited,Mumbai,Maharashtra,,,Active,884.0
REC103885,MCH8741,Venkatesh Group,5411,Grocery Store,Private Limited,Ludhiana,Punjab,2024-08-03,,Active,1511.0
REC103886,MCH6917,"Deshmukh, Parmar and Lad",4814,Telecom,Sole Proprietor,Jaipur,Rajasthan,2023-07-29,KZXC7074900980989,Active,1543.47
REC103887,MCH1214,Patel-Bhatti,5311,Department Store,Individual,Jalandhar,Punjab,2024-10-05,XXXX0366,Active,1829.91
REC103888,MCH1605,Sheth and Sons,4131,Transportation,Sole Proprietor,Mumbai,Maharashtra,,9021316639,Active,1128.85
REC103889,MCH7495,Dhingra and Sons,5999,Miscellaneous Retail,Sole Proprietor,Jalandhar,Punjab,,XXXX0797,Inactive,3168.53
REC103890,MCH8600,Lata-Khurana,5411,Grocery Store,Individual,Jalandhar,Punjab,2023-06-16,5082992374,Active,861.64
REC103891,MCH2618,"Loyal, Nadkarni and Mangal",5942,Books & Stationery,Partnership,Bengaluru,Karnataka,2026-01-27,NZSX7829638547170,Active,816.0
REC103892,MCH8555,Arora PLC,5999,Miscellaneous Retail,Private Limited,Delhi,Delhi,2023-04-15,9465965379,Active,1643.0
REC103893,MCH5683,"Ramesh, Bhalla and Murthy",4131,Transportation,Private Limited,Kolkata,West Bengal,2025-12-02,,Active,3635.0
REC103894,MCH8697,Karnik Ltd,5999,Miscellaneous Retail,Sole Proprietor,Hyderabad,Telangana,2023-01-19,ELBE1390395985700,Active,353.31
REC103895,MCH7540,Solanki Inc,5999,Miscellaneous Retail,Partnership,Jalandhar,Punjab,2024-08-04,XXXX7550,Active,579.73
REC103896,MCH4658,Kapadia Inc,5311,Department Store,Individual,Hyderabad,Telangana,2023-05-21,OORB1075233391671,Active,2693.95
REC103897,MCH2503,Date LLC,4814,Telecom,Private Limited,Jaipur,Rajasthan,2023-08-06,,Active,1656.27
REC103898,MCH1179,Suresh-Ch and,5942,Books & Stationery,Partnership,Chennai,Tamil Nadu,2025-11-19,,Active,
REC103899,MCH5166,Rastogi Ltd,5411,Grocery Store,Individual,Hyderabad,Telangana,2025-11-10,XXXX4606,Active,1432.96
REC103900,MCH2598,Sani Group,5699,Apparel,Partnership,Pune,Maharashtra,2025-11-27,1059212674,Active,489.0
REC103901,MCH7648,"Trivedi, Ramachandran and Keer",5999,Miscellaneous Retail,Private Limited,Hyderabad,Telangana,2024-11-12,7503405109,Suspended,1840.11
REC103902,MCH7105,"Palan, Doctor and Arora",5942,Books & Stationery,Sole Proprietor,Hyderabad,Telangana,2025-04-18,1349306323,Active,969.67
REC103903,MCH1774,Patla-Warrior,5912,Pharmacy,Partnership,Mumbai,Maharashtra,2023-01-02,XREO9787326188727,Active,442.29
REC103904,MCH2772,Rajagopalan-Lal,5699,Apparel,Partnership,Jalandhar,Punjab,2025-05-03,YDTF9778396986125,Suspended,594.07
REC103905,MCH5597,"Shankar, Pandey and Sridhar",5812,Restaurant,Private Limited,Lucknow,Uttar Pradesh,,,Active,380.65
REC103906,MCH4774,Wadhwa PLC,5311,Department Store,Partnership,Jalandhar,Punjab,2026-01-09,4049174087,Active,374.94
REC103907,MCH6731,Wagle-Pau,5812,Restaurant,Private Limited,Amritsar,Punjab,2025-09-26,,Active,2980.89
REC103908,MCH9015,Prashad Inc,5812,Restaurant,Sole Proprietor,Chennai,Tamil Nadu,2025-08-05,ZMCX8700350444666,Active,787.45
REC103909,MCH8727,Vig-Mann,5999,Miscellaneous Retail,Partnership,Delhi,Delhi,,PYLB7387354028266,Active,157.65
REC103910,MCH9968,Kata-Bawa,5311,Department Store,Private Limited,Lucknow,Uttar Pradesh,2025-09-01,,Active,2070.31
REC103911,MCH4250,"Mani, Roy and Manne",4131,Transportation,Private Limited,Bengaluru,Karnataka,2023-04-12,,Active,77.0
REC103912,MCH7444,Lanka-Shukla,5699,Apparel,Private Limited,Mumbai,Maharashtra,2023-03-13,7637285335,Active,2750.67
REC103913,MCH1674,Kari-Tara,4814,Telecom,Partnership,Mumbai,Maharashtra,2024-08-16,XXXX5872,Active,1266.21
REC103914,MCH6626,Zacharia-Kapadia,5912,Pharmacy,Private Limited,Lucknow,Uttar Pradesh,2024-07-25,,Inactive,2864.89
REC103915,MCH5493,Roy Group,5812,Restaurant,Partnership,Lucknow,Uttar Pradesh,2024-05-11,8876014777,Active,
REC103916,MCH5937,"Babu, Contractor and Sem",5411,Grocery Store,Private Limited,Hyderabad,Telangana,2023-01-04,,Disabled,415.88
REC103917,MCH9986,Tak Ltd,4131,Transportation,Partnership,Delhi,Delhi,2025-01-21,PVFQ1310778139722,Active,
REC103918,MCH2726,"Rastogi, Behl and Purohit",5942,Books & Stationery,Sole Proprietor,Mumbai,Maharashtra,2025-04-04,XYEE0098710788916,Active,1692.27
REC103919,MCH6926,Bhattacharyya and Sons,5912,Pharmacy,Private Limited,Jaipur,Rajasthan,2025-08-28,,Active,3997.27
REC103920,MCH3080,Lad-Soman,5411,Grocery Store,Sole Proprietor,Jalandhar,Punjab,2024-12-01,,Active,
REC103921,MCH8240,Sur LLC,5912,Pharmacy,Partnership,Lucknow,Uttar Pradesh,2025-08-10,0641477724,Active,1777.69
REC103922,MCH1204,Rana Group,5311,Department Store,Private Limited,Jaipur,Rajasthan,2025-05-24,,Active,733.33
REC103923,MCH1347,D'Alia Group,7011,Hotel/Lodging,Private Limited,Chennai,Tamil Nadu,2023-07-02,XXXX4418,Active,1739.0
REC103924,MCH2040,Atwal-Varughese,5311,Department Store,Individual,Bengaluru,Karnataka,2025-06-26,,Active,2009.33
REC103925,MCH2831,Rastogi-Devi,5999,Miscellaneous Retail,Private Limited,Delhi,Delhi,2023-10-20,XXXX4746,Active,501.88
REC103926,MCH4727,Dua-Mishra,5311,Department Store,Sole Proprietor,Pune,Maharashtra,2024-05-18,9730998246,Inactive,1242.0
REC103927,MCH4623,Bath-Keer,5942,Books & Stationery,Sole Proprietor,Mumbai,Maharashtra,2023-07-08,,Active,233.65
REC103928,MCH5502,Dutta and Sons,5311,Department Store,Partnership,Kolkata,West Bengal,2025-04-08,5772238249,Active,
REC103929,MCH5390,Bajwa Group,5942,Books & Stationery,Sole Proprietor,Jaipur,Rajasthan,,XXXX7220,Active,2643.0
REC103930,MCH2607,"Deep, Prasad and Dass",5699,Apparel,Private Limited,Hyderabad,Telangana,2023-05-29,4668596918,Disabled,1570.82
REC103931,MCH3308,Misra Inc,5311,Department Store,Sole Proprietor,Ludhiana,Punjab,,2104958437,Active,8756.33
REC103932,MCH8245,Brar LLC,5942,Books & Stationery,Individual,Bengaluru,Karnataka,2024-01-18,,Active,
REC103933,MCH4200,"Sood, Kurian and Raghavan",5699,Apparel,Individual,Jaipur,Rajasthan,2024-08-18,4567697450,Active,2010.35
REC103934,MCH3288,Kuruvilla-Kala,4814,Telecom,Partnership,Kolkata,West Bengal,2025-07-17,HFDT8427341893769,Active,
REC103935,MCH8448,"Roy, Parekh and Ratti",7011,Hotel/Lodging,Private Limited,Jaipur,Rajasthan,2024-07-25,,Active,364.74
REC103936,MCH1491,"Sarna, Ch and and Goda",4814,Telecom,Sole Proprietor,Ludhiana,Punjab,2026-01-27,,Active,1075.6
REC103937,MCH5183,Chandra LLC,5942,Books & Stationery,Individual,Jaipur,Rajasthan,2023-10-16,,Active,578.29
REC103938,MCH3089,Tata PLC,5942,Books & Stationery,Sole Proprietor,Jalandhar,Punjab,2025-08-30,XXXX2474,Active,
REC103939,MCH3369,"Yadav, Deep and Bassi",5999,Miscellaneous Retail,Individual,Lucknow,Uttar Pradesh,2024-05-16,0407364103,Active,786.0
REC103940,MCH7700,"Lanka, Setty and Muni",5812,Restaurant,Partnership,Delhi,Delhi,2025-06-14,,Inactive,
REC103941,MCH2261,Grover Inc,5812,Restaurant,Sole Proprietor,Mumbai,Maharashtra,2025-11-25,,Active,1519.0
REC103942,MCH3561,"Keer, Natt and Kadakia",4814,Telecom,Individual,Kolkata,West Bengal,2023-03-04,,Active,277.0
REC103943,MCH8603,Mane Ltd,5812,Restaurant,Sole Proprietor,Ludhiana,Punjab,2023-04-01,9861979521,Active,258.46
REC103944,MCH5084,Doshi LLC,5942,Books & Stationery,Individual,Jalandhar,Punjab,2025-06-11,5224325531,Active,182.0
REC103945,MCH1605,"Patla, Thaman and Chatterjee",4131,Transportation,Partnership,Bengaluru,Karnataka,2025-09-22,XXXX0679,Active,932.8
REC103946,MCH3096,"Pradhan, Anne and Dhillon",5812,Restaurant,Individual,Kolkata,West Bengal,2025-02-25,XXXX9447,Active,
REC103947,MCH8554,Mangat PLC,5999,Miscellaneous Retail,Sole Proprietor,Mumbai,Maharashtra,2023-04-03,,Inactive,
REC103948,MCH9095,Mital-Reddy,4814,Telecom,Partnership,Lucknow,Uttar Pradesh,2025-12-07,,Suspended,1105.17
REC103949,MCH9855,Samra-Manda,4814,Telecom,Private Limited,Chennai,Tamil Nadu,2025-02-01,PEIX9794404707965,Active,1167.22
REC103950,MCH3987,Pandya Inc,5912,Pharmacy,Partnership,Amritsar,Punjab,2025-10-14,,Active,
REC103951,MCH3968,"Peri, Sane and Mohanty",5812,Restaurant,Individual,Mumbai,Maharashtra,2024-06-10,,Active,1174.15
REC103952,MCH4600,Devi Group,5311,Department Store,Individual,Delhi,Delhi,2024-02-17,2508192627,Inactive,1126.47
REC103953,MCH2124,"Chander, Kohli and Dube",4131,Transportation,Individual,Delhi,Delhi,2024-02-15,XXXX2531,Active,1551.09
REC103954,MCH3442,Garg-Borah,4131,Transportation,Partnership,Chennai,Tamil Nadu,2023-09-29,2231701583,Active,3562.63
REC103955,MCH8316,Bakshi-Rout,5311,Department Store,Private Limited,Delhi,Delhi,2024-11-10,,Active,618.0
REC103956,MCH5390,Pall-Vig,4131,Transportation,Private Limited,Amritsar,Punjab,2024-02-18,9048380759,Active,6624.25
REC103957,MCH3586,"Ghose, Ganesh and Edwin",4814,Telecom,Sole Proprietor,Kolkata,West Bengal,2023-09-15,ZJVL8370026948243,Closed,1437.0
REC103958,MCH2690,Nagarajan Inc,5912,Pharmacy,Sole Proprietor,Lucknow,Uttar Pradesh,2023-06-22,LDEV4758391652112,Suspended,3091.83
REC103959,MCH7478,"Sami, Brahmbhatt and Khurana",5699,Apparel,Private Limited,Mumbai,Maharashtra,2024-08-19,,Closed,
REC103960,MCH9815,"Narasimhan, Vasa and Goswami",5942,Books & Stationery,Individual,Delhi,Delhi,2025-11-10,MZNM1643262942719,Active,
REC103961,MCH5090,Chacko-Dora,5411,Grocery Store,Sole Proprietor,Hyderabad,Telangana,2023-12-27,DVGQ3463891046958,Active,
REC103962,MCH8944,"Zachariah, Ratta and Contractor",5311,Department Store,Private Limited,Hyderabad,Telangana,2024-07-16,0653764901,Active,2179.0
REC103963,MCH5106,Sagar LLC,5912,Pharmacy,Individual,Jalandhar,Punjab,2026-02-23,,Active,1707.71
REC103964,MCH8211,Seth LLC,5999,Miscellaneous Retail,Partnership,Pune,Maharashtra,2024-09-08,,Active,2939.69
REC103965,MCH3088,Suresh LLC,5411,Grocery Store,Partnership,Chennai,Tamil Nadu,2024-03-08,,Active,4739.6
REC103966,MCH7280,"Sathe, Shan and Oommen",5411,Grocery Store,Individual,Ludhiana,Punjab,2025-10-21,XXXX0221,Active,466.99
REC103967,MCH5388,Mann-Oza,5942,Books & Stationery,Private Limited,Hyderabad,Telangana,,,Active,1696.0
REC103968,MCH2591,"Deol, Palla and Goel",5411,Grocery Store,Individual,Hyderabad,Telangana,2025-08-22,2241068743,Active,468.59
REC103969,MCH5784,"Kakar, Palla and Vyas",5699,Apparel,Private Limited,Jalandhar,Punjab,2024-06-01,,Active,220.77
REC103970,MCH1441,"Kakar, Parsa and Sodhi",5999,Miscellaneous Retail,Partnership,Lucknow,Uttar Pradesh,2024-06-09,SBUL4886955523512,Active,1723.15
REC103971,MCH5560,"D'Alia, Dasgupta and Chakrabarti",4131,Transportation,Sole Proprietor,Jalandhar,Punjab,2023-02-09,,Inactive,1247.75
REC103972,MCH2818,Sibal Inc,5411,Grocery Store,Sole Proprietor,Jalandhar,Punjab,2025-06-03,HHRP3016788161129,Active,600.04
REC103973,MCH6391,"Bhatti, Keer and Gupta",4814,Telecom,Individual,Mumbai,Maharashtra,2025-08-22,,Active,684.0
REC103974,MCH7228,Swaminathan Ltd,4814,Telecom,Partnership,Ludhiana,Punjab,2024-03-13,XXXX9584,Active,
REC103975,MCH4501,Barman and Sons,5812,Restaurant,Private Limited,Delhi,Delhi,2025-04-24,,Active,523.04
REC103976,MCH6722,Khalsa-Kapadia,5912,Pharmacy,Partnership,Bengaluru,Karnataka,2023-03-06,4686133127,Active,2042.78
REC103977,MCH2013,"Nanda, Saraf and Halder",5411,Grocery Store,Individual,Kolkata,West Bengal,2025-04-22,,Active,
REC103978,MCH7524,"Babu, Banerjee and Parsa",5812,Restaurant,Individual,Kolkata,West Bengal,2023-06-04,XXXX7557,Active,811.7
REC103979,MCH4524,Tara Ltd,5999,Miscellaneous Retail,Private Limited,Hyderabad,Telangana,2025-07-23,,Active,1296.94
REC103980,MCH3012,Sathe LLC,5411,Grocery Store,Private Limited,Chennai,Tamil Nadu,2024-10-23,,Hold,448.76
REC103981,MCH3564,"Konda, Natarajan and Chawla",5999,Miscellaneous Retail,Private Limited,Amritsar,Punjab,2025-10-08,,Active,982.65
REC103982,MCH4373,Raman-Karnik,5942,Books & Stationery,Partnership,Delhi,Delhi,2023-08-09,IPHA4538122781630,Active,
REC103983,MCH8337,Date-Mand,5999,Miscellaneous Retail,Partnership,Ludhiana,Punjab,2023-01-31,UXDC3751207514110,Inactive,333.78
REC103984,MCH6351,Mahal-Padmanabhan,5812,Restaurant,Partnership,Bengaluru,Karnataka,2025-03-30,IXWO1858083433710,Active,3129.06
REC103985,MCH7268,Mand-Char,5912,Pharmacy,Private Limited,Mumbai,Maharashtra,2025-06-20,,Active,1359.5
REC103986,MCH5684,Dua-Ghose,5311,Department Store,Partnership,Pune,Maharashtra,2024-10-07,,Active,465.0
REC103987,MCH4179,"Choudhry, Bera and Pandit",5699,Apparel,Partnership,Kolkata,West Bengal,2025-08-14,ABQY2242292056782,Active,1930.08
REC103988,MCH7149,Keer-Dua,4131,Transportation,Private Limited,Delhi,Delhi,2026-02-10,,Suspended,
REC103989,MCH1646,"Sane, Zacharia and Samra",5912,Pharmacy,Individual,Jaipur,Rajasthan,2023-12-31,5847905998,Active,1891.86
REC103990,MCH7567,Bora-Venkatesh,5912,Pharmacy,Partnership,Lucknow,Uttar Pradesh,,,Active,664.14
REC103991,MCH5965,Wason LLC,4814,Telecom,Partnership,Hyderabad,Telangana,2025-06-03,,Active,2365.0
REC103992,MCH9112,Pingle-Natt,5311,Department Store,Sole Proprietor,Lucknow,Uttar Pradesh,2023-09-18,GWBM3117902848580,Closed,356.0
REC103993,MCH3039,Murty Inc,5411,Grocery Store,Individual,Delhi,Delhi,2023-12-03,SVKA2268543185915,Active,1465.47
REC103994,MCH6079,"Chaudhuri, Mody and Goswami",5912,Pharmacy,Partnership,Ludhiana,Punjab,2025-10-04,IGWP7360975530260,Closed,
REC103995,MCH1484,"Uppal, Butala and Tata",7011,Hotel/Lodging,Individual,Bengaluru,Karnataka,2025-02-18,,Active,
REC103996,MCH7847,Ramakrishnan-Misra,5411,Grocery Store,Individual,Mumbai,Maharashtra,2025-12-04,,Active,2108.0
REC103997,MCH6896,Dugar-Minhas,5699,Apparel,Sole Proprietor,Mumbai,Maharashtra,2025-03-17,XXXX5745,Active,
REC103998,MCH7289,Rajagopal-Contractor,5812,Restaurant,Private Limited,Lucknow,Uttar Pradesh,2023-04-20,7395909166,Active,1484.26
REC103999,MCH4613,"Kapadia, Sankar and Nadig",5311,Department Store,Individual,Lucknow,Uttar Pradesh,2023-09-02,ALEY9883118921328,Active,1451.15
REC104000,MCH8080,Brar PLC,4814,Telecom,Individual,Pune,Maharashtra,2025-02-02,,Active,1241.0
REC104001,MCH7452,Kala LLC,5311,Department Store,Sole Proprietor,Bengaluru,Karnataka,2025-07-07,4973608976,Active,1838.62
REC104002,MCH4170,Bassi Group,5999,Miscellaneous Retail,Sole Proprietor,Ludhiana,Punjab,2024-10-13,7567135746,Active,591.58
REC104003,MCH9080,Jani and Sons,5699,Apparel,Partnership,Lucknow,Uttar Pradesh,2025-05-13,XXXX8347,Suspended,672.43
REC104004,MCH3468,Aurora-Ben,7011,Hotel/Lodging,Private Limited,Hyderabad,Telangana,2025-03-16,,Active,199.0
REC104005,MCH4871,Kunda Ltd,5812,Restaurant,Partnership,Lucknow,Uttar Pradesh,2024-09-02,,Blocked,648.87
REC104006,MCH3787,Rajan-Swaminathan,7011,Hotel/Lodging,Private Limited,Kolkata,West Bengal,2024-02-07,,Active,
REC104007,MCH2737,"Sani, Chowdhury and Ganesan",5999,Miscellaneous Retail,Partnership,Bengaluru,Karnataka,2023-05-01,1105547451,Active,610.07
REC104008,MCH2076,Chad Ltd,5942,Books & Stationery,Sole Proprietor,Jalandhar,Punjab,2024-07-03,7969775416,Active,579.16
REC104009,MCH3499,"Mand, Munshi and Bali",5311,Department Store,Sole Proprietor,Chennai,Tamil Nadu,2026-02-01,,Active,1115.88
REC104010,MCH9713,"Toor, Nayak and Varma",5699,Apparel,Individual,Jalandhar,Punjab,,,Active,
REC104011,MCH9083,Vohra-Mishra,5812,Restaurant,Partnership,Pune,Maharashtra,2024-06-16,,Active,2189.0
REC104012,MCH1097,"Narayan, Datta and Chowdhury",5999,Miscellaneous Retail,Individual,Lucknow,Uttar Pradesh,2025-05-09,,Active,343.8
REC104013,MCH1816,"Dass, Chaudhry and Peri",5999,Miscellaneous Retail,Sole Proprietor,Jaipur,Rajasthan,2024-03-05,,Active,800.46
REC104014,MCH4975,"Nagy, Kuruvilla and Saxena",7011,Hotel/Lodging,Sole Proprietor,Delhi,Delhi,2025-05-25,,Active,621.98
REC104015,MCH3163,Majumdar-Minhas,5999,Miscellaneous Retail,Sole Proprietor,Chennai,Tamil Nadu,2025-04-05,OGEJ6099307050342,Suspended,2179.72
REC104016,MCH8837,Tata-Rajagopal,5411,Grocery Store,Partnership,Ludhiana,Punjab,2023-09-03,,Suspended,2586.19
REC104017,MCH7034,Kohli Inc,5411,Grocery Store,Partnership,Bengaluru,Karnataka,2023-03-27,2103247749,Active,4369.0
REC104018,MCH5529,"Ganguly, Mukherjee and Boase",5411,Grocery Store,Private Limited,Chennai,Tamil Nadu,2025-04-01,EMNT5419387001495,Active,879.0
REC104019,MCH7558,Lanka-Dixit,5812,Restaurant,Sole Proprietor,Pune,Maharashtra,2024-04-21,DPGO5407180491231,Active,1010.63
REC104020,MCH1262,Lad and Sons,7011,Hotel/Lodging,Individual,Jalandhar,Punjab,2025-11-17,XXXX6412,Active,503.65
REC104021,MCH2302,"Sekhon, Tak and Dhingra",5942,Books & Stationery,Sole Proprietor,Amritsar,Punjab,2023-11-11,8509370195,Active,852.28
REC104022,MCH1247,"Nayak, Lala and Pillai",5411,Grocery Store,Sole Proprietor,Bengaluru,Karnataka,2023-01-19,9109437765,Inactive,677.02
REC104023,MCH1675,Chokshi-Mukherjee,5411,Grocery Store,Individual,Ludhiana,Punjab,2023-11-01,XXXX1927,Active,1694.04
REC104024,MCH4951,Cheema-Dugal,5311,Department Store,Individual,Amritsar,Punjab,2024-04-03,,Active,
REC104025,MCH9613,Tella Group,5912,Pharmacy,Partnership,Hyderabad,Telangana,2024-07-29,IJFC0895713811161,Active,
REC104026,MCH9928,Krishnan Inc,7011,Hotel/Lodging,Private Limited,Jaipur,Rajasthan,2025-05-06,8263891927,Active,477.53
REC104027,MCH7211,Nagar-Bhagat,5699,Apparel,Partnership,Bengaluru,Karnataka,2024-01-16,,Active,585.46
REC104028,MCH5114,Sarraf-Iyengar,5912,Pharmacy,Individual,Delhi,Delhi,2025-02-26,XRZF4644234669872,Active,452.11
REC104029,MCH2897,Bath Ltd,5999,Miscellaneous Retail,Private Limited,Hyderabad,Telangana,2025-07-23,,Active,2239.12
REC104030,MCH6535,Nagy and Sons,5411,Grocery Store,Sole Proprietor,Hyderabad,Telangana,2023-11-24,,Active,291.26
REC104031,MCH7465,Bhatt Group,5999,Miscellaneous Retail,Individual,Pune,Maharashtra,2023-04-10,XXXX7739,Active,3040.67
REC104032,MCH7458,"Hans, Som and Krish",5812,Restaurant,Sole Proprietor,Bengaluru,Karnataka,2025-09-20,,Active,8448.66
REC104033,MCH5019,"Mahajan, Gulati and Chakrabarti",5411,Grocery Store,Partnership,Amritsar,Punjab,2024-08-08,,Active,448.34
REC104034,MCH9083,"Gera, Varghese and Karpe",5311,Department Store,Private Limited,Jaipur,Rajasthan,2025-05-19,9824715725,Active,3755.09
REC104035,MCH2962,"Naik, Ranganathan and Sahota",4814,Telecom,Partnership,Pune,Maharashtra,2024-08-23,XXXX5665,Active,174.64
REC104036,MCH6758,"Kaul, Vyas and Bobal",5912,Pharmacy,Sole Proprietor,Jaipur,Rajasthan,,OLOU3337406191926,Active,1560.09
REC104037,MCH9070,"Buch, Samra and Tata",5912,Pharmacy,Partnership,Lucknow,Uttar Pradesh,2023-11-19,6049785311,Active,5075.53
REC104038,MCH9928,Kalita-Dave,5999,Miscellaneous Retail,Private Limited,Mumbai,Maharashtra,2023-02-14,,Active,2034.32
REC104039,MCH6251,"Sodhi, Handa and Venkatesh",5411,Grocery Store,Sole Proprietor,Lucknow,Uttar Pradesh,2025-09-18,2729847488,Suspended,291.55
REC104040,MCH7863,"Lal, Hegde and Hora",5812,Restaurant,Partnership,Lucknow,Uttar Pradesh,2024-11-18,BRCS2990278425539,Active,673.1
REC104041,MCH8602,Raghavan-Ahluwalia,5411,Grocery Store,Individual,Chennai,Tamil Nadu,2023-01-19,,Active,
REC104042,MCH6315,"Pal, Zacharia and Narayan",7011,Hotel/Lodging,Sole Proprietor,Mumbai,Maharashtra,2023-04-01,5478307805,Active,529.2
REC104043,MCH7558,Keer-Krish,5942,Books & Stationery,Private Limited,Chennai,Tamil Nadu,2024-03-29,XXXX0444,Active,777.64
REC104044,MCH2886,"Raja, Hayre and Deshmukh",5912,Pharmacy,Private Limited,Kolkata,West Bengal,2024-07-04,,Active,511.0
REC104045,MCH8219,Devi Group,4814,Telecom,Individual,Ludhiana,Punjab,2023-01-06,,Active,1980.0
REC104046,MCH9075,Bhakta Inc,4814,Telecom,Partnership,Delhi,Delhi,2023-10-20,,Inactive,1186.46
REC104047,MCH7029,"Vasa, Zachariah and Narula",5812,Restaurant,Private Limited,Kolkata,West Bengal,2025-01-15,6099382833,Active,2526.83
REC104048,MCH9738,Barman-Rastogi,5411,Grocery Store,Partnership,Chennai,Tamil Nadu,2024-11-19,XXXX3047,Active,2419.77
REC104049,MCH6280,Khanna-Kanda,5699,Apparel,Sole Proprietor,Pune,Maharashtra,,1584508627,Active,243.27
REC104050,MCH9542,"Singh, Johal and Khalsa",5942,Books & Stationery,Individual,Hyderabad,Telangana,2025-06-18,XXXX3154,Active,2463.46
REC104051,MCH4009,Deo PLC,4814,Telecom,Sole Proprietor,Kolkata,West Bengal,2025-10-10,,Active,1937.0
REC104052,MCH7796,"Kari, Sridhar and Johal",5411,Grocery Store,Partnership,Pune,Maharashtra,2024-12-09,5623137802,Active,489.31
REC104053,MCH2046,Konda-Garde,5411,Grocery Store,Sole Proprietor,Lucknow,Uttar Pradesh,2026-01-28,,Active,1405.98
REC104054,MCH2842,Patel-Chacko,7011,Hotel/Lodging,Individual,Bengaluru,Karnataka,2025-08-13,,Active,2354.89
REC104055,MCH7034,Bhavsar LLC,5999,Miscellaneous Retail,Partnership,Delhi,Delhi,2025-06-11,,Active,251.0
REC104056,MCH5180,"Gaba, Chacko and Khatri",5699,Apparel,Private Limited,Pune,Maharashtra,2025-02-12,XXXX8144,Active,753.85
REC104057,MCH1995,"Sandhu, Kar and Chaudry",5699,Apparel,Partnership,Mumbai,Maharashtra,2024-01-25,,Active,4626.93
REC104058,MCH2390,Bandi-Sidhu,5311,Department Store,Sole Proprietor,Jaipur,Rajasthan,,XXXX9688,Active,1091.1
REC104059,MCH7353,Ghose LLC,5411,Grocery Store,Private Limited,Pune,Maharashtra,2025-11-01,,Hold,1477.74
REC104060,MCH5305,Taneja Inc,7011,Hotel/Lodging,Sole Proprietor,Chennai,Tamil Nadu,2024-06-01,XXXX9718,Active,1731.48
REC104061,MCH4848,"Borra, Balakrishnan and Chad",5699,Apparel,Partnership,Delhi,Delhi,2024-06-18,5183213301,Active,3072.49
REC104062,MCH7597,Vohra-Mitter,4131,Transportation,Sole Proprietor,Pune,Maharashtra,2025-07-31,BWIV7516426838159,Active,2111.86
REC104063,MCH3023,Raj-Bajwa,4131,Transportation,Partnership,Lucknow,Uttar Pradesh,2024-11-10,YYPA0272541440376,Active,6135.0
REC104064,MCH7017,"Roy, Khosla and Oak",5999,Miscellaneous Retail,Sole Proprietor,Lucknow,Uttar Pradesh,2025-09-14,XXXX0409,Active,952.71
REC104065,MCH3661,"Deshmukh, Patla and Goel",4131,Transportation,Individual,Ludhiana,Punjab,2023-11-17,XXXX0412,Suspended,1439.0
REC104066,MCH8910,Hayer-Mandal,5411,Grocery Store,Sole Proprietor,Ludhiana,Punjab,,XXXX1730,Active,597.8
REC104067,MCH7128,Agarwal Group,5912,Pharmacy,Private Limited,Jalandhar,Punjab,2023-06-06,,Active,6405.9
REC104068,MCH5758,"Aggarwal, Hayer and Nayar",5999,Miscellaneous Retail,Individual,Amritsar,Punjab,2023-09-22,XXXX0401,Active,3630.79
REC104069,MCH6119,"Hans, Gokhale and Shanker",5999,Miscellaneous Retail,Partnership,Mumbai,Maharashtra,2024-01-28,,Closed,1753.67
REC104070,MCH5316,"Mand, Banerjee and Bhandari",5699,Apparel,Private Limited,Chennai,Tamil Nadu,,MZUJ8841043737441,Active,1934.84
REC104071,MCH7502,Gokhale LLC,5311,Department Store,Individual,Amritsar,Punjab,2024-06-07,5976838930,Active,1185.45
REC104072,MCH6180,Thakur and Sons,5699,Apparel,Private Limited,Lucknow,Uttar Pradesh,2025-05-24,MWYN7782824521830,Active,699.96
REC104073,MCH9335,Srinivasan-Shere,5311,Department Store,Partnership,Ludhiana,Punjab,2024-04-13,,Active,1875.12
REC104074,MCH9710,"Mohanty, Lanka and Kamdar",5311,Department Store,Individual,Mumbai,Maharashtra,2024-11-13,EZNF2282969074066,Inactive,1462.25
REC104075,MCH7591,Gour-Hora,5812,Restaurant,Sole Proprietor,Amritsar,Punjab,2023-07-12,XXXX5661,Active,1230.68
REC104076,MCH2754,"Rastogi, Kamdar and Kumer",5912,Pharmacy,Sole Proprietor,Chennai,Tamil Nadu,2023-04-27,,Active,2871.91
REC104077,MCH7370,Peri LLC,4131,Transportation,Private Limited,Kolkata,West Bengal,2023-09-28,0713043152,Active,1188.42
REC104078,MCH8588,"Kala, Kant and Gola",4131,Transportation,Individual,Chennai,Tamil Nadu,2025-11-24,5957904984,Active,
REC104079,MCH2244,Master PLC,5912,Pharmacy,Private Limited,Jalandhar,Punjab,2024-06-10,,Closed,2383.0
REC104080,MCH9565,Gaba LLC,5912,Pharmacy,Individual,Kolkata,West Bengal,2025-03-08,5752723069,Inactive,715.93
REC104081,MCH6551,Oza LLC,7011,Hotel/Lodging,Private Limited,Lucknow,Uttar Pradesh,2023-07-11,,Active,578.45
REC104082,MCH7972,Lata Inc,5411,Grocery Store,Partnership,Bengaluru,Karnataka,2024-12-16,6873256015,Active,
REC104083,MCH3787,"Boase, Mand and Khatri",5411,Grocery Store,Partnership,Pune,Maharashtra,2025-03-21,4292433603,Active,1436.68
REC104084,MCH2583,Gole-Prabhakar,4814,Telecom,Private Limited,Bengaluru,Karnataka,2025-04-21,XXXX1523,Active,323.0
REC104085,MCH5707,Varughese-Hegde,4814,Telecom,Private Limited,Lucknow,Uttar Pradesh,2025-07-12,VFHE9510842870262,Active,
REC104086,MCH1478,Sahota LLC,5912,Pharmacy,Individual,Jaipur,Rajasthan,2024-09-12,1321864172,Inactive,2037.0
REC104087,MCH5190,Karpe Inc,5942,Books & Stationery,Sole Proprietor,Delhi,Delhi,2024-06-07,AIVF4646117807271,Active,2042.93
REC104088,MCH5645,Dey Ltd,4814,Telecom,Private Limited,Jalandhar,Punjab,2025-12-18,9437173245,Active,1164.31
REC104089,MCH5872,Kale LLC,4131,Transportation,Partnership,Bengaluru,Karnataka,,,Active,1429.88
REC104090,MCH6239,Varkey-More,5699,Apparel,Private Limited,Lucknow,Uttar Pradesh,2025-08-20,,Active,849.3
REC104091,MCH5188,"Dube, Nair and Datta",4131,Transportation,Individual,Jalandhar,Punjab,2023-03-22,4717131081,Active,2008.92
REC104092,MCH2551,"Krishnamurthy, Murthy and Savant",5699,Apparel,Private Limited,Pune,Maharashtra,2023-09-27,XXXX9848,Active,3427.0
REC104093,MCH8241,"Mane, Wagle and Ganesan",5311,Department Store,Partnership,Kolkata,West Bengal,2024-09-22,GUGG0514416234988,Active,814.25
REC104094,MCH3267,Balasubramanian-Butala,5699,Apparel,Individual,Chennai,Tamil Nadu,2025-10-20,XXXX4438,Active,1843.39
REC104095,MCH9404,Baral and Sons,4131,Transportation,Private Limited,Kolkata,West Bengal,2025-02-10,,Active,
REC104096,MCH1667,Dalal Ltd,7011,Hotel/Lodging,Sole Proprietor,Hyderabad,Telangana,2025-02-16,,Active,3517.09
REC104097,MCH4275,"Boase, Chanda and Bajaj",5311,Department Store,Individual,Delhi,Delhi,2025-06-29,XXXX6193,Active,684.1
REC104098,MCH8065,Parekh Group,4131,Transportation,Private Limited,Jaipur,Rajasthan,2024-03-11,,Active,1217.53
REC104099,MCH8355,Dada and Sons,5699,Apparel,Sole Proprietor,Chennai,Tamil Nadu,2023-01-27,,Active,1302.55
REC104100,MCH9343,Sridhar-Sarna,7011,Hotel/Lodging,Partnership,Chennai,Tamil Nadu,2025-08-16,XXXX5274,Active,287.96
REC104101,MCH2155,Vig-Bobal,4814,Telecom,Private Limited,Delhi,Delhi,2023-05-03,XXXX5202,Active,8483.0
REC104102,MCH8377,"Garde, Varty and Vyas",4131,Transportation,Individual,Mumbai,Maharashtra,2025-08-01,,Active,1200.23
REC104103,MCH6274,Mall Inc,7011,Hotel/Lodging,Partnership,Amritsar,Punjab,2025-06-21,XXXX1310,Active,1700.39
REC104104,MCH5698,Rana Ltd,5942,Books & Stationery,Private Limited,Chennai,Tamil Nadu,2025-01-07,,Active,2808.27
REC104105,MCH1940,Anne Group,4131,Transportation,Sole Proprietor,Hyderabad,Telangana,2025-01-16,XXXX3192,Active,2525.67
REC104106,MCH1817,Wadhwa Group,4814,Telecom,Partnership,Kolkata,West Bengal,2024-06-30,XZWP2134363743881,Active,200.17
REC104107,MCH8852,Bali-Hora,5912,Pharmacy,Individual,Delhi,Delhi,2024-07-09,,Active,2821.74
REC104108,MCH9143,Prakash Inc,5812,Restaurant,Partnership,Lucknow,Uttar Pradesh,2023-03-02,XXXX9977,Active,1791.89
REC104109,MCH7338,"Verma, Rai and Patla",5912,Pharmacy,Private Limited,Bengaluru,Karnataka,2024-06-05,XXXX7454,Active,2235.57
REC104110,MCH9888,"Contractor, Mohanty and Devi",5912,Pharmacy,Sole Proprietor,Chennai,Tamil Nadu,2025-09-23,XXXX3253,Suspended,1367.96
REC104111,MCH5496,Bhagat and Sons,5912,Pharmacy,Partnership,Lucknow,Uttar Pradesh,2024-08-13,DOMQ3055982121356,Active,
REC104112,MCH5361,"Baria, Sant and Munshi",5942,Books & Stationery,Private Limited,Delhi,Delhi,2025-02-01,XXXX6510,Active,
REC104113,MCH1199,"Chatterjee, Chada and Ghose",5812,Restaurant,Private Limited,Chennai,Tamil Nadu,2025-04-14,,Active,6574.56
REC104114,MCH7350,Toor-Sachar,4814,Telecom,Partnership,Bengaluru,Karnataka,2023-10-29,8049687567,Active,1079.19
REC104115,MCH3970,"Chawla, Sami and Mani",5942,Books & Stationery,Sole Proprietor,Pune,Maharashtra,2023-04-25,XXXX3871,Active,2506.67
REC104116,MCH3509,Tandon-Thakur,5999,Miscellaneous Retail,Private Limited,Pune,Maharashtra,2024-03-27,TBRS8526244076916,Active,253.7
REC104117,MCH8188,"Ram, Krish and Pai",5999,Miscellaneous Retail,Partnership,Lucknow,Uttar Pradesh,2025-02-16,XXXX6724,Inactive,734.28
REC104118,MCH3893,"Kapadia, Keer and Oak",5812,Restaurant,Private Limited,Amritsar,Punjab,2023-12-10,LOCC9278519241012,Active,
REC104119,MCH5465,"Keer, Gill and Tank",4814,Telecom,Individual,Jaipur,Rajasthan,2023-10-23,WBGT3042878113023,Active,3170.0
REC104120,MCH9837,Raval-Aurora,5812,Restaurant,Sole Proprietor,Kolkata,West Bengal,2023-04-26,,Active,2990.0
REC104121,MCH3145,Chaudry and Sons,5311,Department Store,Individual,Bengaluru,Karnataka,2026-01-29,,Active,
REC104122,MCH5100,Garde-Mody,5411,Grocery Store,Sole Proprietor,Hyderabad,Telangana,2023-12-02,HBWM0411273165352,Active,347.68
REC104123,MCH1122,"Rana, Choudhury and Garde",5912,Pharmacy,Partnership,Ludhiana,Punjab,2024-11-30,XXXX6047,Active,4792.92
REC104124,MCH1874,Kanda-Mane,5942,Books & Stationery,Partnership,Ludhiana,Punjab,2024-12-06,0940514966,Active,2286.66
REC104125,MCH7881,Menon PLC,5311,Department Store,Partnership,Pune,Maharashtra,2024-02-04,1137446678,Active,1357.1
REC104126,MCH7395,Bera Group,5912,Pharmacy,Partnership,Jalandhar,Punjab,,,Active,
REC104127,MCH4547,Rout Inc,5812,Restaurant,Private Limited,Bengaluru,Karnataka,2026-01-28,4666460002,Active,307.37
REC104128,MCH8680,Bhatt-Toor,5311,Department Store,Private Limited,Jaipur,Rajasthan,2025-12-02,,Active,1399.6
REC104129,MCH5646,Badal-An and,4814,Telecom,Private Limited,Mumbai,Maharashtra,2025-06-05,XXXX0079,Active,4606.04
REC104130,MCH5898,"Dalal, Bhavsar and Taneja",5999,Miscellaneous Retail,Private Limited,Kolkata,West Bengal,2025-05-19,,Active,2660.29
REC104131,MCH7724,"Thaman, Parsa and Aurora",4814,Telecom,Individual,Pune,Maharashtra,2025-01-08,,Active,1482.24
REC104132,MCH2278,"Mohanty, Bobal and Minhas",7011,Hotel/Lodging,Sole Proprietor,Pune,Maharashtra,2023-08-25,2573696997,Active,4540.82
REC104133,MCH4377,Kale-Krishnan,5942,Books & Stationery,Partnership,Bengaluru,Karnataka,2023-12-10,,Closed,2218.12
REC104134,MCH1477,Ahluwalia-Devan,5912,Pharmacy,Partnership,Jaipur,Rajasthan,2024-04-15,XXXX2364,Active,551.17
REC104135,MCH4581,"Tailor, Ganesh and Menon",5812,Restaurant,Partnership,Mumbai,Maharashtra,2025-11-02,,Inactive,1137.0
REC104136,MCH5020,Sarna-Sarraf,5411,Grocery Store,Individual,Lucknow,Uttar Pradesh,2023-02-27,,Active,3351.89
REC104137,MCH6965,Lala Group,5912,Pharmacy,Private Limited,Pune,Maharashtra,2023-08-26,,Active,256.0
REC104138,MCH9782,"Prashad, Sura and Mutti",5311,Department Store,Sole Proprietor,Amritsar,Punjab,2025-04-17,,Active,2734.0
REC104139,MCH6113,"Shenoy, Kapadia and Pradhan",5942,Books & Stationery,Individual,Amritsar,Punjab,2025-05-21,OAOW4206990585455,Active,8727.62
REC104140,MCH7471,Dass LLC,5812,Restaurant,Sole Proprietor,Lucknow,Uttar Pradesh,2023-02-14,XXXX4634,Active,390.54
REC104141,MCH9048,Kalla PLC,5812,Restaurant,Partnership,Jalandhar,Punjab,2023-09-18,,Active,544.22
REC104142,MCH6449,Chakraborty-Hans,5812,Restaurant,Sole Proprietor,Hyderabad,Telangana,2024-03-01,XXXX5646,Active,1506.6
REC104143,MCH5081,"Bhatia, Srinivasan and Sampath",5912,Pharmacy,Private Limited,Chennai,Tamil Nadu,2024-01-19,6512242126,Active,869.22
REC104144,MCH5505,Shan-Cherian,5311,Department Store,Individual,Delhi,Delhi,2023-08-19,,Active,3177.98
REC104145,MCH7728,Gaba Ltd,7011,Hotel/Lodging,Partnership,Jalandhar,Punjab,2024-06-07,,Active,970.98
REC104146,MCH3386,"Balay, Chacko and Dani",5311,Department Store,Private Limited,Jaipur,Rajasthan,2025-10-27,XXXX2339,Active,2775.53
REC104147,MCH3753,Kala Ltd,4814,Telecom,Individual,Kolkata,West Bengal,2024-03-20,XXXX7019,Active,411.14
REC104148,MCH4676,Shan Inc,5999,Miscellaneous Retail,Sole Proprietor,Mumbai,Maharashtra,2026-01-20,DCZB8927650142403,Active,2805.31
REC104149,MCH5055,Aggarwal-Doctor,5912,Pharmacy,Private Limited,Hyderabad,Telangana,2024-07-04,,Active,3805.08
REC104150,MCH7297,"Bhasin, Sankar and Pradhan",5812,Restaurant,Private Limited,Delhi,Delhi,2025-05-03,,Active,
REC104151,MCH8798,"Taneja, Maharaj and Salvi",5942,Books & Stationery,Partnership,Mumbai,Maharashtra,,,Suspended,2125.0
REC104152,MCH4454,"Varghese, Shenoy and Mahajan",5812,Restaurant,Partnership,Mumbai,Maharashtra,2025-06-21,,Active,1952.0
REC104153,MCH6575,Sanghvi PLC,5942,Books & Stationery,Individual,Lucknow,Uttar Pradesh,2025-02-15,JZFS4748636238917,Active,819.0
REC104154,MCH1130,Bhargava-Dara,5311,Department Store,Individual,Amritsar,Punjab,2025-06-14,8689036086,Active,2188.62
REC104155,MCH9401,Ravi LLC,7011,Hotel/Lodging,Sole Proprietor,Pune,Maharashtra,2025-11-14,1215375647,Active,1824.72
REC104156,MCH4702,Nath Group,5311,Department Store,Sole Proprietor,Lucknow,Uttar Pradesh,2024-08-15,,Active,584.0
REC104157,MCH3604,Dara-Borde,5942,Books & Stationery,Sole Proprietor,Ludhiana,Punjab,2025-10-03,,Active,
REC104158,MCH7724,Gade-Tata,5912,Pharmacy,Sole Proprietor,Delhi,Delhi,2023-07-04,8406773720,Active,1191.59
REC104159,MCH9199,"Bail, Peri and Baria",5311,Department Store,Partnership,Chennai,Tamil Nadu,2024-01-14,MIRO8677255410818,Active,7748.66
REC104160,MCH7709,Kala LLC,5411,Grocery Store,Partnership,Jalandhar,Punjab,2023-06-21,,Active,
REC104161,MCH4606,"Morar, Dalal and Mukherjee",5912,Pharmacy,Partnership,Bengaluru,Karnataka,2023-05-26,,Disabled,1103.98
REC104162,MCH3499,"Gaba, Nanda and Pillay",5812,Restaurant,Private Limited,Mumbai,Maharashtra,2023-09-30,,Active,804.98
REC104163,MCH4573,"Borde, Patil and Taneja",4814,Telecom,Individual,Chennai,Tamil Nadu,2023-10-27,KZVD4103515080767,Active,642.81
REC104164,MCH4169,"Vaidya, Vasa and Palan",4814,Telecom,Individual,Hyderabad,Telangana,2024-11-15,,Active,1965.48
REC104165,MCH1083,Chaudhry-Bhat,5812,Restaurant,Sole Proprietor,Jalandhar,Punjab,2025-04-30,DSMZ2555394666399,Disabled,730.39
REC104166,MCH9503,"Lanka, Bhasin and Srinivas",5411,Grocery Store,Partnership,Kolkata,West Bengal,2024-10-29,,Active,1065.1
REC104167,MCH5798,Divan-Mahal,5812,Restaurant,Individual,Jaipur,Rajasthan,2023-02-19,1492699438,Active,110.98
REC104168,MCH7804,Deo-Pandya,5812,Restaurant,Partnership,Jaipur,Rajasthan,,XXXX1482,Suspended,492.54
REC104169,MCH7639,Brar-Chana,5999,Miscellaneous Retail,Sole Proprietor,Mumbai,Maharashtra,2025-02-20,XXXX2309,Active,4805.68
REC104170,MCH2788,"Dash, Mallick and Sachdev",5812,Restaurant,Individual,Bengaluru,Karnataka,2025-04-06,WZXG3956270476463,Active,3989.94
REC104171,MCH9813,"Padmanabhan, Brahmbhatt and Trivedi",5411,Grocery Store,Private Limited,Ludhiana,Punjab,2025-01-27,XXXX5772,Active,2491.37
REC104172,MCH5367,Varughese-Kala,5942,Books & Stationery,Sole Proprietor,Ludhiana,Punjab,2024-09-24,,Active,1142.44
REC104173,MCH3256,"Patil, Tripathi and Seshadri",5942,Books & Stationery,Partnership,Ludhiana,Punjab,2025-02-11,0074721461,Active,4035.32
REC104174,MCH6853,Prashad PLC,7011,Hotel/Lodging,Private Limited,Delhi,Delhi,2024-06-13,KVIV4494971706487,Active,410.64
REC104175,MCH8226,Das-Subramanian,5999,Miscellaneous Retail,Partnership,Jaipur,Rajasthan,2024-03-26,6578658444,Active,789.74
REC104176,MCH8372,Parsa-Chokshi,4814,Telecom,Private Limited,Amritsar,Punjab,2023-02-10,XXXX0623,Active,714.9
REC104177,MCH5590,"Bhandari, More and Bhatti",4131,Transportation,Partnership,Pune,Maharashtra,2024-10-07,CXPI7064872826114,Closed,2034.57
REC104178,MCH6578,Lal-Sachdeva,4131,Transportation,Partnership,Jalandhar,Punjab,2026-01-04,2444694216,Active,1965.27
REC104179,MCH6030,"Dhillon, Sunder and Sodhi",5999,Miscellaneous Retail,Partnership,Jaipur,Rajasthan,2025-02-19,FIPF1132011620068,Active,884.98
REC104180,MCH2056,"Kadakia, Nagi and Ramakrishnan",5699,Apparel,Sole Proprietor,Mumbai,Maharashtra,2023-02-23,XXXX6025,Active,2168.0
REC104181,MCH1083,Chaudhry-Bhat,5812,Restaurant,Sole Proprietor,Jalandhar,Punjab,2025-04-30,DSMZ2555394666399,Suspended,730.39
REC104182,MCH4041,Salvi-Mishra,5812,Restaurant,Sole Proprietor,Amritsar,Punjab,,IIMZ0020327103815,Disabled,1291.58
REC104183,MCH3859,"Mall, Bassi and Seshadri",5411,Grocery Store,Partnership,Mumbai,Maharashtra,,,Active,610.0
REC104184,MCH8007,Chaudhari Inc,5699,Apparel,Sole Proprietor,Pune,Maharashtra,2025-11-26,KFYF9189766472754,Active,1165.41
REC104185,MCH9731,Chaudhry-Pillay,5311,Department Store,Individual,Jaipur,Rajasthan,2025-09-19,4390962437,Active,516.39
REC104186,MCH5790,Devi and Sons,5942,Books & Stationery,Partnership,Jaipur,Rajasthan,2024-06-03,LANA4621044039956,Active,8961.2
REC104187,MCH1189,"Rai, Doctor and Dar",5699,Apparel,Sole Proprietor,Mumbai,Maharashtra,2024-11-13,8075572970,Active,1513.0
REC104188,MCH6504,"Wagle, Choudhry and Patla",5942,Books & Stationery,Private Limited,Jalandhar,Punjab,2025-11-14,,Active,1748.0
REC104189,MCH1213,Ray LLC,5912,Pharmacy,Partnership,Pune,Maharashtra,2024-01-07,1805958295,Inactive,1556.0
REC104190,MCH3854,"Wason, Chauhan and Ghose",5812,Restaurant,Private Limited,Hyderabad,Telangana,2025-09-01,FZNK7723155067265,Active,528.0
REC104191,MCH8884,"Dubey, Srinivasan and Pillai",5942,Books & Stationery,Sole Proprietor,Chennai,Tamil Nadu,2023-07-03,,Active,
REC104192,MCH6692,Parekh Group,5942,Books & Stationery,Partnership,Amritsar,Punjab,2023-12-23,XXXX5642,Active,3070.0
REC104193,MCH2148,Dora Ltd,5912,Pharmacy,Private Limited,Amritsar,Punjab,2024-05-30,,Active,343.34
REC104194,MCH7323,Buch PLC,7011,Hotel/Lodging,Partnership,Amritsar,Punjab,2023-08-11,XXXX4242,Active,552.97
REC104195,MCH3447,Andra-Edwin,5699,Apparel,Individual,Hyderabad,Telangana,2023-10-09,XXXX8236,Active,1619.69
REC104196,MCH6804,Johal and Sons,5699,Apparel,Sole Proprietor,Chennai,Tamil Nadu,2025-10-13,9253208573,Inactive,4018.13
REC104197,MCH3569,Choudhury-Prashad,5942,Books & Stationery,Sole Proprietor,Lucknow,Uttar Pradesh,2025-02-17,,Active,1411.0
REC104198,MCH7364,Vig-Bala,7011,Hotel/Lodging,Sole Proprietor,Mumbai,Maharashtra,2024-08-29,XXXX1900,Active,1242.0
REC104199,MCH5511,"Pandya, Dugar and Dube",5999,Miscellaneous Retail,Individual,Delhi,Delhi,2025-02-09,,Active,997.89
REC104200,MCH6517,"Vig, Sen and Kumar",5699,Apparel,Sole Proprietor,Delhi,Delhi,2023-05-05,,Active,1024.93
REC104201,MCH9779,Deo-Agate,4814,Telecom,Individual,Kolkata,West Bengal,2024-03-24,,Active,2425.1
REC104202,MCH5217,Swamy Ltd,5411,Grocery Store,Private Limited,Kolkata,West Bengal,2023-02-22,5295856120,Active,1618.62
REC104203,MCH4732,"Ramanathan, Kanda and Karnik",5812,Restaurant,Private Limited,Lucknow,Uttar Pradesh,2025-08-13,,Active,3954.51
REC104204,MCH5027,Mukhopadhyay-Brar,5999,Miscellaneous Retail,Partnership,Ludhiana,Punjab,2023-10-17,CWYO9756460575495,Active,3103.67
REC104205,MCH4411,"Kale, Issac and Sibal",5999,Miscellaneous Retail,Private Limited,Mumbai,Maharashtra,2025-12-23,GYAZ8851086848708,Active,566.46
REC104206,MCH2104,Iyengar PLC,5699,Apparel,Private Limited,Lucknow,Uttar Pradesh,2025-03-20,,Suspended,1344.05
REC104207,MCH6928,"Mutti, Palla and Zacharia",4814,Telecom,Partnership,Kolkata,West Bengal,2023-11-12,1804027882,Active,2042.85
REC104208,MCH2177,"Boase, Bajaj and Krish",5999,Miscellaneous Retail,Private Limited,Jalandhar,Punjab,2025-08-01,,Active,420.77
REC104209,MCH4354,Natarajan-Lad,7011,Hotel/Lodging,Partnership,Amritsar,Punjab,2023-08-18,XXXX6382,Active,703.43
REC104210,MCH7273,De-Gokhale,4131,Transportation,Sole Proprietor,Jalandhar,Punjab,2024-05-23,NXVM2607916550138,Active,654.26
REC104211,MCH1456,Madan-Ganesh,5699,Apparel,Individual,Amritsar,Punjab,2025-11-01,,Active,
REC104212,MCH7181,"Dar, Dada and Kala",4131,Transportation,Partnership,Kolkata,West Bengal,2023-04-14,XXXX4833,Active,859.59
REC104213,MCH6314,"Kuruvilla, Lalla and Mallick",5699,Apparel,Private Limited,Lucknow,Uttar Pradesh,2026-01-05,,Active,697.89
REC104214,MCH7864,"Kumer, Iyer and Bhavsar",4131,Transportation,Private Limited,Amritsar,Punjab,2024-12-30,9319227409,Active,611.66
REC104215,MCH5294,Bhakta Group,4814,Telecom,Private Limited,Jaipur,Rajasthan,2023-12-27,XXXX2441,Active,765.13
REC104216,MCH9219,Baria Inc,4814,Telecom,Sole Proprietor,Jaipur,Rajasthan,2024-07-29,7495991370,Active,1931.0
REC104217,MCH5070,Rau-Nagar,5999,Miscellaneous Retail,Private Limited,Chennai,Tamil Nadu,2024-12-04,,Active,11139.0
REC104218,MCH1889,Bakshi LLC,5999,Miscellaneous Retail,Individual,Jalandhar,Punjab,2024-02-13,XXXX2818,Active,2474.04
REC104219,MCH6224,Lal-An and,5912,Pharmacy,Private Limited,Delhi,Delhi,2025-07-28,3453251138,Active,3823.0
REC104220,MCH7709,Sangha LLC,5812,Restaurant,Sole Proprietor,Jalandhar,Punjab,2024-07-11,LORK7301099084726,Active,968.83
REC104221,MCH4769,"Venkataraman, Dey and Patil",7011,Hotel/Lodging,Partnership,Ludhiana,Punjab,2023-11-01,,Active,145.49
REC104222,MCH4274,Walia Group,4131,Transportation,Private Limited,Mumbai,Maharashtra,2025-10-29,OSZC0719397300693,Active,1705.04
REC104223,MCH1772,"Sarin, Kothari and Lal",5912,Pharmacy,Individual,Jalandhar,Punjab,2025-09-11,GQQF2119444967880,Active,
REC104224,MCH1818,Bakshi-Golla,5699,Apparel,Private Limited,Kolkata,West Bengal,2023-10-04,7575233501,Active,4859.19
REC104225,MCH6343,Prabhakar Ltd,5411,Grocery Store,Sole Proprietor,Ludhiana,Punjab,2025-11-13,,Disabled,8227.32
REC104226,MCH8114,"Raman, Sandal and Bedi",4814,Telecom,Individual,Jalandhar,Punjab,2024-02-08,LFZC4951241506007,Active,1612.23
REC104227,MCH7335,"Narayan, Cheema and Chana",5812,Restaurant,Private Limited,Chennai,Tamil Nadu,2025-03-18,EHXK3209295259680,Active,699.42
REC104228,MCH8125,"Jaggi, Samra and Narula",4131,Transportation,Sole Proprietor,Chennai,Tamil Nadu,2023-10-19,XXXX6695,Active,983.23
REC104229,MCH2718,"Krishna, Prabhu and Kara",7011,Hotel/Lodging,Individual,Bengaluru,Karnataka,2024-12-20,VEWG4998867762324,Active,529.14
REC104230,MCH3718,"Som, Barman and Bhavsar",5411,Grocery Store,Sole Proprietor,Pune,Maharashtra,,2345441898,Active,312.19
REC104231,MCH3338,"Mistry, Majumdar and Ghosh",4814,Telecom,Individual,Ludhiana,Punjab,2024-04-26,KYYU5062619258958,Active,1989.0
REC104232,MCH8038,"Singh, Baria and Kakar",5912,Pharmacy,Private Limited,Lucknow,Uttar Pradesh,2024-12-20,5855829731,Active,1174.3
REC104233,MCH6634,"Bobal, Randhawa and Guha",5999,Miscellaneous Retail,Sole Proprietor,Delhi,Delhi,2024-07-17,4957341463,Active,3780.75
REC104234,MCH2028,Viswanathan LLC,4814,Telecom,Individual,Pune,Maharashtra,2024-05-23,XXXX2833,Active,634.0
REC104235,MCH9722,"Krishna, Saxena and Aurora",4814,Telecom,Individual,Lucknow,Uttar Pradesh,,XXXX5150,Active,
REC104236,MCH8966,Talwar PLC,5999,Miscellaneous Retail,Sole Proprietor,Chennai,Tamil Nadu,2023-07-23,LXSL0666403926452,Active,432.95
REC104237,MCH5378,Biswas-Seshadri,5411,Grocery Store,Sole Proprietor,Kolkata,West Bengal,2025-11-05,,Active,815.52
REC104238,MCH5741,Rajagopalan PLC,5942,Books & Stationery,Individual,Hyderabad,Telangana,2025-10-29,2788746336,Disabled,1562.28
REC104239,MCH1721,"Mammen, Kala and Gara",7011,Hotel/Lodging,Individual,Kolkata,West Bengal,2023-10-07,,Active,1736.83
REC104240,MCH7647,"Bala, Mody and Kumer",5912,Pharmacy,Partnership,Mumbai,Maharashtra,2025-12-30,XXXX0768,Disabled,3285.0
REC104241,MCH7358,Basak-Patla,5999,Miscellaneous Retail,Sole Proprietor,Delhi,Delhi,2025-12-19,1781542230,Active,3053.41
REC104242,MCH5912,Shenoy PLC,4814,Telecom,Individual,Bengaluru,Karnataka,2023-12-12,,Active,551.95
REC104243,MCH6380,Naik-Kalla,5999,Miscellaneous Retail,Individual,Pune,Maharashtra,2026-01-02,6290942991,Blocked,
REC104244,MCH7225,Apte-Wadhwa,5812,Restaurant,Individual,Jalandhar,Punjab,2025-03-07,XXXX2773,Active,
REC104245,MCH5924,Chana-Thaman,4814,Telecom,Sole Proprietor,Delhi,Delhi,2025-09-27,XXXX2862,Active,1054.56
REC104246,MCH1680,"Dube, Sekhon and Nagarajan",5699,Apparel,Sole Proprietor,Ludhiana,Punjab,2025-02-03,,Active,855.0
REC104247,MCH7060,"Nayak, Parmer and An and",5912,Pharmacy,Private Limited,Kolkata,West Bengal,2023-05-26,,Active,1299.1
REC104248,MCH8909,"Palan, Wali and Wagle",5999,Miscellaneous Retail,Individual,Delhi,Delhi,,AMLI0055772138931,Active,1366.3
REC104249,MCH7548,Dhillon Inc,4814,Telecom,Private Limited,Hyderabad,Telangana,2025-08-24,XXXX6625,Blocked,4170.0
REC104250,MCH6043,Natt Inc,5311,Department Store,Sole Proprietor,Mumbai,Maharashtra,2024-01-24,,Active,766.54
REC104251,MCH5607,Sengupta-Murty,5942,Books & Stationery,Sole Proprietor,Delhi,Delhi,2023-10-05,GVNH6755841589954,Active,2739.15
REC104252,MCH4529,Varkey-Pant,5699,Apparel,Private Limited,Ludhiana,Punjab,2024-06-01,6768398433,Active,1710.62
REC104253,MCH3518,Borah and Sons,4131,Transportation,Sole Proprietor,Mumbai,Maharashtra,2026-02-06,GCBI5958315675126,Active,451.33
REC104254,MCH3477,"Mangal, Comar and Krish",5311,Department Store,Sole Proprietor,Mumbai,Maharashtra,2025-03-30,,Active,13897.21
REC104255,MCH4777,Babu-Choudhry,4814,Telecom,Individual,Delhi,Delhi,2026-01-10,,Active,373.4
REC104256,MCH7440,Rastogi-Manne,5699,Apparel,Sole Proprietor,Lucknow,Uttar Pradesh,2025-10-27,,Active,2334.42
REC104257,MCH1352,"Bandi, Soman and Manne",5812,Restaurant,Individual,Jalandhar,Punjab,2026-01-28,,Active,4146.0
REC104258,MCH1400,Kapoor-Bhalla,5699,Apparel,Partnership,Chennai,Tamil Nadu,2023-05-17,,Active,913.08
REC104259,MCH9937,"Sant, Dada and Biswas",4814,Telecom,Partnership,Hyderabad,Telangana,2023-08-09,,Inactive,663.0
REC104260,MCH8151,Dalal PLC,5699,Apparel,Individual,Jalandhar,Punjab,2024-08-01,WQMC9295186993346,Active,1200.0
REC104261,MCH5768,Minhas Group,4814,Telecom,Sole Proprietor,Hyderabad,Telangana,2023-09-08,BVES3790408976679,Active,1396.68
REC104262,MCH2914,Sharaf-Tara,5311,Department Store,Individual,Kolkata,West Bengal,2025-07-02,,Active,542.0
REC104263,MCH3085,Reddy-Wagle,7011,Hotel/Lodging,Sole Proprietor,Bengaluru,Karnataka,2025-05-27,,Active,258.0
REC104264,MCH2345,"Kibe, Verma and Koshy",4814,Telecom,Individual,Bengaluru,Karnataka,2024-06-28,2126684184,Active,808.61
REC104265,MCH3134,Rajan PLC,5311,Department Store,Individual,Jaipur,Rajasthan,2024-09-30,YYBA4456378455566,Active,993.0
REC104266,MCH3263,Sarna-Chauhan,5812,Restaurant,Sole Proprietor,Lucknow,Uttar Pradesh,2025-05-18,4897875203,Active,2348.1
REC104267,MCH5261,Mody Group,5942,Books & Stationery,Individual,Jaipur,Rajasthan,2025-12-11,,Active,345.16
REC104268,MCH9931,"Wadhwa, Loyal and Bhat",4814,Telecom,Partnership,Lucknow,Uttar Pradesh,2024-05-03,,Hold,
REC104269,MCH8597,Hayre-Badami,5812,Restaurant,Private Limited,Amritsar,Punjab,2023-05-26,XXXX4723,Active,1847.81
REC104270,MCH6071,Nagy Inc,5311,Department Store,Private Limited,Delhi,Delhi,,XXXX2349,Active,
REC104271,MCH8957,Madan-Kothari,5699,Apparel,Sole Proprietor,Ludhiana,Punjab,,XXXX2329,Active,934.34
REC104272,MCH1605,Kar-Peri,5999,Miscellaneous Retail,Individual,Delhi,Delhi,2025-12-14,,Active,3940.67
REC104273,MCH8509,Raman-Hans,5699,Apparel,Individual,Lucknow,Uttar Pradesh,2024-05-16,XXXX2100,Disabled,882.0
REC104274,MCH1450,"Hora, Kunda and Dani",5311,Department Store,Sole Proprietor,Ludhiana,Punjab,2023-10-30,XXXX1537,Disabled,1853.9
REC104275,MCH2424,Kari-Morar,5999,Miscellaneous Retail,Sole Proprietor,Mumbai,Maharashtra,,7720169821,Active,763.93
REC104276,MCH3612,Dara-Rama,5942,Books & Stationery,Sole Proprietor,Delhi,Delhi,2024-04-10,,Active,2252.16
REC104277,MCH9082,Din-Batta,5311,Department Store,Private Limited,Mumbai,Maharashtra,2024-02-18,XXXX5721,Inactive,4454.42
REC104278,MCH1727,Chacko LLC,5999,Miscellaneous Retail,Partnership,Amritsar,Punjab,2023-07-23,,Active,1914.68
REC104279,MCH1280,"Ben, Madan and Dey",5942,Books & Stationery,Private Limited,Lucknow,Uttar Pradesh,2025-06-13,,Active,1308.81
REC104280,MCH2448,Shan Ltd,5699,Apparel,Private Limited,Delhi,Delhi,2023-03-22,,Active,331.32
REC104281,MCH1021,Varghese-Ramachandran,5812,Restaurant,Private Limited,Amritsar,Punjab,,,Active,734.0
REC104282,MCH9004,Kaur Inc,5699,Apparel,Partnership,Bengaluru,Karnataka,2023-10-07,XXXX9308,Active,1124.44
REC104283,MCH4010,"Barad, Mukherjee and Joshi",5411,Grocery Store,Sole Proprietor,Amritsar,Punjab,2024-01-28,,Active,992.35
REC104284,MCH1379,Chokshi Ltd,5912,Pharmacy,Individual,Chennai,Tamil Nadu,2024-01-23,XXXX4340,Active,2729.5
REC104285,MCH3014,Nagarajan-Bandi,5311,Department Store,Individual,Delhi,Delhi,2025-06-09,XXXX4761,Active,3013.17
REC104286,MCH2100,"Jani, Bobal and Singhal",7011,Hotel/Lodging,Individual,Bengaluru,Karnataka,,,Active,1281.0
REC104287,MCH5040,Kumer-Morar,4131,Transportation,Private Limited,Chennai,Tamil Nadu,2023-01-08,,Active,5948.0
REC104288,MCH8151,"Sangha, Master and Ch and",5999,Miscellaneous Retail,Sole Proprietor,Delhi,Delhi,2024-02-04,,Active,606.88
REC104289,MCH3941,Bassi-Deshmukh,4814,Telecom,Individual,Amritsar,Punjab,2025-10-25,,Active,979.98
REC104290,MCH1531,Savant and Sons,7011,Hotel/Lodging,Private Limited,Delhi,Delhi,2026-02-10,,Closed,1019.94
REC104291,MCH6025,Wable and Sons,4814,Telecom,Sole Proprietor,Pune,Maharashtra,2026-01-14,,Active,2018.15
REC104292,MCH9396,Baria-Bhasin,5912,Pharmacy,Partnership,Pune,Maharashtra,2025-01-24,WSGG2231313442332,Active,
REC104293,MCH2742,"Manne, Patil and Mukhopadhyay",5942,Books & Stationery,Sole Proprietor,Pune,Maharashtra,2025-03-10,JAUF9449397976214,Active,1389.0
REC104294,MCH5831,Kibe Inc,4814,Telecom,Sole Proprietor,Ludhiana,Punjab,2024-01-21,,Active,2267.19
REC104295,MCH2179,Chanda-Sura,5699,Apparel,Private Limited,Jalandhar,Punjab,2026-01-07,XXXX4523,Active,1281.24
REC104296,MCH3753,Vohra-Din,5699,Apparel,Private Limited,Kolkata,West Bengal,2025-03-30,8109513390,Active,754.9
REC104297,MCH5958,"Panchal, Krishnan and Thakkar",5812,Restaurant,Private Limited,Chennai,Tamil Nadu,2025-06-16,1176480578,Closed,999.64
REC104298,MCH2767,Banik-Biswas,5411,Grocery Store,Individual,Mumbai,Maharashtra,2024-04-01,,Inactive,4259.84
REC104299,MCH9584,"Bhat, Shukla and Bajaj",5311,Department Store,Private Limited,Mumbai,Maharashtra,2025-02-04,XXXX2185,Closed,4140.74
REC104300,MCH5208,Mann Inc,5411,Grocery Store,Private Limited,Hyderabad,Telangana,2023-04-10,,Suspended,1269.59
REC104301,MCH7432,Taneja-Hari,5699,Apparel,Sole Proprietor,Bengaluru,Karnataka,2025-11-24,,Active,1291.31
REC104302,MCH3340,Bhargava LLC,5699,Apparel,Sole Proprietor,Kolkata,West Bengal,2025-10-12,,Hold,
REC104303,MCH9332,Gala Inc,5699,Apparel,Private Limited,Amritsar,Punjab,2023-03-21,XXXX9903,Active,1348.88
REC104304,MCH2123,Lala and Sons,5311,Department Store,Private Limited,Mumbai,Maharashtra,2025-01-03,,Active,13187.41
REC104305,MCH2792,"Varkey, Uppal and Mitter",4131,Transportation,Partnership,Delhi,Delhi,2024-11-06,4127542367,Active,130.0
REC104306,MCH5230,Bajaj Ltd,4131,Transportation,Partnership,Delhi,Delhi,2024-02-01,8842729592,Active,3959.52
REC104307,MCH9972,"Bakshi, Tata and Parmer",5311,Department Store,Sole Proprietor,Hyderabad,Telangana,2024-08-14,ATOC5117985834296,Active,1398.48
REC104308,MCH6365,Raghavan LLC,4131,Transportation,Partnership,Hyderabad,Telangana,2023-10-28,,Active,2729.02
REC104309,MCH8890,Mane-Sheth,5999,Miscellaneous Retail,Individual,Jaipur,Rajasthan,,XXXX2596,Disabled,
REC104310,MCH3672,"Ray, Radhakrishnan and Parmar",7011,Hotel/Lodging,Private Limited,Lucknow,Uttar Pradesh,2024-11-30,GKAL4059180951446,Active,
REC104311,MCH3187,"Mand, Singhal and Raman",5912,Pharmacy,Sole Proprietor,Kolkata,West Bengal,2023-07-11,ZOEN9168175383897,Active,4276.66
REC104312,MCH6247,Dhar-Ram,4814,Telecom,Individual,Jaipur,Rajasthan,2026-01-14,,Active,468.52
REC104313,MCH4438,Vasa-Divan,5311,Department Store,Partnership,Kolkata,West Bengal,2025-09-10,DDPR9154239625573,Active,1288.65
REC104314,MCH7960,Comar-Ramesh,5411,Grocery Store,Sole Proprietor,Amritsar,Punjab,2023-05-01,XXXX2411,Active,
REC104315,MCH3578,"Badal, Gopal and Walla",4131,Transportation,Individual,Amritsar,Punjab,2024-05-19,CBPY2495238962575,Active,14795.0
REC104316,MCH7279,Das PLC,5999,Miscellaneous Retail,Partnership,Jaipur,Rajasthan,,WTVS1342257023005,Active,1157.26
REC104317,MCH9457,"Grover, Deep and Subramaniam",4131,Transportation,Partnership,Bengaluru,Karnataka,2026-01-19,XXXX7189,Active,276.66
REC104318,MCH5265,"Jain, Jaggi and Gara",5699,Apparel,Individual,Jaipur,Rajasthan,2023-10-05,XXXX8547,Active,617.01
REC104319,MCH1053,"Gera, Grover and Sehgal",4814,Telecom,Individual,Amritsar,Punjab,2025-02-22,,Active,
REC104320,MCH7840,Sood LLC,5311,Department Store,Individual,Pune,Maharashtra,2023-09-26,XXXX2181,Active,394.0
REC104321,MCH7828,Samra Ltd,5912,Pharmacy,Private Limited,Kolkata,West Bengal,2023-10-03,,Active,2295.0
REC104322,MCH5954,"Chand, Dora and Dey",5812,Restaurant,Private Limited,Chennai,Tamil Nadu,2025-08-28,,Active,1159.45
REC104323,MCH4944,"Pillai, Kurian and Sunder",5411,Grocery Store,Sole Proprietor,Mumbai,Maharashtra,2023-04-08,XXXX3249,Active,907.45
REC104324,MCH3216,Kothari-Bhatia,5411,Grocery Store,Sole Proprietor,Hyderabad,Telangana,2025-01-28,3754349166,Active,1987.15
REC104325,MCH6260,Mittal PLC,5912,Pharmacy,Private Limited,Lucknow,Uttar Pradesh,2025-01-27,XXXX9807,Active,
REC104326,MCH6396,Ganesan-Lad,5311,Department Store,Private Limited,Jaipur,Rajasthan,2023-03-16,1072029777,Blocked,3700.61
REC104327,MCH8428,"Keer, Batra and Kapadia",7011,Hotel/Lodging,Partnership,Jalandhar,Punjab,2024-08-19,,Active,2475.47
REC104328,MCH7042,Barad-Raman,4814,Telecom,Sole Proprietor,Chennai,Tamil Nadu,2023-01-07,XXXX5012,Active,986.23
REC104329,MCH9021,Sandhu-Jayaraman,5311,Department Store,Private Limited,Delhi,Delhi,,,Active,1258.68
REC104330,MCH3475,"Wadhwa, Banik and Prakash",5812,Restaurant,Private Limited,Jaipur,Rajasthan,2025-01-16,4792307270,Active,335.53
REC104331,MCH2990,Nazareth Ltd,4814,Telecom,Individual,Delhi,Delhi,,NNKA9590521959789,Active,1043.0
REC104332,MCH8098,"Sahni, Bahri and Apte",5912,Pharmacy,Individual,Pune,Maharashtra,2025-08-27,XXXX6599,Active,1970.0
REC104333,MCH2154,"Badal, Yadav and Mane",5999,Miscellaneous Retail,Sole Proprietor,Lucknow,Uttar Pradesh,2023-08-02,XXXX9820,Active,
REC104334,MCH4720,Sha Ltd,5411,Grocery Store,Partnership,Chennai,Tamil Nadu,2024-04-05,0136765801,Active,874.68
REC104335,MCH5097,Sathe Inc,5311,Department Store,Sole Proprietor,Jaipur,Rajasthan,2023-07-05,XXXX5532,Active,997.33
REC104336,MCH7628,"Mander, Guha and Varty",4814,Telecom,Sole Proprietor,Mumbai,Maharashtra,2026-01-12,0845621446,Suspended,8496.25
REC104337,MCH2749,Kashyap-Pillai,4131,Transportation,Private Limited,Bengaluru,Karnataka,2024-07-15,,Disabled,
REC104338,MCH9966,Toor Group,5999,Miscellaneous Retail,Partnership,Kolkata,West Bengal,2024-03-11,1428945380,Active,681.04
REC104339,MCH7495,"Subramaniam, Radhakrishnan and Bahri",5411,Grocery Store,Individual,Amritsar,Punjab,2023-05-14,XXXX3800,Closed,1584.42
REC104340,MCH6466,Randhawa LLC,5311,Department Store,Individual,Pune,Maharashtra,2024-06-03,WUJF6073785687916,Active,3082.9
REC104341,MCH4744,Tiwari-Bedi,5942,Books & Stationery,Sole Proprietor,Pune,Maharashtra,2024-07-13,0085843923,Closed,1636.0
REC104342,MCH6861,Gandhi-Shukla,5411,Grocery Store,Partnership,Kolkata,West Bengal,2024-01-09,,Active,1540.0
REC104343,MCH9593,Varty-Lala,5942,Books & Stationery,Individual,Lucknow,Uttar Pradesh,2024-02-08,DUTM3222823880955,Active,3004.61
REC104344,MCH8929,Nagi-Bala,5311,Department Store,Sole Proprietor,Kolkata,West Bengal,2024-12-17,XXXX2967,Active,232.0
REC104345,MCH8489,"Nadkarni, Murty and Chad",5912,Pharmacy,Partnership,Ludhiana,Punjab,2023-11-29,,Active,713.56
REC104346,MCH6244,Memon and Sons,5311,Department Store,Individual,Mumbai,Maharashtra,2025-11-24,,Disabled,
REC104347,MCH2085,Kala-Shah,4131,Transportation,Private Limited,Pune,Maharashtra,2024-07-22,XXXX7338,Active,3590.82
REC104348,MCH9482,"Vasa, Chada and Iyengar",5411,Grocery Store,Partnership,Hyderabad,Telangana,,XXXX4559,Active,600.13
REC104349,MCH6501,Kala-Garg,5699,Apparel,Sole Proprietor,Ludhiana,Punjab,2023-05-07,5422601773,Active,471.98
REC104350,MCH2007,"Mahal, Divan and Sharaf",5999,Miscellaneous Retail,Sole Proprietor,Jalandhar,Punjab,2023-02-02,4814016835,Active,435.32
REC104351,MCH3105,Bandi PLC,5311,Department Store,Sole Proprietor,Mumbai,Maharashtra,2026-01-05,1280850023,Active,1578.41
REC104352,MCH7654,Chakraborty Inc,5699,Apparel,Sole Proprietor,Lucknow,Uttar Pradesh,,,Active,1250.0
REC104353,MCH2778,Madan PLC,5912,Pharmacy,Sole Proprietor,Amritsar,Punjab,2024-03-25,XXXX3934,Active,4029.72
REC104354,MCH6056,Iyengar-Hegde,4131,Transportation,Partnership,Amritsar,Punjab,2025-03-23,,Active,1004.69
REC104355,MCH9704,"Maharaj, Sangha and Suresh",5411,Grocery Store,Private Limited,Pune,Maharashtra,2023-01-01,FJDE3725342913526,Active,
REC104356,MCH2915,"Chakrabarti, Hora and Sha",4814,Telecom,Partnership,Chennai,Tamil Nadu,2024-03-15,1253622214,Active,18355.56
REC104357,MCH9916,"Sur, Palla and Goyal",4814,Telecom,Private Limited,Pune,Maharashtra,2023-09-04,7186592814,Active,282.0
REC104358,MCH3260,Viswanathan Inc,4131,Transportation,Individual,Amritsar,Punjab,2025-09-24,,Disabled,2698.89
REC104359,MCH1609,Ram-Palla,4814,Telecom,Private Limited,Mumbai,Maharashtra,2023-07-17,8485226822,Active,554.3
REC104360,MCH5934,Krish-Doshi,4131,Transportation,Individual,Jaipur,Rajasthan,2024-02-24,2184684980,Active,2895.4
REC104361,MCH6508,Varty Inc,5912,Pharmacy,Individual,Jalandhar,Punjab,2025-09-18,,Active,3434.37
REC104362,MCH2950,"Rastogi, Bhavsar and Varghese",5942,Books & Stationery,Private Limited,Bengaluru,Karnataka,2024-11-26,6783380146,Active,2370.66
REC104363,MCH5904,Karan Ltd,5699,Apparel,Sole Proprietor,Bengaluru,Karnataka,2023-11-29,,Active,1441.0
REC104364,MCH9299,Pathak-Menon,5812,Restaurant,Sole Proprietor,Ludhiana,Punjab,2024-04-28,,Active,3015.0
REC104365,MCH7431,Nagarajan and Sons,7011,Hotel/Lodging,Sole Proprietor,Jaipur,Rajasthan,2023-01-04,XXXX7904,Active,1657.0
REC104366,MCH3330,"Keer, Gupta and Som",5311,Department Store,Private Limited,Jalandhar,Punjab,2025-11-26,LOCM5644673929837,Active,3134.69
REC104367,MCH6805,Dora Ltd,5311,Department Store,Private Limited,Mumbai,Maharashtra,2025-09-17,4896284694,Active,371.73
REC104368,MCH7280,Baral Ltd,5812,Restaurant,Individual,Jalandhar,Punjab,2025-12-18,,Active,5521.6
REC104369,MCH4667,Solanki-Batta,5699,Apparel,Individual,Kolkata,West Bengal,2025-07-05,3048400302,Active,
REC104370,MCH5401,Dave PLC,5311,Department Store,Partnership,Mumbai,Maharashtra,2023-06-03,,Active,3231.0
REC104371,MCH7464,Dutta LLC,4131,Transportation,Private Limited,Lucknow,Uttar Pradesh,2024-09-18,,Active,270.92
REC104372,MCH4909,"Sharaf, Lalla and Rattan",5942,Books & Stationery,Sole Proprietor,Kolkata,West Bengal,2025-02-16,5725440715,Active,650.04
REC104373,MCH7830,Narayanan-Barad,5912,Pharmacy,Private Limited,Jaipur,Rajasthan,2025-12-14,9447863643,Suspended,1497.41
REC104374,MCH3454,Rajagopal-Wason,5812,Restaurant,Partnership,Hyderabad,Telangana,2024-08-22,XXXX7731,Active,
REC104375,MCH8572,"Sheth, Seth and Kulkarni",4814,Telecom,Individual,Jaipur,Rajasthan,2026-01-15,AQKO8183766323405,Active,4326.0
REC104376,MCH7917,Parsa-Madan,5411,Grocery Store,Sole Proprietor,Pune,Maharashtra,2023-04-02,XXXX8810,Inactive,
REC104377,MCH8431,"Brahmbhatt, Ranganathan and Sangha",5912,Pharmacy,Partnership,Hyderabad,Telangana,2023-04-29,,Active,1715.36
REC104378,MCH4490,"Chawla, Prabhakar and Gupta",5812,Restaurant,Private Limited,Chennai,Tamil Nadu,,XXXX6406,Active,279.0
REC104379,MCH3362,Chander-Sangha,5411,Grocery Store,Private Limited,Amritsar,Punjab,2026-02-26,,Suspended,12795.59
REC104380,MCH9393,Chand-Vasa,5942,Books & Stationery,Individual,Ludhiana,Punjab,2024-12-23,2020254669,Active,2868.44
REC104381,MCH1636,"Natt, Mitter and Oza",7011,Hotel/Lodging,Sole Proprietor,Delhi,Delhi,2025-01-17,,Active,987.0
REC104382,MCH8096,Srinivas-Verma,4814,Telecom,Partnership,Mumbai,Maharashtra,,,Active,2241.14
REC104383,MCH6450,Bobal Ltd,5699,Apparel,Individual,Lucknow,Uttar Pradesh,2025-06-25,UETF4584172674537,Suspended,3737.71
REC104384,MCH6332,Varkey-Jha,5699,Apparel,Sole Proprietor,Amritsar,Punjab,2025-10-13,,Active,
REC104385,MCH7383,Mander LLC,5999,Miscellaneous Retail,Sole Proprietor,Hyderabad,Telangana,2025-03-25,,Active,2244.22
REC104386,MCH6397,"Chacko, Ganguly and Gala",4814,Telecom,Sole Proprietor,Delhi,Delhi,2023-06-18,KTQR3750781117068,Active,
REC104387,MCH1359,Palan-Minhas,5699,Apparel,Individual,Chennai,Tamil Nadu,2024-08-24,,Active,1891.91
REC104388,MCH7701,Ravel-Lala,5411,Grocery Store,Private Limited,Ludhiana,Punjab,2025-05-12,XXXX7294,Active,1411.44
REC104389,MCH7395,Bose and Sons,7011,Hotel/Lodging,Individual,Bengaluru,Karnataka,2024-07-01,XXXX9489,Active,431.0
REC104390,MCH4165,Nayar PLC,5311,Department Store,Private Limited,Delhi,Delhi,2023-06-03,,Hold,1388.15
REC104391,MCH9137,Chakrabarti PLC,4131,Transportation,Private Limited,Jaipur,Rajasthan,2023-11-19,XXXX6117,Active,347.82
REC104392,MCH1663,"Edwin, Kala and Barad",4131,Transportation,Individual,Chennai,Tamil Nadu,2024-07-04,FGIZ0772949946430,Active,449.21
REC104393,MCH1380,Bhatia-Oza,4814,Telecom,Partnership,Jaipur,Rajasthan,2023-07-11,,Suspended,479.32
REC104394,MCH7746,Luthra Group,5699,Apparel,Private Limited,Jaipur,Rajasthan,2025-10-08,4338266840,Active,1244.49
REC104395,MCH6593,Sharma-Ahuja,5411,Grocery Store,Sole Proprietor,Jalandhar,Punjab,2025-06-27,RJHM5836701029342,Active,3094.86
REC104396,MCH4951,"Sha, Shan and D'Alia",4814,Telecom,Private Limited,Mumbai,Maharashtra,2023-08-05,6408029678,Disabled,
REC104397,MCH2921,Bakshi-Narayanan,7011,Hotel/Lodging,Private Limited,Lucknow,Uttar Pradesh,2024-06-18,XXXX0910,Active,
REC104398,MCH2697,Shan-Warrior,4131,Transportation,Private Limited,Bengaluru,Karnataka,2024-02-08,,Inactive,1199.93
REC104399,MCH3376,Sama-Gaba,5411,Grocery Store,Individual,Hyderabad,Telangana,,XXXX4890,Active,732.24
REC104400,MCH9203,Lad LLC,5812,Restaurant,Individual,Chennai,Tamil Nadu,2023-09-29,,Active,
REC104401,MCH8981,Tara-Sinha,5999,Miscellaneous Retail,Individual,Bengaluru,Karnataka,2025-10-02,1533662903,Active,3617.0
REC104402,MCH9867,Tripathi Ltd,5942,Books & Stationery,Individual,Hyderabad,Telangana,2024-11-01,,Active,936.0
REC104403,MCH5316,Madan Ltd,5311,Department Store,Individual,Kolkata,West Bengal,2023-05-11,,Inactive,706.61
REC104404,MCH1848,Dugar and Sons,4814,Telecom,Partnership,Chennai,Tamil Nadu,2023-08-19,QLVN5575786751509,Suspended,644.35
REC104405,MCH8633,Pillai-Lata,5912,Pharmacy,Individual,Amritsar,Punjab,2025-04-02,6437885672,Active,1325.55
REC104406,MCH4515,Memon-Upadhyay,4131,Transportation,Sole Proprietor,Lucknow,Uttar Pradesh,2024-04-03,,Active,2435.25
REC104407,MCH1058,"Vyas, Virk and Datta",5311,Department Store,Partnership,Pune,Maharashtra,2023-01-20,XXXX0826,Active,1504.39
REC104408,MCH1541,Chopra LLC,5311,Department Store,Private Limited,Chennai,Tamil Nadu,2023-10-31,XXXX8788,Active,
REC104409,MCH8505,"Dora, Bhatia and Bhatia",5411,Grocery Store,Partnership,Amritsar,Punjab,2023-05-17,SAIK5515592782318,Active,2376.66
REC104410,MCH5064,Pandey-Sangha,5699,Apparel,Sole Proprietor,Bengaluru,Karnataka,2023-12-31,XXXX3296,Active,2028.77
REC104411,MCH6839,Kapoor-Dubey,4814,Telecom,Partnership,Delhi,Delhi,2024-10-13,,Inactive,2336.23
REC104412,MCH6545,Garg PLC,5699,Apparel,Partnership,Ludhiana,Punjab,2024-02-20,,Active,1653.52
REC104413,MCH8059,Kapadia PLC,4814,Telecom,Sole Proprietor,Mumbai,Maharashtra,2023-06-05,,Inactive,263.96
REC104414,MCH6831,Kurian and Sons,4131,Transportation,Private Limited,Pune,Maharashtra,2024-09-08,,Active,350.65
REC104415,MCH4630,Bhandari Group,7011,Hotel/Lodging,Partnership,Hyderabad,Telangana,2025-07-13,GJVT8091874035086,Closed,
REC104416,MCH4148,"Wali, Babu and Tank",4814,Telecom,Partnership,Jaipur,Rajasthan,2023-01-08,PUUF6382776692306,Active,2368.62
REC104417,MCH2395,Dara-Natarajan,5999,Miscellaneous Retail,Private Limited,Jalandhar,Punjab,,7691266983,Active,
REC104418,MCH4047,Kaul-Barad,5311,Department Store,Sole Proprietor,Mumbai,Maharashtra,2025-05-13,XXXX0729,Active,986.5
REC104419,MCH6469,"Bahl, Barad and Dhillon",5311,Department Store,Private Limited,Chennai,Tamil Nadu,2025-02-10,,Active,
REC104420,MCH1142,"Master, Soni and Kapadia",4814,Telecom,Sole Proprietor,Chennai,Tamil Nadu,2024-10-06,4563871051,Active,252.13
REC104421,MCH5236,"More, Luthra and Deol",5999,Miscellaneous Retail,Partnership,Amritsar,Punjab,2023-02-11,,Active,1110.58
REC104422,MCH9080,Sarraf Group,4814,Telecom,Private Limited,Jalandhar,Punjab,2023-09-06,ZYKY9821545261930,Active,
REC104423,MCH8794,Mani-Zachariah,5411,Grocery Store,Partnership,Bengaluru,Karnataka,2026-01-04,AKYW5964261838493,Inactive,6393.53
REC104424,MCH4208,Devi-Mangal,5942,Books & Stationery,Sole Proprietor,Ludhiana,Punjab,2025-08-27,,Active,1564.41
REC104425,MCH2754,"Lata, Wadhwa and Parsa",5812,Restaurant,Sole Proprietor,Bengaluru,Karnataka,2023-06-11,,Active,11880.54
REC104426,MCH2709,"Iyengar, Dugar and Chacko",7011,Hotel/Lodging,Private Limited,Jaipur,Rajasthan,2023-09-16,XXXX4012,Active,2413.11
REC104427,MCH4289,Singhal-Dasgupta,5699,Apparel,Partnership,Bengaluru,Karnataka,2025-02-17,ZEDE0222029565689,Active,
REC104428,MCH5914,"Agarwal, Pant and Ravi",5311,Department Store,Private Limited,Hyderabad,Telangana,2023-10-23,XXXX4508,Active,
REC104429,MCH3946,Dhar-Buch,5812,Restaurant,Partnership,Delhi,Delhi,2025-07-02,YGDI8437831559376,Active,1451.62
REC104430,MCH2402,Dhillon Group,5912,Pharmacy,Individual,Mumbai,Maharashtra,2024-02-12,IEQW6694363532348,Active,1477.89
REC104431,MCH7604,"Varkey, Hayer and Ratti",5411,Grocery Store,Partnership,Chennai,Tamil Nadu,2025-02-17,XXXX6093,Active,868.52
REC104432,MCH3604,"Shetty, Bali and Sama",5411,Grocery Store,Partnership,Ludhiana,Punjab,2023-01-04,IQHJ3383226507557,Inactive,394.0
REC104433,MCH7919,Mistry-Bhatt,4814,Telecom,Individual,Lucknow,Uttar Pradesh,2023-04-01,,Active,563.19
REC104434,MCH7154,"Raj, Ram and Chokshi",5812,Restaurant,Private Limited,Chennai,Tamil Nadu,2023-11-05,,Active,242.8
REC104435,MCH8446,Pingle Inc,5912,Pharmacy,Individual,Jalandhar,Punjab,2024-11-02,IMWK0138526461627,Inactive,1069.0
REC104436,MCH7138,Shere-Shankar,5411,Grocery Store,Sole Proprietor,Chennai,Tamil Nadu,2024-03-07,CDLC2524893044250,Active,1960.27
REC104437,MCH9040,Sharma-Dubey,5942,Books & Stationery,Sole Proprietor,Jaipur,Rajasthan,2023-06-25,XXXX1697,Active,573.1
REC104438,MCH9393,Narasimhan Inc,4131,Transportation,Partnership,Kolkata,West Bengal,2024-09-18,8072590742,Active,1156.0
REC104439,MCH3140,Sarraf-Viswanathan,4131,Transportation,Partnership,Ludhiana,Punjab,2023-07-30,4937611894,Suspended,1614.0
REC104440,MCH3021,"Hegde, Kibe and Gade",4814,Telecom,Private Limited,Kolkata,West Bengal,2023-09-13,,Active,
REC104441,MCH5307,"Balan, Varughese and Dave",5812,Restaurant,Partnership,Pune,Maharashtra,,SMCN8377573336751,Active,204.07
REC104442,MCH9906,Sani-Tailor,5311,Department Store,Partnership,Chennai,Tamil Nadu,2024-11-20,,Active,3953.0
REC104443,MCH6216,"Bhatti, Dass and Deshpande",5411,Grocery Store,Individual,Ludhiana,Punjab,2024-09-08,XXXX5234,Active,1325.06
REC104444,MCH7987,Mangat-Sundaram,5912,Pharmacy,Individual,Chennai,Tamil Nadu,2023-02-25,XXXX1113,Active,
REC104445,MCH4652,Mistry Inc,5812,Restaurant,Private Limited,Ludhiana,Punjab,2024-07-25,0761661593,Active,3458.11
REC104446,MCH1021,Naik-Karpe,5411,Grocery Store,Sole Proprietor,Mumbai,Maharashtra,2025-11-16,BPUY6277335937444,Active,2341.57
REC104447,MCH8915,"Chadha, Patil and Bose",4131,Transportation,Sole Proprietor,Jaipur,Rajasthan,2025-10-19,,Active,
REC104448,MCH4000,"Dewan, Sunder and Bhakta",5411,Grocery Store,Private Limited,Kolkata,West Bengal,2023-06-25,KUHA3646516215943,Active,
REC104449,MCH4856,Gera-Nanda,5311,Department Store,Private Limited,Pune,Maharashtra,2024-02-08,2286237129,Active,711.0
REC104450,MCH8901,Narasimhan and Sons,4814,Telecom,Private Limited,Amritsar,Punjab,2024-01-04,3421072904,Active,772.61
REC104451,MCH6939,Sampath Ltd,5999,Miscellaneous Retail,Sole Proprietor,Lucknow,Uttar Pradesh,2025-07-01,XXXX8052,Suspended,2962.51
REC104452,MCH7442,"Tandon, Tak and Mane",5699,Apparel,Partnership,Chennai,Tamil Nadu,2024-09-12,,Active,1620.41
REC104453,MCH9101,Pal-Ramesh,4131,Transportation,Partnership,Pune,Maharashtra,2024-05-29,XXXX0762,Active,1223.0
REC104454,MCH8363,Salvi Group,7011,Hotel/Lodging,Sole Proprietor,Lucknow,Uttar Pradesh,2024-11-20,,Active,833.32
REC104455,MCH8511,Narain-Nori,5411,Grocery Store,Partnership,Kolkata,West Bengal,2023-04-02,,Active,4133.84
REC104456,MCH7945,"Barad, Wagle and Raju",5912,Pharmacy,Individual,Ludhiana,Punjab,2023-01-24,EHNZ2779616653327,Active,268.67
REC104457,MCH1221,Nadig-Ray,5942,Books & Stationery,Individual,Delhi,Delhi,2024-12-22,7362492315,Active,618.0
REC104458,MCH9175,Bhatt Ltd,7011,Hotel/Lodging,Sole Proprietor,Bengaluru,Karnataka,2025-04-27,2467254885,Active,567.73
REC104459,MCH3025,"Sachdeva, Bora and Hegde",4131,Transportation,Private Limited,Pune,Maharashtra,2024-08-15,3805315664,Active,611.84
REC104460,MCH2608,"Loyal, Ghosh and Gaba",5999,Miscellaneous Retail,Individual,Hyderabad,Telangana,2025-03-21,ZBIP4363265097456,Active,869.47
REC104461,MCH9145,"Yadav, Bhatti and Atwal",4814,Telecom,Partnership,Delhi,Delhi,2025-11-24,,Active,845.36
REC104462,MCH2354,"Toor, Nagi and Dara",5912,Pharmacy,Sole Proprietor,Pune,Maharashtra,2024-04-12,AIXG4946165098881,Active,1954.79
REC104463,MCH8069,Memon Inc,7011,Hotel/Lodging,Individual,Amritsar,Punjab,2023-09-09,XXXX8900,Active,557.54
REC104464,MCH3797,"Dhaliwal, Parekh and Dey",7011,Hotel/Lodging,Partnership,Jalandhar,Punjab,2024-11-02,XXXX1096,Suspended,
REC104465,MCH4336,"Prasad, Bhagat and De",5411,Grocery Store,Partnership,Hyderabad,Telangana,2023-05-22,FQWT9362753717033,Active,614.99
REC104466,MCH5257,Kara-Sibal,4814,Telecom,Individual,Bengaluru,Karnataka,,WHEV2991802850485,Active,1601.92
REC104467,MCH4971,"Gopal, Jayaraman and Narayan",5942,Books & Stationery,Individual,Lucknow,Uttar Pradesh,2024-11-20,,Active,650.74
REC104468,MCH4736,"Jani, Chaudhry and Chaudhuri",4131,Transportation,Individual,Delhi,Delhi,2025-07-06,,Active,
REC104469,MCH9858,Nayar Group,7011,Hotel/Lodging,Sole Proprietor,Pune,Maharashtra,2024-11-23,,Active,648.23
REC104470,MCH2649,Pandya PLC,5411,Grocery Store,Individual,Pune,Maharashtra,2025-05-31,XXXX1050,Active,6206.32
REC104471,MCH5496,Dar PLC,5912,Pharmacy,Sole Proprietor,Jalandhar,Punjab,2023-03-01,,Active,374.06
REC104472,MCH5219,"Prakash, Amble and Mukhopadhyay",7011,Hotel/Lodging,Sole Proprietor,Jaipur,Rajasthan,2024-06-21,,Active,
REC104473,MCH7190,Som-Kibe,5699,Apparel,Private Limited,Lucknow,Uttar Pradesh,2023-04-09,,Active,2254.41
REC104474,MCH1515,"Mall, Kara and Sastry",5699,Apparel,Partnership,Hyderabad,Telangana,2024-07-19,9073071658,Active,
REC104475,MCH4972,Prabhu-Murty,5812,Restaurant,Partnership,Amritsar,Punjab,2023-05-01,YKBG1517599142176,Active,
REC104476,MCH4197,Chaudry Group,5912,Pharmacy,Private Limited,Pune,Maharashtra,,UHGU5811611698099,Active,4814.44
REC104477,MCH2676,Subramanian Inc,5912,Pharmacy,Partnership,Kolkata,West Bengal,2025-04-01,2515678335,Active,1679.3
REC104478,MCH5799,"Sankaran, Kadakia and Banerjee",7011,Hotel/Lodging,Partnership,Amritsar,Punjab,2026-01-26,,Active,1412.02
REC104479,MCH9716,"Kadakia, Mishra and Bali",5812,Restaurant,Private Limited,Lucknow,Uttar Pradesh,2023-09-09,4695594803,Active,
REC104480,MCH5164,"Yohannan, Sahni and Basak",5311,Department Store,Individual,Mumbai,Maharashtra,2023-09-01,8938397659,Inactive,830.61
REC104481,MCH3072,"Bhargava, Shan and Char",5812,Restaurant,Private Limited,Jalandhar,Punjab,2025-11-24,TOQS1924554113450,Active,2675.68
REC104482,MCH5995,Palla Group,5812,Restaurant,Individual,Kolkata,West Bengal,2023-06-12,TCYK9099122126833,Active,
REC104483,MCH6827,Mangat and Sons,5912,Pharmacy,Sole Proprietor,Jalandhar,Punjab,,4120235225,Active,1859.4
REC104484,MCH7098,"Bora, Char and Dube",7011,Hotel/Lodging,Private Limited,Bengaluru,Karnataka,2024-09-24,,Active,2947.0
REC104485,MCH9772,"Memon, Virk and Mital",5812,Restaurant,Individual,Amritsar,Punjab,,,Active,2402.93
REC104486,MCH3880,Raja and Sons,5912,Pharmacy,Private Limited,Jaipur,Rajasthan,,,Active,641.53
REC104487,MCH4228,"Singhal, Bhasin and Kaul",5699,Apparel,Private Limited,Amritsar,Punjab,2025-05-23,6707310647,Active,896.57
REC104488,MCH9439,Jani LLC,5411,Grocery Store,Sole Proprietor,Bengaluru,Karnataka,2024-02-24,2073250929,Active,275.02
REC104489,MCH3139,Arya-Rau,7011,Hotel/Lodging,Sole Proprietor,Kolkata,West Bengal,2024-05-17,,Active,10507.41
REC104490,MCH1578,Gala Ltd,5999,Miscellaneous Retail,Individual,Bengaluru,Karnataka,2023-04-13,,Active,446.42
REC104491,MCH9403,"Bains, Banerjee and Bansal",7011,Hotel/Lodging,Partnership,Mumbai,Maharashtra,2025-02-22,,Inactive,1838.83
REC104492,MCH7355,"Raval, Goswami and Sem",4814,Telecom,Private Limited,Pune,Maharashtra,2023-12-29,,Active,2675.45
REC104493,MCH7408,Bala Group,5999,Miscellaneous Retail,Private Limited,Hyderabad,Telangana,2026-01-13,CMJA0173542788867,Active,1032.22
REC104494,MCH3382,Walla-Rau,5311,Department Store,Individual,Mumbai,Maharashtra,,,Hold,2452.74
REC104495,MCH5036,Dutt-Nagy,5812,Restaurant,Individual,Delhi,Delhi,2023-03-15,,Active,1947.0
REC104496,MCH2862,Bhasin Group,5699,Apparel,Partnership,Jaipur,Rajasthan,2023-07-20,FHYX9050690414655,Active,544.8
REC104497,MCH8501,Koshy-Mukherjee,7011,Hotel/Lodging,Partnership,Hyderabad,Telangana,2023-08-21,,Active,3180.8
REC104498,MCH7852,"Kapadia, Konda and Luthra",7011,Hotel/Lodging,Sole Proprietor,Chennai,Tamil Nadu,2023-05-12,XXXX7199,Hold,4401.63
REC104499,MCH6257,"Parsa, Rana and Raja",5812,Restaurant,Partnership,Bengaluru,Karnataka,2023-03-28,0948269604,Active,2744.98
REC104500,MCH1406,Parmer-Goswami,7011,Hotel/Lodging,Private Limited,Bengaluru,Karnataka,2024-07-11,XXXX3050,Active,2632.53
REC104501,MCH9914,Nayar Group,5311,Department Store,Individual,Amritsar,Punjab,2024-05-26,PBUY1561698017263,Active,5811.91
REC104502,MCH5676,"Bhatti, Chahal and Mishra",5311,Department Store,Individual,Jalandhar,Punjab,2025-07-15,9996182575,Active,744.63
REC104503,MCH2894,Nori-Kurian,5812,Restaurant,Partnership,Lucknow,Uttar Pradesh,2024-12-15,RJBD4464019057563,Blocked,
REC104504,MCH8419,Nigam Inc,4814,Telecom,Sole Proprietor,Amritsar,Punjab,2025-01-10,WLCE4900884368712,Active,462.51
REC104505,MCH9266,Chatterjee Group,5411,Grocery Store,Sole Proprietor,Bengaluru,Karnataka,,XXXX2510,Suspended,726.18
REC104506,MCH8900,Murthy-Vala,5699,Apparel,Partnership,Kolkata,West Bengal,2024-09-27,PZJY7011608000971,Active,314.81
REC104507,MCH5356,Rege LLC,5411,Grocery Store,Sole Proprietor,Ludhiana,Punjab,2024-10-02,,Inactive,917.24
REC104508,MCH8999,Babu and Sons,7011,Hotel/Lodging,Private Limited,Jaipur,Rajasthan,2023-02-19,6301987055,Active,1204.0
REC104509,MCH9813,Menon Group,5999,Miscellaneous Retail,Individual,Delhi,Delhi,2026-01-06,XXXX6379,Suspended,12265.27
REC104510,MCH1817,"Mohanty, Behl and Rao",4131,Transportation,Individual,Pune,Maharashtra,2025-07-23,,Inactive,2347.62
REC104511,MCH5687,"Prasad, Tank and Char",4131,Transportation,Individual,Ludhiana,Punjab,,XXXX6544,Active,487.38
REC104512,MCH6376,"Naik, Dhillon and Sama",5942,Books & Stationery,Partnership,Jalandhar,Punjab,2024-01-20,KHDL5323426037616,Active,2593.39
REC104513,MCH6980,Sarna-Rajagopal,5999,Miscellaneous Retail,Partnership,Jalandhar,Punjab,2024-02-13,,Active,5229.33
REC104514,MCH7493,Sachdeva-Pillai,5699,Apparel,Private Limited,Kolkata,West Bengal,2026-01-18,1151514873,Inactive,203.44
REC104515,MCH2314,"Tank, Bera and Dash",5812,Restaurant,Sole Proprietor,Kolkata,West Bengal,2023-02-01,,Active,2905.93
REC104516,MCH5019,"Sahota, Rama and Rama",5912,Pharmacy,Partnership,Lucknow,Uttar Pradesh,2025-07-27,XXXX3502,Active,955.0
REC104517,MCH3895,Wable-Sarna,7011,Hotel/Lodging,Private Limited,Jaipur,Rajasthan,2024-06-20,,Closed,797.39
REC104518,MCH9909,"Gade, Tiwari and Solanki",5699,Apparel,Individual,Pune,Maharashtra,2024-08-23,XXXX1254,Active,2922.02
REC104519,MCH6188,Balay LLC,7011,Hotel/Lodging,Partnership,Pune,Maharashtra,2023-04-30,7260180361,Active,3749.0
REC104520,MCH4441,"Sachdev, Doctor and Subramanian",5311,Department Store,Partnership,Chennai,Tamil Nadu,2023-06-08,6376514375,Closed,3222.79
REC104521,MCH7996,Bhargava LLC,5912,Pharmacy,Private Limited,Amritsar,Punjab,2024-12-18,BYTJ9061277350740,Disabled,
REC104522,MCH1514,"Lata, Raja and Parsa",5311,Department Store,Private Limited,Jalandhar,Punjab,2024-06-14,XXXX1457,Active,553.18
REC104523,MCH1661,Mani-Jayaraman,5812,Restaurant,Private Limited,Hyderabad,Telangana,2024-09-16,XXXX6928,Active,813.04
REC104524,MCH4356,"Basak, Sur and Sundaram",4814,Telecom,Partnership,Delhi,Delhi,2024-07-22,,Active,1661.0
REC104525,MCH6708,Soman and Sons,5912,Pharmacy,Private Limited,Ludhiana,Punjab,2025-06-03,9694442119,Active,957.0
REC104526,MCH6257,"Bali, Ahuja and Natarajan",4131,Transportation,Individual,Delhi,Delhi,2025-11-27,,Hold,1050.0
REC104527,MCH6731,Dhar LLC,5311,Department Store,Private Limited,Kolkata,West Bengal,2023-11-03,,Active,1373.69
REC104528,MCH8187,"Chada, Mammen and Lanka",4131,Transportation,Sole Proprietor,Ludhiana,Punjab,2025-06-03,3255945345,Active,671.0
REC104529,MCH7720,"Gulati, Kothari and Mital",7011,Hotel/Lodging,Sole Proprietor,Pune,Maharashtra,2025-02-21,,Active,501.87
REC104530,MCH3610,"Deo, Krish and Lanka",5699,Apparel,Private Limited,Chennai,Tamil Nadu,2025-01-07,3505089399,Active,
REC104531,MCH5420,Sahni-Ghosh,7011,Hotel/Lodging,Sole Proprietor,Kolkata,West Bengal,2025-09-26,1296057901,Active,1993.6
REC104532,MCH7552,Som and Sons,4814,Telecom,Sole Proprietor,Pune,Maharashtra,2025-07-21,4455888078,Active,1934.0
REC104533,MCH9918,Lanka-Oommen,5411,Grocery Store,Private Limited,Amritsar,Punjab,2023-02-08,,Active,562.01
REC104534,MCH2546,Kant Group,5912,Pharmacy,Sole Proprietor,Amritsar,Punjab,2025-04-04,VVGC5802490491946,Active,4120.12
REC104535,MCH7178,Devan and Sons,5411,Grocery Store,Sole Proprietor,Kolkata,West Bengal,2023-11-11,,Closed,758.21
REC104536,MCH5376,"Narayanan, Palla and Tripathi",4814,Telecom,Sole Proprietor,Ludhiana,Punjab,2025-08-14,IUFK0088105725528,Active,2169.37
REC104537,MCH2857,Bhattacharyya Inc,4131,Transportation,Private Limited,Jalandhar,Punjab,2025-07-13,AFIK7241528245690,Active,4557.38
REC104538,MCH7419,Minhas Inc,5699,Apparel,Individual,Bengaluru,Karnataka,2023-05-03,IRMQ2437668083455,Active,
REC104539,MCH4127,Subramaniam-Jhaveri,4131,Transportation,Sole Proprietor,Jaipur,Rajasthan,2024-05-22,XXXX1628,Active,5333.88
REC104540,MCH5265,Natt-Munshi,5411,Grocery Store,Private Limited,Pune,Maharashtra,2024-07-22,4213217107,Active,2606.12
REC104541,MCH6043,Saran-Rai,5411,Grocery Store,Private Limited,Jaipur,Rajasthan,2025-11-17,,Active,2845.67
REC104542,MCH2956,"Wali, Khatri and Mistry",4814,Telecom,Sole Proprietor,Lucknow,Uttar Pradesh,2025-06-02,3651063150,Inactive,4934.63
REC104543,MCH4419,Gill-Ratta,5912,Pharmacy,Sole Proprietor,Jaipur,Rajasthan,2024-09-15,ETZF4377515836271,Active,1442.51
REC104544,MCH7737,Pal-Rama,5311,Department Store,Partnership,Ludhiana,Punjab,2023-01-09,XXXX1213,Active,1196.31
REC104545,MCH1060,Sampath-Dora,5812,Restaurant,Partnership,Jalandhar,Punjab,2023-07-27,,Active,2594.73
REC104546,MCH5000,Lad Group,5999,Miscellaneous Retail,Private Limited,Kolkata,West Bengal,2025-01-05,,Active,
REC104547,MCH8281,Krishnan-Kuruvilla,7011,Hotel/Lodging,Individual,Chennai,Tamil Nadu,2024-01-16,5487927446,Active,
REC104548,MCH4301,Thakur Inc,5942,Books & Stationery,Partnership,Delhi,Delhi,2023-04-29,,Active,4449.0
REC104549,MCH4459,"Gola, Dara and Anne",5411,Grocery Store,Private Limited,Amritsar,Punjab,2024-10-20,2438786419,Active,
REC104550,MCH3433,"Pathak, Sathe and Rama",5411,Grocery Store,Private Limited,Kolkata,West Bengal,2025-12-22,XXXX0746,Inactive,3697.0
REC104551,MCH9494,Sama Group,4814,Telecom,Individual,Bengaluru,Karnataka,2023-11-01,9680001784,Active,
REC104552,MCH9749,Virk Ltd,4131,Transportation,Private Limited,Pune,Maharashtra,2023-05-24,7433630126,Active,4831.0
REC104553,MCH4172,"Khosla, Tak and Mahajan",5912,Pharmacy,Partnership,Kolkata,West Bengal,2024-03-23,,Active,1964.28
REC104554,MCH6513,Chopra-Kannan,5699,Apparel,Sole Proprietor,Pune,Maharashtra,2024-12-11,XXXX5329,Active,240.8
REC104555,MCH9821,Natt-Kibe,5699,Apparel,Private Limited,Chennai,Tamil Nadu,2025-05-03,XXXX1748,Active,4072.48
REC104556,MCH1796,Kohli-Nagar,5942,Books & Stationery,Individual,Amritsar,Punjab,2024-07-20,,Active,741.16
REC104557,MCH9913,Das Ltd,4814,Telecom,Partnership,Lucknow,Uttar Pradesh,2024-08-10,,Active,442.64
REC104558,MCH1032,Manda-Hayer,7011,Hotel/Lodging,Partnership,Amritsar,Punjab,2025-04-20,XXXX4099,Active,674.56
REC104559,MCH1054,Cheema Ltd,5311,Department Store,Private Limited,Pune,Maharashtra,2023-05-27,,Active,868.09
REC104560,MCH7032,"Mangat, Naik and Kakar",7011,Hotel/Lodging,Private Limited,Amritsar,Punjab,2023-01-09,,Active,
REC104561,MCH3666,Gera-Ranganathan,4131,Transportation,Partnership,Jaipur,Rajasthan,2023-04-12,,Active,243.55
REC104562,MCH8581,"Sundaram, Sekhon and Andra",7011,Hotel/Lodging,Partnership,Jalandhar,Punjab,2024-11-14,,Active,953.97
REC104563,MCH5747,"Narasimhan, Doshi and Pall",5812,Restaurant,Private Limited,Kolkata,West Bengal,2025-08-05,XXXX9034,Active,4280.12
REC104564,MCH4220,Gopal-Dara,5699,Apparel,Individual,Bengaluru,Karnataka,2025-10-02,,Active,532.47
REC104565,MCH2149,"Das, Roy and Sridhar",4131,Transportation,Individual,Jalandhar,Punjab,2024-05-16,,Active,
REC104566,MCH8073,"Chaudhary, Nori and Aggarwal",4814,Telecom,Private Limited,Mumbai,Maharashtra,2023-08-04,UFCA0209377639619,Active,2535.65
REC104567,MCH1739,Joshi Group,5942,Books & Stationery,Individual,Ludhiana,Punjab,2024-08-31,IRPP9017025863509,Inactive,
REC104568,MCH1676,"Palla, Gupta and Narain",4814,Telecom,Sole Proprietor,Jalandhar,Punjab,2025-11-27,,Active,750.53
REC104569,MCH5040,Oza-Gulati,5699,Apparel,Partnership,Mumbai,Maharashtra,,,Active,1665.61
REC104570,MCH8999,"Panchal, Aurora and Kamdar",5311,Department Store,Private Limited,Lucknow,Uttar Pradesh,2023-10-25,XXXX8730,Active,
REC104571,MCH2249,Konda Ltd,5411,Grocery Store,Private Limited,Kolkata,West Bengal,2023-10-28,IPUT2600707533349,Active,1258.0
REC104572,MCH8355,Chacko-D'Alia,5311,Department Store,Private Limited,Bengaluru,Karnataka,2024-08-14,ZJXY9541779110030,Disabled,413.17
REC104573,MCH5644,Prabhu-Chaudhry,5699,Apparel,Individual,Hyderabad,Telangana,2025-05-09,ZHTO8764288741052,Active,
REC104574,MCH4051,Sharma-Viswanathan,4131,Transportation,Individual,Delhi,Delhi,2025-02-23,,Active,1135.12
REC104575,MCH4102,Oza-Sarna,5699,Apparel,Individual,Delhi,Delhi,2025-01-20,1096969735,Active,1950.82
REC104576,MCH8911,Bava LLC,5942,Books & Stationery,Sole Proprietor,Hyderabad,Telangana,2025-06-14,,Active,3342.77
REC104577,MCH7914,Grover-Karnik,4814,Telecom,Sole Proprietor,Jaipur,Rajasthan,2023-11-30,,Active,1922.54
REC104578,MCH5973,Biswas-Dass,5699,Apparel,Sole Proprietor,Lucknow,Uttar Pradesh,2025-11-25,XXXX1507,Active,
REC104579,MCH2077,Kara PLC,5812,Restaurant,Individual,Amritsar,Punjab,2025-11-15,XXXX1473,Active,239.1
REC104580,MCH3424,Tandon-Raja,5411,Grocery Store,Private Limited,Pune,Maharashtra,2023-08-09,LJDU7390595746498,Closed,1643.97
REC104581,MCH5079,Ramaswamy-Trivedi,5311,Department Store,Private Limited,Bengaluru,Karnataka,2024-07-01,MSIB5848944508855,Hold,549.02
REC104582,MCH2674,Mistry and Sons,5942,Books & Stationery,Sole Proprietor,Hyderabad,Telangana,,XXXX8847,Active,569.39
REC104583,MCH1229,"Sen, Dewan and Tripathi",5942,Books & Stationery,Private Limited,Amritsar,Punjab,2025-02-19,JECT9983029325791,Active,2028.74
REC104584,MCH7137,Nanda-Nazareth,4814,Telecom,Private Limited,Pune,Maharashtra,2025-02-09,,Active,1165.18
REC104585,MCH6990,Apte-Choudhary,4131,Transportation,Partnership,Bengaluru,Karnataka,2023-05-05,,Active,3342.47
REC104586,MCH3913,Tank-Pathak,5311,Department Store,Individual,Jalandhar,Punjab,,,Active,2215.86
REC104587,MCH7469,Dua LLC,5812,Restaurant,Sole Proprietor,Pune,Maharashtra,,0464385224,Inactive,1848.0
REC104588,MCH7749,Nigam Inc,4814,Telecom,Private Limited,Pune,Maharashtra,2023-01-23,STDX5070330242192,Active,7003.66
REC104589,MCH1787,Johal and Sons,5942,Books & Stationery,Sole Proprietor,Chennai,Tamil Nadu,2024-04-09,8096098187,Active,1495.88
REC104590,MCH6815,"Borra, Talwar and Jha",4814,Telecom,Partnership,Jalandhar,Punjab,,0561076238,Active,750.82
REC104591,MCH1039,Lal-Barad,4814,Telecom,Sole Proprietor,Lucknow,Uttar Pradesh,2025-07-28,,Active,3062.03
REC104592,MCH7508,Garg-Deo,5942,Books & Stationery,Partnership,Amritsar,Punjab,2024-11-15,XXXX5011,Active,1956.49
REC104593,MCH4434,Andra and Sons,5999,Miscellaneous Retail,Private Limited,Ludhiana,Punjab,2025-02-21,,Active,233.0
REC104594,MCH7354,"Chatterjee, Sarna and Handa",5699,Apparel,Sole Proprietor,Bengaluru,Karnataka,2023-10-13,,Active,728.0
REC104595,MCH2296,Buch Ltd,4131,Transportation,Partnership,Ludhiana,Punjab,2023-06-19,XXXX9780,Active,8012.35
REC104596,MCH8768,"Rout, Dixit and Malhotra",7011,Hotel/Lodging,Private Limited,Jalandhar,Punjab,2024-06-05,,Disabled,556.74
REC104597,MCH6233,Vohra Ltd,5942,Books & Stationery,Partnership,Delhi,Delhi,2026-02-26,,Active,2389.79
REC104598,MCH2327,Kibe-Char,5812,Restaurant,Partnership,Hyderabad,Telangana,2025-10-09,XXXX0303,Active,848.32
REC104599,MCH3079,"Bobal, Balay and Batra",7011,Hotel/Lodging,Private Limited,Bengaluru,Karnataka,,XXXX1002,Active,486.3
REC104600,MCH3552,"Morar, Ahuja and Ravel",5942,Books & Stationery,Sole Proprietor,Pune,Maharashtra,2024-08-03,4264827743,Active,8846.0
REC104601,MCH5362,"Date, Gandhi and Bath",5942,Books & Stationery,Partnership,Delhi,Delhi,2023-03-27,XXXX8502,Active,
REC104602,MCH9018,Zacharia and Sons,5942,Books & Stationery,Individual,Bengaluru,Karnataka,2024-03-06,,Active,594.92
REC104603,MCH8288,Kakar-Sood,5311,Department Store,Private Limited,Bengaluru,Karnataka,2024-05-04,1654192370,Active,1556.66
REC104604,MCH2177,Ramakrishnan Inc,5411,Grocery Store,Individual,Jaipur,Rajasthan,2023-10-13,UGOR9246572099156,Active,1755.18
REC104605,MCH5042,Nagi-Raja,5912,Pharmacy,Individual,Kolkata,West Bengal,2024-04-25,3533096055,Active,3524.4
REC104606,MCH5339,"Vaidya, Hari and Mistry",5999,Miscellaneous Retail,Individual,Delhi,Delhi,2024-08-07,5298779846,Active,514.42
REC104607,MCH2268,"Verma, Aurora and De",5999,Miscellaneous Retail,Private Limited,Jalandhar,Punjab,,NBDA6083922141930,Active,995.42
REC104608,MCH9706,"Mohan, Sahni and Doctor",5699,Apparel,Partnership,Lucknow,Uttar Pradesh,2023-10-26,,Active,
REC104609,MCH3122,"Toor, Kunda and Munshi",5942,Books & Stationery,Partnership,Mumbai,Maharashtra,2025-04-14,3432360123,Active,797.24
REC104610,MCH2719,"Sood, Chacko and Chaudry",4131,Transportation,Partnership,Mumbai,Maharashtra,2024-04-04,,Active,3699.12
REC104611,MCH7558,Bandi-Khanna,5999,Miscellaneous Retail,Partnership,Bengaluru,Karnataka,2025-05-19,,Active,1002.06
REC104612,MCH9004,"Nigam, Hegde and Sura",5912,Pharmacy,Partnership,Hyderabad,Telangana,,,Inactive,926.37
REC104613,MCH1428,De-Natarajan,4131,Transportation,Individual,Mumbai,Maharashtra,2025-12-30,IPNL0786549644750,Active,1289.0
REC104614,MCH5955,"Rana, Mangat and De",4814,Telecom,Sole Proprietor,Kolkata,West Bengal,2025-02-05,XXXX7902,Active,1491.64
REC104615,MCH6667,Konda-Jain,5912,Pharmacy,Sole Proprietor,Hyderabad,Telangana,2024-10-16,,Active,2831.62
REC104616,MCH3189,Walla-Sawhney,4814,Telecom,Partnership,Bengaluru,Karnataka,2024-05-14,8245733998,Active,
REC104617,MCH2486,"Mohanty, Iyer and Sharma",7011,Hotel/Lodging,Individual,Chennai,Tamil Nadu,2023-10-23,FCPB2927426048520,Active,2266.0
REC104618,MCH9457,"Rege, Kalita and Sibal",7011,Hotel/Lodging,Partnership,Hyderabad,Telangana,,,Active,3319.89
REC104619,MCH7387,Lad-Comar,5812,Restaurant,Sole Proprietor,Jalandhar,Punjab,2025-02-25,DFES3088920437736,Active,4968.31
REC104620,MCH7891,Bakshi PLC,5411,Grocery Store,Individual,Bengaluru,Karnataka,2024-03-02,5025889978,Active,3419.67
REC104621,MCH2533,"Chana, Joshi and Saran",4131,Transportation,Partnership,Lucknow,Uttar Pradesh,2023-11-21,,Active,296.0
REC104622,MCH2523,Sarma Inc,5999,Miscellaneous Retail,Individual,Kolkata,West Bengal,2025-09-05,,Active,2146.62
REC104623,MCH2612,Vala Ltd,7011,Hotel/Lodging,Sole Proprietor,Lucknow,Uttar Pradesh,2023-08-11,,Active,
REC104624,MCH2473,Lanka Inc,5942,Books & Stationery,Individual,Bengaluru,Karnataka,2025-01-20,7620940119,Active,1883.19
REC104625,MCH9790,Kumar-Dua,4814,Telecom,Sole Proprietor,Kolkata,West Bengal,2024-12-09,XXXX3101,Active,375.28
REC104626,MCH4778,Wali LLC,4131,Transportation,Private Limited,Lucknow,Uttar Pradesh,2025-01-02,DJNF3001962539740,Active,1242.33
REC104627,MCH6857,Barad and Sons,7011,Hotel/Lodging,Partnership,Jalandhar,Punjab,2025-09-24,8351493566,Active,2452.63
REC104628,MCH1940,Ravel Inc,4814,Telecom,Sole Proprietor,Chennai,Tamil Nadu,2025-09-17,,Disabled,1112.95
REC104629,MCH7715,Tata-Borah,5999,Miscellaneous Retail,Private Limited,Kolkata,West Bengal,2025-10-06,XXXX1003,Closed,1652.04
REC104630,MCH6930,Dhingra PLC,4131,Transportation,Sole Proprietor,Kolkata,West Bengal,2025-12-26,0573344250,Active,
REC104631,MCH5422,Sawhney LLC,5699,Apparel,Sole Proprietor,Kolkata,West Bengal,2024-08-08,MLTB5743748396701,Active,866.35
REC104632,MCH4312,Dada-Hari,5699,Apparel,Sole Proprietor,Ludhiana,Punjab,2024-02-17,XXXX5151,Active,2174.33
REC104633,MCH6498,"Banik, Nadig and Mann",5812,Restaurant,Individual,Ludhiana,Punjab,2024-10-30,,Active,1076.6
REC104634,MCH1969,Gole LLC,4131,Transportation,Private Limited,Chennai,Tamil Nadu,,URWV6656600871469,Active,
REC104635,MCH2471,"Pillai, Chopra and Modi",7011,Hotel/Lodging,Private Limited,Delhi,Delhi,,QSMG3289733481830,Active,606.04
REC104636,MCH6004,Raval and Sons,5812,Restaurant,Partnership,Bengaluru,Karnataka,2025-10-20,,Active,477.72
REC104637,MCH6825,Biswas-Nadig,5999,Miscellaneous Retail,Sole Proprietor,Jalandhar,Punjab,2023-10-12,FNXI2179536432243,Hold,872.49
REC104638,MCH7446,"Sami, Narayan and Roy",5942,Books & Stationery,Partnership,Ludhiana,Punjab,2023-02-08,,Inactive,6191.17
REC104639,MCH4685,Mukhopadhyay-Cheema,5942,Books & Stationery,Private Limited,Chennai,Tamil Nadu,2023-07-22,3857368814,Suspended,
REC104640,MCH4496,"Pandya, Bhalla and Malhotra",4814,Telecom,Partnership,Jaipur,Rajasthan,2025-07-23,6668375188,Active,
REC104641,MCH7371,"Anand, Bains and Parmer",5311,Department Store,Partnership,Lucknow,Uttar Pradesh,2023-04-13,3361678460,Active,
REC104642,MCH5809,Virk-Peri,5942,Books & Stationery,Individual,Jaipur,Rajasthan,2023-07-25,7094756781,Inactive,1513.53
REC104643,MCH8174,Bera Group,5311,Department Store,Private Limited,Pune,Maharashtra,2023-12-23,XXXX5992,Active,1502.14
REC104644,MCH9287,"Datta, Virk and Arya",5999,Miscellaneous Retail,Individual,Amritsar,Punjab,2025-09-21,XXXX9129,Active,636.69
REC104645,MCH5298,Keer and Sons,5999,Miscellaneous Retail,Partnership,Bengaluru,Karnataka,,,Disabled,600.45
REC104646,MCH6285,Kumer-Mane,7011,Hotel/Lodging,Private Limited,Bengaluru,Karnataka,2024-10-01,,Active,567.98
REC104647,MCH8926,Ramesh-Mukhopadhyay,5912,Pharmacy,Sole Proprietor,Delhi,Delhi,2024-01-16,3730788940,Active,5318.08
REC104648,MCH4610,"Barad, Chanda and Rana",5942,Books & Stationery,Private Limited,Hyderabad,Telangana,2024-12-23,3247180851,Active,2989.03
REC104649,MCH3156,"Bal, Deo and Kala",5999,Miscellaneous Retail,Partnership,Lucknow,Uttar Pradesh,,8908434715,Active,2486.0
REC104650,MCH3988,Barad-Bawa,7011,Hotel/Lodging,Individual,Amritsar,Punjab,2023-11-20,XXXX1285,Active,602.31
REC104651,MCH3044,Gupta PLC,5942,Books & Stationery,Sole Proprietor,Bengaluru,Karnataka,2023-04-27,,Inactive,582.54
REC104652,MCH9609,Mohanty LLC,5942,Books & Stationery,Partnership,Mumbai,Maharashtra,2025-02-23,2458956606,Active,
REC104653,MCH9769,Yogi-Dixit,5411,Grocery Store,Private Limited,Amritsar,Punjab,,ITST4174155209610,Hold,1299.88
REC104654,MCH8024,"Basu, Magar and Venkatesh",4814,Telecom,Individual,Hyderabad,Telangana,2025-09-13,,Active,1611.07
REC104655,MCH7623,Pandya LLC,5942,Books & Stationery,Partnership,Mumbai,Maharashtra,2026-01-23,XXXX7491,Active,701.06
REC104656,MCH2378,"Rau, Pradhan and Bansal",5411,Grocery Store,Individual,Lucknow,Uttar Pradesh,2024-02-09,8007526864,Active,6158.0
REC104657,MCH5720,Karnik Group,5942,Books & Stationery,Partnership,Amritsar,Punjab,2023-10-28,9007561693,Active,6186.34
REC104658,MCH3263,Barman Inc,5942,Books & Stationery,Partnership,Kolkata,West Bengal,2024-12-24,XXXX0034,Active,
REC104659,MCH1071,"Keer, Roy and Narayanan",5912,Pharmacy,Sole Proprietor,Jaipur,Rajasthan,2025-04-17,4373595007,Active,619.21
REC104660,MCH2647,Saha Inc,5999,Miscellaneous Retail,Private Limited,Lucknow,Uttar Pradesh,2023-04-06,,Active,1551.4
REC104661,MCH5320,Ramaswamy-Sarma,4814,Telecom,Sole Proprietor,Hyderabad,Telangana,2025-02-11,9234288178,Active,750.06
REC104662,MCH7436,Mane-Trivedi,5912,Pharmacy,Individual,Bengaluru,Karnataka,2024-09-14,,Active,
REC104663,MCH3077,Warrior Ltd,4131,Transportation,Partnership,Kolkata,West Bengal,2023-04-02,,Active,1448.69
REC104664,MCH8025,"Karnik, Hayer and Khalsa",4814,Telecom,Partnership,Lucknow,Uttar Pradesh,2023-08-14,4642162943,Active,1781.41
REC104665,MCH2422,Sampath-Balasubramanian,4814,Telecom,Private Limited,Bengaluru,Karnataka,2025-06-25,7967511719,Active,2352.58
REC104666,MCH2766,Kanda-Brahmbhatt,5311,Department Store,Sole Proprietor,Chennai,Tamil Nadu,2025-06-18,5339281473,Active,1540.08
REC104667,MCH9834,Pau Ltd,5999,Miscellaneous Retail,Private Limited,Jalandhar,Punjab,2023-12-07,XXXX5411,Active,428.09
REC104668,MCH5108,"Tella, Naik and Rajagopal",7011,Hotel/Lodging,Private Limited,Delhi,Delhi,2023-02-17,,Active,1054.85
REC104669,MCH4526,"Mittal, Saha and Puri",5699,Apparel,Sole Proprietor,Bengaluru,Karnataka,2025-06-19,,Active,893.38
REC104670,MCH1664,Karan Ltd,4131,Transportation,Partnership,Chennai,Tamil Nadu,2025-06-02,XXXX0248,Active,
REC104671,MCH4643,Sandhu-Kakar,4131,Transportation,Private Limited,Bengaluru,Karnataka,2024-03-30,,Active,551.11
REC104672,MCH7248,Rajagopalan Group,7011,Hotel/Lodging,Partnership,Hyderabad,Telangana,2024-05-22,,Active,859.24
REC104673,MCH2085,"Varma, Dua and Bhattacharyya",5942,Books & Stationery,Partnership,Amritsar,Punjab,2023-11-29,,Active,
REC104674,MCH5001,Narayan LLC,5812,Restaurant,Partnership,Pune,Maharashtra,2023-06-17,JVBH8016822587770,Active,1893.51
REC104675,MCH9801,"Manda, Bansal and Devan",5812,Restaurant,Partnership,Pune,Maharashtra,2025-09-12,XXXX9062,Suspended,1106.68
REC104676,MCH7622,Agrawal-Yogi,4131,Transportation,Partnership,Amritsar,Punjab,2025-10-19,,Active,
REC104677,MCH2353,Sood-Vasa,5411,Grocery Store,Sole Proprietor,Mumbai,Maharashtra,2026-01-24,,Active,2728.11
REC104678,MCH4989,Din-Bhatia,5912,Pharmacy,Sole Proprietor,Amritsar,Punjab,2024-07-22,8027810029,Active,2169.45
REC104679,MCH4006,"Guha, Bumb and Bora",4131,Transportation,Sole Proprietor,Jaipur,Rajasthan,2023-05-02,KYVL1514303273723,Active,2379.0
REC104680,MCH9289,Baria-Nagy,5999,Miscellaneous Retail,Sole Proprietor,Chennai,Tamil Nadu,,,Active,620.71
REC104681,MCH1041,Patla-Som,5699,Apparel,Private Limited,Kolkata,West Bengal,2024-04-21,,Active,3701.53
REC104682,MCH4914,Bora Inc,5311,Department Store,Sole Proprietor,Jaipur,Rajasthan,2024-05-12,,Active,4227.85
REC104683,MCH3211,"Mani, Hora and Hayer",5912,Pharmacy,Private Limited,Bengaluru,Karnataka,2026-01-31,SYDI3812560844687,Active,3678.27
REC104684,MCH9408,Arya-Vig,4131,Transportation,Individual,Bengaluru,Karnataka,2023-12-24,6291585633,Active,
REC104685,MCH2152,"Choudhry, Chauhan and Dayal",5942,Books & Stationery,Private Limited,Pune,Maharashtra,2025-11-28,6428134605,Active,1507.67
REC104686,MCH4534,Bumb-Ganguly,5699,Apparel,Partnership,Chennai,Tamil Nadu,2025-11-12,YNBM1819285405206,Active,1225.88
REC104687,MCH6744,Grewal Inc,5999,Miscellaneous Retail,Private Limited,Hyderabad,Telangana,2023-12-01,,Active,1886.71
REC104688,MCH8271,Konda-Bawa,5699,Apparel,Sole Proprietor,Chennai,Tamil Nadu,2023-10-05,WSNV9244788716456,Active,1087.99
REC104689,MCH9111,"Dhar, Thaker and Madan",5999,Miscellaneous Retail,Private Limited,Kolkata,West Bengal,2024-08-11,IKTX4120845617487,Active,1785.1
REC104690,MCH3335,Choudhary Ltd,5699,Apparel,Partnership,Lucknow,Uttar Pradesh,2025-08-11,,Active,413.6
REC104691,MCH4843,Dugar-Master,5912,Pharmacy,Sole Proprietor,Hyderabad,Telangana,2024-05-18,4521971795,Active,1023.41
REC104692,MCH3920,Sharma LLC,5942,Books & Stationery,Private Limited,Lucknow,Uttar Pradesh,2024-06-23,1753085069,Suspended,1885.7
REC104693,MCH4951,"Natt, Dyal and Gill",5411,Grocery Store,Private Limited,Pune,Maharashtra,2026-01-02,,Active,430.18
REC104694,MCH8575,"Doctor, Merchant and Bhatti",4814,Telecom,Partnership,Kolkata,West Bengal,2024-04-18,,Active,2693.45
REC104695,MCH1118,Chokshi Inc,4131,Transportation,Partnership,Jalandhar,Punjab,2025-07-26,XXXX1304,Active,590.75
REC104696,MCH7871,"Mital, Palla and Saraf",5699,Apparel,Sole Proprietor,Hyderabad,Telangana,2026-02-17,QSZR3521803060698,Active,
REC104697,MCH4643,"Dhaliwal, Pathak and Pingle",7011,Hotel/Lodging,Partnership,Chennai,Tamil Nadu,,,Active,382.94
REC104698,MCH4626,"Lalla, Handa and Ahuja",5999,Miscellaneous Retail,Private Limited,Bengaluru,Karnataka,2023-07-31,,Active,1497.15
REC104699,MCH1018,Kannan-Khatri,5311,Department Store,Individual,Jalandhar,Punjab,2023-03-19,,Active,1791.0
REC104700,MCH9782,Bhardwaj-Varghese,4131,Transportation,Individual,Ludhiana,Punjab,2023-02-18,GXDH5697468169226,Active,1522.0
REC104701,MCH5983,"Morar, Memon and Kala",5311,Department Store,Sole Proprietor,Pune,Maharashtra,2025-05-06,4976019828,Active,
REC104702,MCH4695,Patel-Halder,5812,Restaurant,Sole Proprietor,Pune,Maharashtra,2026-02-11,,Active,652.55
REC104703,MCH1014,"Agate, Saxena and Pandit",5311,Department Store,Partnership,Jalandhar,Punjab,2023-12-21,3851769270,Active,1096.96
REC104704,MCH8125,Nagi-Ranganathan,4814,Telecom,Sole Proprietor,Kolkata,West Bengal,2024-10-04,XXXX7501,Disabled,7428.0
REC104705,MCH8372,Banerjee Ltd,5912,Pharmacy,Individual,Hyderabad,Telangana,2023-10-26,,Active,4531.0
REC104706,MCH2513,Bhalla Inc,5699,Apparel,Partnership,Amritsar,Punjab,2023-11-09,6553818868,Active,5544.37
REC104707,MCH4846,Arora-Raghavan,5999,Miscellaneous Retail,Private Limited,Jaipur,Rajasthan,2025-09-12,XXXX5049,Active,
REC104708,MCH4886,Mangat-Ghose,5999,Miscellaneous Retail,Sole Proprietor,Pune,Maharashtra,2023-03-11,8646245603,Active,551.0
REC104709,MCH7359,Chacko-Dugar,5942,Books & Stationery,Private Limited,Mumbai,Maharashtra,,1437980069,Active,654.0
REC104710,MCH1071,Wali and Sons,4814,Telecom,Sole Proprietor,Bengaluru,Karnataka,2025-01-21,,Active,1437.33
REC104711,MCH5580,Chatterjee-Andra,4131,Transportation,Private Limited,Lucknow,Uttar Pradesh,2026-01-01,2440958731,Active,512.38
REC104712,MCH4870,Rana Inc,4814,Telecom,Individual,Amritsar,Punjab,2024-07-12,,Suspended,1127.0
REC104713,MCH8891,"Natt, Mane and Pau",4814,Telecom,Private Limited,Mumbai,Maharashtra,2025-03-13,6087577130,Active,1140.0
REC104714,MCH6401,"Shenoy, Doctor and Gola",5912,Pharmacy,Individual,Mumbai,Maharashtra,2025-02-09,,Suspended,690.47
REC104715,MCH7156,Lata-Som,5812,Restaurant,Private Limited,Bengaluru,Karnataka,2023-02-24,,Active,739.29
REC104716,MCH4749,Sane-Kota,7011,Hotel/Lodging,Partnership,Ludhiana,Punjab,2025-08-28,XXXX8682,Active,2066.82
REC104717,MCH2503,Chatterjee-Saran,5699,Apparel,Individual,Jalandhar,Punjab,2024-08-14,XXXX3264,Active,1760.1
REC104718,MCH9756,"Dugal, Virk and Dhaliwal",4131,Transportation,Partnership,Jalandhar,Punjab,2023-01-01,SZBM8211536669889,Active,494.0
REC104719,MCH2568,"Dhaliwal, Bhat and Sarin",5411,Grocery Store,Partnership,Mumbai,Maharashtra,2023-04-28,3925852137,Active,803.0
REC104720,MCH4802,"Mistry, Roy and Salvi",5311,Department Store,Sole Proprietor,Chennai,Tamil Nadu,2024-08-23,2812418940,Inactive,468.0
REC104721,MCH8418,Jaggi Inc,7011,Hotel/Lodging,Individual,Pune,Maharashtra,2023-12-01,5753448100,Inactive,
REC104722,MCH7357,Varkey LLC,7011,Hotel/Lodging,Private Limited,Kolkata,West Bengal,2025-08-05,,Active,665.88
REC104723,MCH9080,"Goswami, Nagy and Sathe",4131,Transportation,Sole Proprietor,Jaipur,Rajasthan,2023-11-07,,Active,6603.0
REC104724,MCH9232,Ahuja-Chaudhry,4131,Transportation,Individual,Hyderabad,Telangana,2023-04-20,XXXX7963,Active,361.11
REC104725,MCH9690,Bail-Sarin,7011,Hotel/Lodging,Partnership,Amritsar,Punjab,2025-04-11,XXXX0228,Active,3320.22
REC104726,MCH4874,"Chanda, Bahl and Kohli",5699,Apparel,Sole Proprietor,Mumbai,Maharashtra,2024-12-02,,Active,709.03
REC104727,MCH7203,Sani-Memon,5311,Department Store,Sole Proprietor,Amritsar,Punjab,2023-03-25,OFZD1453201567778,Active,
REC104728,MCH9931,Ray Ltd,5912,Pharmacy,Private Limited,Chennai,Tamil Nadu,2023-06-28,8013465643,Active,7044.3
REC104729,MCH2421,Chanda PLC,4131,Transportation,Partnership,Lucknow,Uttar Pradesh,2023-10-11,VAVC3668026777539,Active,146.0
REC104730,MCH7216,Pillai and Sons,4814,Telecom,Individual,Amritsar,Punjab,2025-02-12,,Active,356.0
REC104731,MCH3371,Raju Inc,4131,Transportation,Partnership,Hyderabad,Telangana,2025-04-19,ENEX5677212292143,Active,4057.11
REC104732,MCH3498,Agate and Sons,4814,Telecom,Individual,Chennai,Tamil Nadu,,,Active,1499.04
REC104733,MCH4052,Bal-Choudhary,5812,Restaurant,Partnership,Jalandhar,Punjab,,XXXX5480,Active,2217.99
REC104734,MCH1569,"Bal, Wali and Sheth",4814,Telecom,Private Limited,Chennai,Tamil Nadu,2025-10-11,XXXX9971,Active,1678.57
REC104735,MCH9654,Saini-Bath,5942,Books & Stationery,Private Limited,Ludhiana,Punjab,2024-10-11,XXXX5605,Active,2570.91
REC104736,MCH3445,"Madan, Naidu and Andra",7011,Hotel/Lodging,Private Limited,Jaipur,Rajasthan,2023-07-09,2270103966,Active,983.3
REC104737,MCH9474,"Bajwa, Bhandari and Parmar",5912,Pharmacy,Sole Proprietor,Kolkata,West Bengal,2024-03-16,0765979563,Active,1464.0
REC104738,MCH5598,"Thakur, Verma and Venkataraman",5912,Pharmacy,Individual,Jalandhar,Punjab,2023-09-13,,Active,2948.79
REC104739,MCH9593,"Vora, Natt and Butala",5411,Grocery Store,Sole Proprietor,Ludhiana,Punjab,2023-06-03,XXXX8685,Active,
REC104740,MCH7856,"Sood, Dalal and Butala",7011,Hotel/Lodging,Private Limited,Delhi,Delhi,2025-11-06,1705220103,Active,2048.0
REC104741,MCH1219,Butala Ltd,5699,Apparel,Sole Proprietor,Lucknow,Uttar Pradesh,2025-10-23,1736220262,Active,1046.51
REC104742,MCH8610,Pandey and Sons,5999,Miscellaneous Retail,Sole Proprietor,Bengaluru,Karnataka,,LZLP7648523257090,Active,1014.0
REC104743,MCH1318,Gupta LLC,4814,Telecom,Private Limited,Jaipur,Rajasthan,,0618978505,Active,
REC104744,MCH7340,Devi and Sons,5699,Apparel,Partnership,Kolkata,West Bengal,2024-01-09,1367853568,Active,1101.37
REC104745,MCH3191,Dhawan-Warrior,4131,Transportation,Sole Proprietor,Hyderabad,Telangana,2024-09-12,,Active,1885.9
REC104746,MCH1132,Cheema Inc,5999,Miscellaneous Retail,Sole Proprietor,Ludhiana,Punjab,2023-09-10,3299217122,Active,
REC104747,MCH1657,"Kaur, Sandhu and Shanker",5699,Apparel,Private Limited,Mumbai,Maharashtra,2025-01-14,,Active,1224.96
REC104748,MCH2969,Randhawa-Karnik,7011,Hotel/Lodging,Sole Proprietor,Bengaluru,Karnataka,2023-07-27,,Active,310.59
REC104749,MCH5881,Baria-Keer,4131,Transportation,Private Limited,Jaipur,Rajasthan,2026-02-09,,Closed,2633.32
REC104750,MCH8537,Mital and Sons,5411,Grocery Store,Partnership,Jalandhar,Punjab,2023-05-14,XXXX8286,Active,
REC104751,MCH2096,Gole PLC,5942,Books & Stationery,Individual,Delhi,Delhi,,3610900033,Disabled,6529.52
REC104752,MCH9340,Mallick-Konda,5999,Miscellaneous Retail,Individual,Bengaluru,Karnataka,2025-01-24,,Inactive,1550.33
REC104753,MCH8511,Bhattacharyya LLC,4131,Transportation,Sole Proprietor,Kolkata,West Bengal,2025-09-13,5718101424,Active,1377.4
REC104754,MCH6519,Mane-Madan,5699,Apparel,Partnership,Ludhiana,Punjab,2024-12-25,,Active,978.4
REC104755,MCH1163,"Gour, Comar and Palan",4814,Telecom,Partnership,Ludhiana,Punjab,2025-10-25,BYWD2962302915002,Closed,5449.73
REC104756,MCH5231,Om-Shah,5912,Pharmacy,Individual,Jaipur,Rajasthan,2023-04-29,2208124689,Active,165.39
REC104757,MCH2778,Buch-Lala,5912,Pharmacy,Individual,Hyderabad,Telangana,2023-04-27,XXXX6570,Active,
REC104758,MCH8263,"Kapoor, Khanna and Mohan",5311,Department Store,Individual,Ludhiana,Punjab,2025-01-08,,Active,5404.0
REC104759,MCH4290,Konda-Memon,5311,Department Store,Private Limited,Delhi,Delhi,2024-08-11,,Closed,3295.4
REC104760,MCH6877,Nadkarni and Sons,5411,Grocery Store,Individual,Ludhiana,Punjab,2025-10-12,,Active,1757.0
REC104761,MCH8733,"Dhillon, Goel and Dar",4814,Telecom,Sole Proprietor,Kolkata,West Bengal,2024-03-27,XXXX9551,Active,
REC104762,MCH5203,"Goel, Mishra and Ram",4814,Telecom,Sole Proprietor,Bengaluru,Karnataka,2023-04-28,,Active,3326.82
REC104763,MCH1982,"Behl, Jayaraman and Divan",5699,Apparel,Sole Proprietor,Mumbai,Maharashtra,2025-10-09,,Active,298.94
REC104764,MCH1163,Chauhan Group,5912,Pharmacy,Sole Proprietor,Kolkata,West Bengal,2024-04-10,,Active,2218.96
REC104765,MCH6851,Chaudhary and Sons,4131,Transportation,Individual,Kolkata,West Bengal,2023-04-03,XXXX0557,Active,4509.31
REC104766,MCH7539,"Kalita, Din and Ganesh",5311,Department Store,Private Limited,Chennai,Tamil Nadu,2024-01-05,5865236657,Active,
REC104767,MCH9014,Konda-Ram,4814,Telecom,Sole Proprietor,Ludhiana,Punjab,2025-08-15,,Active,485.94
REC104768,MCH4450,Zachariah-Batra,5311,Department Store,Sole Proprietor,Amritsar,Punjab,2023-09-17,,Active,1045.82
REC104769,MCH9458,Raja Ltd,5311,Department Store,Partnership,Amritsar,Punjab,2025-12-15,XXXX6323,Active,480.87
REC104770,MCH5227,"Yogi, Varghese and Balay",5812,Restaurant,Individual,Mumbai,Maharashtra,2024-02-10,,Active,2005.26
REC104771,MCH3481,"Raja, Brar and Nagar",5411,Grocery Store,Private Limited,Delhi,Delhi,2023-03-13,XXXX8620,Active,1791.83
REC104772,MCH4652,Varghese-Ramachandran,4131,Transportation,Private Limited,Amritsar,Punjab,2024-10-30,0536639184,Active,
REC104773,MCH3990,Dey-Chaudhari,5912,Pharmacy,Individual,Chennai,Tamil Nadu,2025-03-14,IPYG2797181414167,Active,
REC104774,MCH7029,Purohit Ltd,4814,Telecom,Partnership,Bengaluru,Karnataka,2025-03-28,7715883452,Disabled,1186.22
REC104775,MCH3778,Karnik Inc,5912,Pharmacy,Sole Proprietor,Jaipur,Rajasthan,,2560479060,Inactive,1211.0
REC104776,MCH9345,Mahal Inc,4814,Telecom,Private Limited,Amritsar,Punjab,2025-11-30,5557853955,Active,4834.52
REC104777,MCH6190,Pal Ltd,5699,Apparel,Private Limited,Ludhiana,Punjab,2023-03-01,,Active,376.59
REC104778,MCH8540,Tiwari Ltd,5999,Miscellaneous Retail,Sole Proprietor,Jaipur,Rajasthan,2024-06-27,,Active,
REC104779,MCH1492,Ganesan LLC,5999,Miscellaneous Retail,Partnership,Hyderabad,Telangana,2023-08-19,1007001196,Active,3316.76
REC104780,MCH3172,Soni-Varty,4814,Telecom,Sole Proprietor,Bengaluru,Karnataka,2025-07-10,XXXX7710,Active,3097.6
REC104781,MCH7885,Atwal-Jha,4131,Transportation,Private Limited,Jalandhar,Punjab,2023-08-15,XXXX1162,Hold,
REC104782,MCH2492,More LLC,5699,Apparel,Partnership,Jaipur,Rajasthan,2023-04-22,3899609403,Inactive,
REC104783,MCH5021,"Badami, Chatterjee and Handa",4814,Telecom,Sole Proprietor,Hyderabad,Telangana,2024-08-22,,Active,443.63
REC104784,MCH9571,Buch Inc,5812,Restaurant,Individual,Hyderabad,Telangana,,DKEU4746665718428,Active,1270.83
REC104785,MCH9158,"Sachdeva, Vala and Bedi",5812,Restaurant,Sole Proprietor,Lucknow,Uttar Pradesh,,8244922873,Closed,6181.65
REC104786,MCH2525,"Nath, Gaba and Viswanathan",5699,Apparel,Individual,Mumbai,Maharashtra,2024-12-29,,Active,518.76
REC104787,MCH4359,Mistry-Parekh,5912,Pharmacy,Private Limited,Mumbai,Maharashtra,2023-06-10,YQCO7150849658211,Blocked,684.0
REC104788,MCH8049,Balan-Shah,5699,Apparel,Private Limited,Lucknow,Uttar Pradesh,2024-04-09,,Active,
REC104789,MCH2129,Bhavsar-De,5912,Pharmacy,Sole Proprietor,Hyderabad,Telangana,,2500999511,Active,4898.0
REC104790,MCH2776,Datta Ltd,4814,Telecom,Partnership,Jaipur,Rajasthan,2024-11-09,QUCG6914808410390,Active,1643.13
REC104791,MCH7205,Dara PLC,5912,Pharmacy,Sole Proprietor,Ludhiana,Punjab,2023-09-26,,Active,1778.94
REC104792,MCH8761,Chokshi LLC,7011,Hotel/Lodging,Individual,Hyderabad,Telangana,2025-12-01,9822762385,Active,963.43
REC104793,MCH6598,Rajagopalan Inc,5812,Restaurant,Individual,Hyderabad,Telangana,2023-04-27,,Active,2194.0
REC104794,MCH2910,"Mitter, Sekhon and Kunda",5912,Pharmacy,Sole Proprietor,Lucknow,Uttar Pradesh,2023-11-04,XXXX8939,Active,1288.6
REC104795,MCH5122,Kota-Roy,5699,Apparel,Individual,Delhi,Delhi,2025-08-20,XXXX7270,Active,390.64
REC104796,MCH5929,Chaudry-Pal,7011,Hotel/Lodging,Private Limited,Chennai,Tamil Nadu,2024-11-12,RXEM4030982599966,Active,705.57
REC104797,MCH6165,"Chandran, Dey and Dalal",5699,Apparel,Private Limited,Delhi,Delhi,2025-08-29,CFEB4939576870397,Active,1513.56
REC104798,MCH1750,"Dube, Natt and Vohra",4131,Transportation,Individual,Pune,Maharashtra,2024-12-18,XXXX3705,Active,
REC104799,MCH2064,Date and Sons,5812,Restaurant,Private Limited,Delhi,Delhi,2025-08-05,,Active,1715.0
REC104800,MCH1462,Swamy Inc,5912,Pharmacy,Private Limited,Jalandhar,Punjab,2023-09-13,CPHK2049802773880,Inactive,1411.0
REC104801,MCH7353,Nadig LLC,4814,Telecom,Individual,Hyderabad,Telangana,2025-11-12,XXXX4294,Active,1097.0
REC104802,MCH2067,"Barad, Rai and Kapur",5411,Grocery Store,Private Limited,Jaipur,Rajasthan,2023-03-04,5177364796,Active,999.18
REC104803,MCH6148,Ganesan-Johal,4814,Telecom,Partnership,Mumbai,Maharashtra,2023-10-08,XXXX8688,Active,778.99
REC104804,MCH2028,"Sanghvi, Sibal and Vala",4131,Transportation,Individual,Mumbai,Maharashtra,2024-06-12,,Active,868.81
REC104805,MCH4200,Karnik Ltd,4131,Transportation,Sole Proprietor,Pune,Maharashtra,2024-04-27,MNTN2594343179544,Active,951.15
REC104806,MCH2632,Agate-Gandhi,5311,Department Store,Partnership,Chennai,Tamil Nadu,2026-01-14,ZCSO2053232739383,Active,
REC104807,MCH4322,Khanna-Sarma,5311,Department Store,Sole Proprietor,Jalandhar,Punjab,2025-05-02,,Active,575.07
REC104808,MCH4805,"Krishnan, Bhatnagar and Prasad",5942,Books & Stationery,Partnership,Amritsar,Punjab,2025-07-12,,Active,284.87
REC104809,MCH4867,"Bedi, Ganesan and Radhakrishnan",7011,Hotel/Lodging,Private Limited,Pune,Maharashtra,2023-05-04,,Active,2651.67
REC104810,MCH7353,Bhat-Munshi,5912,Pharmacy,Partnership,Chennai,Tamil Nadu,2023-09-08,,Active,
REC104811,MCH6556,"Andra, Chaudhary and Kunda",4814,Telecom,Partnership,Bengaluru,Karnataka,2023-12-31,IBEQ5874818667293,Hold,327.82
REC104812,MCH7095,Soni-Dubey,5812,Restaurant,Individual,Mumbai,Maharashtra,2025-05-01,,Active,589.1
REC104813,MCH9905,Patel-Sood,7011,Hotel/Lodging,Sole Proprietor,Jaipur,Rajasthan,2025-11-21,ZWIP5852637363100,Active,
REC104814,MCH2037,Kadakia LLC,5411,Grocery Store,Partnership,Delhi,Delhi,2024-10-13,ZTLJ8328872113925,Active,426.54
REC104815,MCH5355,"Sundaram, Gara and Bajwa",5812,Restaurant,Sole Proprietor,Kolkata,West Bengal,2023-08-03,,Active,3350.71
REC104816,MCH1250,Kata Group,5812,Restaurant,Private Limited,Chennai,Tamil Nadu,2023-12-22,,Active,1162.22
REC104817,MCH1185,"Buch, Barad and Toor",5999,Miscellaneous Retail,Partnership,Jalandhar,Punjab,2024-06-16,6769671490,Active,2955.34
REC104818,MCH7817,Lata PLC,5812,Restaurant,Private Limited,Chennai,Tamil Nadu,2025-07-27,,Inactive,3090.66
REC104819,MCH2423,Ratti-Gupta,4131,Transportation,Private Limited,Hyderabad,Telangana,2023-02-09,8487553058,Active,1549.78
REC104820,MCH2806,Jhaveri-Babu,7011,Hotel/Lodging,Sole Proprietor,Lucknow,Uttar Pradesh,2023-09-15,XXXX2533,Closed,1939.0
REC104821,MCH7344,Banerjee Inc,4131,Transportation,Sole Proprietor,Ludhiana,Punjab,2023-09-04,XXXX7344,Suspended,1385.4
REC104822,MCH1884,Nagi LLC,4131,Transportation,Private Limited,Bengaluru,Karnataka,2025-01-08,ROSD8740992299086,Active,628.95
REC104823,MCH3754,Dugal-Chawla,5812,Restaurant,Partnership,Kolkata,West Bengal,2025-01-18,MIWY6996336112119,Active,
REC104824,MCH3029,Hegde-Sood,5699,Apparel,Partnership,Ludhiana,Punjab,2023-11-30,TXOB9117990620646,Active,669.4
REC104825,MCH9249,"Aggarwal, Agarwal and Naidu",5699,Apparel,Partnership,Chennai,Tamil Nadu,2025-12-23,XXXX8648,Active,
REC104826,MCH1767,Bhatnagar-Kala,4814,Telecom,Individual,Jalandhar,Punjab,,2537411732,Active,314.16
REC104827,MCH4336,"Dube, Baria and Nath",5411,Grocery Store,Private Limited,Jalandhar,Punjab,2026-01-06,,Active,
REC104828,MCH1482,"Bahri, Sarin and Hora",5999,Miscellaneous Retail,Partnership,Hyderabad,Telangana,2024-01-26,2731738944,Hold,1651.0
REC104829,MCH2284,Wadhwa-Karpe,4131,Transportation,Sole Proprietor,Lucknow,Uttar Pradesh,,,Inactive,2337.52
REC104830,MCH2885,"Varkey, Goda and Bala",5812,Restaurant,Private Limited,Mumbai,Maharashtra,2023-01-23,0317882844,Inactive,4853.92
REC104831,MCH8328,Raman-Dass,5411,Grocery Store,Partnership,Jalandhar,Punjab,2024-09-29,,Active,2484.83
REC104832,MCH6345,Mani Group,5999,Miscellaneous Retail,Partnership,Ludhiana,Punjab,,,Active,1339.21
REC104833,MCH2522,Singhal-Chana,5999,Miscellaneous Retail,Partnership,Ludhiana,Punjab,2023-05-12,,Inactive,
REC104834,MCH1838,Sarraf-Bhakta,5999,Miscellaneous Retail,Partnership,Bengaluru,Karnataka,2023-04-20,XXXX3450,Active,584.0
REC104835,MCH6700,Ravi Ltd,4814,Telecom,Partnership,Pune,Maharashtra,,,Active,219.11
REC104836,MCH3231,Gokhale Group,5411,Grocery Store,Individual,Jalandhar,Punjab,,,Active,205.0
REC104837,MCH7411,"Bhasin, Soman and Savant",4814,Telecom,Sole Proprietor,Chennai,Tamil Nadu,,,Inactive,2298.88
REC104838,MCH6035,Brar-Kohli,5812,Restaurant,Partnership,Ludhiana,Punjab,2023-10-06,,Active,4518.69
REC104839,MCH7600,"Minhas, Rattan and Oak",5311,Department Store,Sole Proprietor,Ludhiana,Punjab,2023-10-13,XXXX9742,Active,10025.0
REC104840,MCH8638,Ramanathan-Apte,5942,Books & Stationery,Partnership,Chennai,Tamil Nadu,2025-04-16,XXXX4259,Active,985.8
REC104841,MCH9537,Mahal Group,5999,Miscellaneous Retail,Private Limited,Jalandhar,Punjab,2023-05-13,,Active,777.57
REC104842,MCH5121,Ramakrishnan Inc,4131,Transportation,Sole Proprietor,Ludhiana,Punjab,2023-11-27,,Active,3794.33
REC104843,MCH8619,Salvi-Nazareth,5411,Grocery Store,Sole Proprietor,Delhi,Delhi,2024-07-25,,Active,860.21
REC104844,MCH9484,"Bail, Sen and Bava",5912,Pharmacy,Sole Proprietor,Jalandhar,Punjab,2024-11-30,,Active,1401.0
REC104845,MCH1567,Suresh Ltd,5699,Apparel,Individual,Chennai,Tamil Nadu,2024-08-12,XXXX6891,Active,3203.25
REC104846,MCH6986,"Joshi, Chacko and Sawhney",5411,Grocery Store,Individual,Mumbai,Maharashtra,2025-11-05,3156013270,Active,606.88
REC104847,MCH1086,Agrawal-Sule,5699,Apparel,Individual,Ludhiana,Punjab,2023-11-13,,Active,1355.59
REC104848,MCH8634,Palla-Brar,5912,Pharmacy,Partnership,Jalandhar,Punjab,2023-06-13,FVKP3398609583042,Active,843.2
REC104849,MCH5274,Thakur and Sons,4814,Telecom,Sole Proprietor,Chennai,Tamil Nadu,2025-04-21,,Active,983.36
REC104850,MCH7412,Chand-Badal,5812,Restaurant,Private Limited,Mumbai,Maharashtra,2025-08-15,,Hold,539.2
REC104851,MCH3234,Lad Inc,4814,Telecom,Individual,Kolkata,West Bengal,2024-02-21,LTGH4419649542857,Active,
REC104852,MCH1656,Dhar PLC,5311,Department Store,Partnership,Amritsar,Punjab,2025-05-29,OTBM8790953463908,Active,2992.0
REC104853,MCH8074,Prakash-Bera,4814,Telecom,Individual,Jalandhar,Punjab,2024-12-04,2437188894,Active,439.79
REC104854,MCH3677,Choudhury-Radhakrishnan,7011,Hotel/Lodging,Partnership,Jalandhar,Punjab,2025-01-29,,Active,226.71
REC104855,MCH2646,Parsa-Gole,5999,Miscellaneous Retail,Private Limited,Hyderabad,Telangana,2025-12-18,JJBK8920317843679,Active,450.19
REC104856,MCH6268,"Pillay, Borah and Roy",5812,Restaurant,Sole Proprietor,Amritsar,Punjab,2024-07-08,2204602404,Active,1108.0
REC104857,MCH7156,Lata-Som,5812,Restaurant,Private Limited,Bengaluru,Karnataka,2023-02-24,,Suspended,739.29
REC104858,MCH9831,Deep-Kanda,4814,Telecom,Sole Proprietor,Pune,Maharashtra,2025-07-29,XXXX7811,Active,796.02
REC104859,MCH9367,Luthra and Sons,5942,Books & Stationery,Private Limited,Amritsar,Punjab,2023-05-31,,Active,1752.0
REC104860,MCH7523,Venkataraman-Hans,4131,Transportation,Sole Proprietor,Pune,Maharashtra,2025-04-28,6156184588,Active,6157.65
REC104861,MCH1872,Chaudry Group,5999,Miscellaneous Retail,Private Limited,Bengaluru,Karnataka,2024-02-02,2703911432,Active,1044.41
REC104862,MCH6002,Bal Group,5912,Pharmacy,Partnership,Delhi,Delhi,2025-05-14,,Active,718.0
REC104863,MCH9187,Mane and Sons,5812,Restaurant,Individual,Hyderabad,Telangana,2025-12-18,,Active,508.01
REC104864,MCH3084,Mani-Chowdhury,5699,Apparel,Partnership,Hyderabad,Telangana,2023-09-27,,Active,1594.62
REC104865,MCH3997,Chatterjee Group,5999,Miscellaneous Retail,Individual,Ludhiana,Punjab,2023-04-30,HIRQ3582999375796,Suspended,
REC104866,MCH6562,Kant Inc,7011,Hotel/Lodging,Sole Proprietor,Chennai,Tamil Nadu,2024-10-14,XXXX2723,Active,2590.35
REC104867,MCH9877,Borra and Sons,4814,Telecom,Individual,Bengaluru,Karnataka,2023-04-12,YYFP6378402221168,Active,416.84
REC104868,MCH6623,Kakar and Sons,5912,Pharmacy,Individual,Pune,Maharashtra,,8474818927,Active,1424.35
REC104869,MCH1188,Morar Ltd,5912,Pharmacy,Individual,Hyderabad,Telangana,2024-02-19,3674511273,Active,1156.7
REC104870,MCH7877,Parekh-Borra,5942,Books & Stationery,Private Limited,Mumbai,Maharashtra,2024-02-29,XXXX5911,Active,
REC104871,MCH7769,"Atwal, Loke and Prasad",4814,Telecom,Partnership,Mumbai,Maharashtra,2024-07-21,,Active,232.38
REC104872,MCH8850,"Sachdev, Nayar and Arora",5411,Grocery Store,Partnership,Ludhiana,Punjab,2025-04-07,,Suspended,
REC104873,MCH1625,Saran Ltd,4814,Telecom,Partnership,Kolkata,West Bengal,2024-10-17,6216492189,Active,1093.54
REC104874,MCH9052,Ramaswamy-Chhabra,5942,Books & Stationery,Partnership,Mumbai,Maharashtra,2024-11-10,,Active,
REC104875,MCH8431,"Bail, Sura and Misra",5411,Grocery Store,Partnership,Lucknow,Uttar Pradesh,2023-02-24,BOES1880983766713,Active,6861.27
REC104876,MCH2492,"Bhatti, Kala and Sahni",4131,Transportation,Individual,Hyderabad,Telangana,2024-12-11,,Active,2662.9
REC104877,MCH6602,Thakkar Ltd,4131,Transportation,Partnership,Mumbai,Maharashtra,2023-01-03,XXXX6968,Active,483.25
REC104878,MCH9944,"Parikh, Mutti and Saha",4131,Transportation,Partnership,Jalandhar,Punjab,2025-08-03,YTTI1528625741410,Active,1826.64
REC104879,MCH8536,"Basak, Sami and Char",5311,Department Store,Private Limited,Mumbai,Maharashtra,,,Active,335.5
REC104880,MCH3139,"Dhar, Kumar and Sawhney",5699,Apparel,Partnership,Pune,Maharashtra,2025-01-24,XXXX0682,Disabled,2338.9
REC104881,MCH2368,Chadha-Barman,5912,Pharmacy,Individual,Jalandhar,Punjab,2025-11-27,7857705450,Suspended,3326.29
REC104882,MCH3229,Keer-Kale,5912,Pharmacy,Sole Proprietor,Mumbai,Maharashtra,2024-02-28,UDDZ7214972649948,Active,276.23
REC104883,MCH8615,Kurian Inc,4814,Telecom,Private Limited,Hyderabad,Telangana,2024-03-25,,Active,3051.58
REC104884,MCH1154,Saran and Sons,5912,Pharmacy,Private Limited,Pune,Maharashtra,2023-12-26,TCTB2753134775657,Active,871.24
REC104885,MCH2487,Venkatesh Ltd,7011,Hotel/Lodging,Partnership,Ludhiana,Punjab,,MCTW2396874836471,Active,2913.12
REC104886,MCH2980,Mander and Sons,5411,Grocery Store,Sole Proprietor,Kolkata,West Bengal,2023-04-03,,Active,1129.72
REC104887,MCH9718,Bumb PLC,5699,Apparel,Private Limited,Jalandhar,Punjab,,XXXX7725,Active,
REC104888,MCH5673,Palan-Memon,4131,Transportation,Sole Proprietor,Delhi,Delhi,2023-09-16,5428187851,Active,414.92
REC104889,MCH2995,Kurian-Kumar,5699,Apparel,Individual,Amritsar,Punjab,2023-10-16,,Active,
REC104890,MCH6615,Pillay Group,5942,Books & Stationery,Individual,Hyderabad,Telangana,2025-09-12,3204013146,Suspended,
REC104891,MCH5391,Nagi-Pandya,5411,Grocery Store,Partnership,Kolkata,West Bengal,2025-12-24,,Suspended,1471.0
REC104892,MCH8170,"Dyal, Chadha and Shenoy",4814,Telecom,Partnership,Hyderabad,Telangana,2024-12-15,4344277649,Active,589.07
REC104893,MCH4622,Toor-Rajan,7011,Hotel/Lodging,Private Limited,Ludhiana,Punjab,2024-06-20,,Active,2524.16
REC104894,MCH2040,"Balan, Sahota and Nagi",5699,Apparel,Sole Proprietor,Kolkata,West Bengal,,,Active,409.0
REC104895,MCH7803,Naik LLC,5999,Miscellaneous Retail,Partnership,Delhi,Delhi,,,Active,
REC104896,MCH6559,Patla Ltd,7011,Hotel/Lodging,Sole Proprietor,Bengaluru,Karnataka,2025-12-18,,Active,922.45
REC104897,MCH8262,Sanghvi Ltd,5411,Grocery Store,Sole Proprietor,Bengaluru,Karnataka,2024-06-10,,Active,4676.0
REC104898,MCH8149,"Chandran, Mander and Parmar",5812,Restaurant,Partnership,Kolkata,West Bengal,,,Active,1378.0
REC104899,MCH4484,"Mukherjee, Tella and Malhotra",5812,Restaurant,Partnership,Bengaluru,Karnataka,2025-10-02,8422535984,Active,2091.93
REC104900,MCH9164,Mital and Sons,5699,Apparel,Private Limited,Delhi,Delhi,2025-08-12,,Active,4681.79
REC104901,MCH7906,"Ganesan, Gopal and Ratta",5912,Pharmacy,Individual,Jaipur,Rajasthan,2023-08-04,6930056996,Active,733.85
REC104902,MCH4055,Sinha-Sundaram,7011,Hotel/Lodging,Individual,Chennai,Tamil Nadu,,BRZM1208408639064,Suspended,978.27
REC104903,MCH1016,"Mangat, Som and Deshmukh",5942,Books & Stationery,Individual,Pune,Maharashtra,2025-02-08,OOIR2591293670615,Suspended,756.28
REC104904,MCH4081,Srinivasan-Bahri,4814,Telecom,Sole Proprietor,Delhi,Delhi,2025-06-07,,Active,2928.84
REC104905,MCH7302,Murthy and Sons,5411,Grocery Store,Partnership,Bengaluru,Karnataka,2025-01-23,,Active,3381.11
REC104906,MCH1906,"Taneja, Mahajan and Sarna",5311,Department Store,Individual,Bengaluru,Karnataka,2026-01-16,ZMCC2986180199571,Disabled,2772.0
REC104907,MCH4976,Walla and Sons,5942,Books & Stationery,Sole Proprietor,Bengaluru,Karnataka,2025-10-21,XKET6356016924037,Active,929.0
REC104908,MCH2749,Borde PLC,7011,Hotel/Lodging,Partnership,Jalandhar,Punjab,2025-11-15,AKGD7711918524900,Active,299.85
REC104909,MCH2813,"Sha, Bhatia and Vig",5311,Department Store,Individual,Chennai,Tamil Nadu,2024-10-24,5399147177,Suspended,3821.16
REC104910,MCH7294,"Singh, Ramanathan and Setty",5942,Books & Stationery,Private Limited,Jalandhar,Punjab,2025-04-02,,Suspended,1690.0
REC104911,MCH4299,Master PLC,5699,Apparel,Private Limited,Delhi,Delhi,2023-05-31,XXXX0419,Active,3539.65
REC104912,MCH8052,Mangat-Ganesh,4131,Transportation,Sole Proprietor,Kolkata,West Bengal,2024-01-05,,Active,527.34
REC104913,MCH7875,Narasimhan PLC,5411,Grocery Store,Private Limited,Amritsar,Punjab,2025-01-03,,Active,585.43
REC104914,MCH9253,Gole LLC,5699,Apparel,Sole Proprietor,Amritsar,Punjab,2024-05-09,XXXX9261,Active,1349.23
REC104915,MCH3410,Mutti PLC,7011,Hotel/Lodging,Sole Proprietor,Chennai,Tamil Nadu,2023-05-23,5994810528,Active,4042.64
REC104916,MCH2755,Chaudhuri and Sons,5942,Books & Stationery,Individual,Mumbai,Maharashtra,2025-11-29,,Active,440.0
REC104917,MCH3435,"Mitter, Chakrabarti and Swaminathan",5812,Restaurant,Individual,Ludhiana,Punjab,2023-04-23,XXXX3745,Active,1050.63
REC104918,MCH7403,Prabhakar Group,5942,Books & Stationery,Sole Proprietor,Chennai,Tamil Nadu,2025-12-29,XXXX4472,Inactive,657.74
REC104919,MCH1926,"Bail, Bala and Bahl",5942,Books & Stationery,Partnership,Pune,Maharashtra,2024-05-07,,Active,
REC104920,MCH2996,Rege-Khanna,5411,Grocery Store,Individual,Lucknow,Uttar Pradesh,2023-10-15,,Closed,
REC104921,MCH5749,Master LLC,5812,Restaurant,Private Limited,Kolkata,West Bengal,2024-04-30,PVNW9033788560313,Active,6699.41
REC104922,MCH9088,Bajaj-Karnik,5912,Pharmacy,Individual,Mumbai,Maharashtra,2025-03-11,,Suspended,1838.62
REC104923,MCH1947,Bhatti PLC,4131,Transportation,Sole Proprietor,Hyderabad,Telangana,2025-10-17,,Active,860.05
REC104924,MCH6221,Shukla and Sons,4131,Transportation,Sole Proprietor,Chennai,Tamil Nadu,2025-01-25,,Active,1793.34
REC104925,MCH2827,Bala-Bhatti,5999,Miscellaneous Retail,Individual,Bengaluru,Karnataka,2024-05-10,5191749246,Disabled,381.0
REC104926,MCH4176,Sani-Bhalla,7011,Hotel/Lodging,Individual,Delhi,Delhi,2024-07-22,XXXX6805,Active,1216.13
REC104927,MCH5210,Rege-Sridhar,5942,Books & Stationery,Private Limited,Jalandhar,Punjab,2024-05-10,VHMQ6214837340223,Active,1199.73
REC104928,MCH7493,Nanda LLC,5411,Grocery Store,Partnership,Delhi,Delhi,2024-12-01,,Active,537.94
REC104929,MCH4621,Ravel-Chaudhuri,5942,Books & Stationery,Private Limited,Delhi,Delhi,2024-08-04,RGWL4221508668071,Active,
REC104930,MCH6079,Gulati Inc,4131,Transportation,Sole Proprietor,Pune,Maharashtra,2023-01-29,XXXX5091,Active,2029.26
REC104931,MCH6122,Rai Ltd,4131,Transportation,Private Limited,Jalandhar,Punjab,2024-02-11,JNKS9651802205909,Inactive,2198.19
REC104932,MCH9537,"Kohli, Bedi and Khatri",5812,Restaurant,Partnership,Lucknow,Uttar Pradesh,2023-02-03,ETHU3692414694902,Active,
REC104933,MCH9503,Kulkarni LLC,4131,Transportation,Individual,Hyderabad,Telangana,2026-01-22,FRMH0087238544779,Inactive,1312.52
REC104934,MCH5849,Balakrishnan Ltd,5699,Apparel,Private Limited,Lucknow,Uttar Pradesh,2025-04-06,,Active,6558.56
REC104935,MCH4034,Tiwari-Lad,5999,Miscellaneous Retail,Individual,Ludhiana,Punjab,2023-12-13,XXXX6100,Suspended,2041.77
REC104936,MCH2860,Ahluwalia Ltd,7011,Hotel/Lodging,Private Limited,Bengaluru,Karnataka,2026-01-27,EAAS5526551207941,Active,250.0
REC104937,MCH1969,Narain-Menon,5311,Department Store,Individual,Delhi,Delhi,2025-11-16,FJVW1497261653850,Active,453.33
REC104938,MCH3993,Vaidya Ltd,5999,Miscellaneous Retail,Partnership,Chennai,Tamil Nadu,2023-12-23,YBKO6037061844125,Active,372.73
REC104939,MCH5895,Dey LLC,4131,Transportation,Individual,Chennai,Tamil Nadu,2024-08-05,,Active,693.85
REC104940,MCH8238,"Lala, Seth and Tak",5699,Apparel,Partnership,Jaipur,Rajasthan,2024-07-22,XXXX3627,Active,952.06
REC104941,MCH4588,"Gole, Raval and Hans",5812,Restaurant,Sole Proprietor,Bengaluru,Karnataka,2025-03-14,2064667231,Active,1061.34
REC104942,MCH9785,Bains-Bhavsar,5999,Miscellaneous Retail,Partnership,Mumbai,Maharashtra,2023-08-07,,Active,54.42
REC104943,MCH2179,Prakash Inc,5411,Grocery Store,Partnership,Jalandhar,Punjab,2025-05-14,XBTI4209602657255,Active,5901.01
REC104944,MCH8289,"Choudhury, Chakrabarti and Khalsa",4131,Transportation,Sole Proprietor,Lucknow,Uttar Pradesh,2023-06-10,1750486763,Active,954.52
REC104945,MCH8466,Dani PLC,5999,Miscellaneous Retail,Sole Proprietor,Lucknow,Uttar Pradesh,2024-11-20,0971517189,Active,1946.42
REC104946,MCH1750,Sastry-Chaudhari,5699,Apparel,Individual,Delhi,Delhi,2024-11-17,XXXX2201,Active,1155.0
REC104947,MCH6991,Dani Ltd,4131,Transportation,Partnership,Bengaluru,Karnataka,2025-07-16,5759081808,Active,
REC104948,MCH3265,"Prakash, Wable and Ganesh",4814,Telecom,Individual,Jaipur,Rajasthan,2025-11-13,,Inactive,1446.0
REC104949,MCH9355,Vig PLC,5912,Pharmacy,Partnership,Jalandhar,Punjab,2024-11-01,KRTG3596169904435,Active,1697.72
REC104950,MCH4455,Iyer LLC,5411,Grocery Store,Individual,Bengaluru,Karnataka,,JMHS4435674556652,Active,586.02
REC104951,MCH2641,Varma-Saha,5999,Miscellaneous Retail,Individual,Bengaluru,Karnataka,2024-10-09,,Closed,5621.28
REC104952,MCH4352,Suri Ltd,5912,Pharmacy,Individual,Lucknow,Uttar Pradesh,2023-08-21,,Active,
REC104953,MCH5260,"Memon, Ben and Sant",5912,Pharmacy,Sole Proprietor,Jalandhar,Punjab,2024-07-25,XXXX7324,Active,1467.0
REC104954,MCH4061,Mody-Vig,5999,Miscellaneous Retail,Individual,Amritsar,Punjab,2024-07-28,,Active,2007.74
REC104955,MCH3095,Hans-Shan,5999,Miscellaneous Retail,Partnership,Kolkata,West Bengal,2024-05-28,9222512011,Active,1208.82
REC104956,MCH7944,Bassi-Dyal,4131,Transportation,Sole Proprietor,Kolkata,West Bengal,2025-11-04,YDDT9877099170196,Active,1227.24
REC104957,MCH9149,Varghese PLC,5411,Grocery Store,Individual,Jaipur,Rajasthan,2025-12-26,,Active,3708.64
REC104958,MCH2265,"Bail, Gopal and Khare",5912,Pharmacy,Partnership,Lucknow,Uttar Pradesh,2024-08-04,VZCP3787385327453,Inactive,
REC104959,MCH8253,Dutt-Narain,5411,Grocery Store,Sole Proprietor,Hyderabad,Telangana,2024-04-15,XXXX4097,Active,1104.19
REC104960,MCH1809,Grewal Inc,5311,Department Store,Private Limited,Bengaluru,Karnataka,2025-10-31,1597132394,Active,2181.93
REC104961,MCH7473,"Nair, Ramachandran and Mane",5311,Department Store,Sole Proprietor,Hyderabad,Telangana,2023-09-07,3598989275,Disabled,
REC104962,MCH8101,"Jani, Varghese and Barman",5699,Apparel,Sole Proprietor,Delhi,Delhi,,ZAGS9531645948920,Inactive,734.89
REC104963,MCH6254,Murthy Group,4814,Telecom,Partnership,Amritsar,Punjab,2025-07-05,7655418410,Inactive,
REC104964,MCH7992,Goel Group,4814,Telecom,Individual,Bengaluru,Karnataka,2023-10-18,UIMY5187810690637,Active,609.52
REC104965,MCH5054,"Kara, Mandal and Mitra",5812,Restaurant,Sole Proprietor,Kolkata,West Bengal,2024-01-29,,Suspended,5895.31
REC104966,MCH1040,Ch and PLC,5912,Pharmacy,Individual,Pune,Maharashtra,2024-09-08,,Active,653.92
REC104967,MCH1104,Chander LLC,4814,Telecom,Private Limited,Delhi,Delhi,2024-09-05,,Active,778.62
REC104968,MCH2387,Dar-Dass,5912,Pharmacy,Partnership,Lucknow,Uttar Pradesh,,,Active,1022.15
REC104969,MCH2335,Ganesh Ltd,5999,Miscellaneous Retail,Private Limited,Pune,Maharashtra,2025-03-03,,Active,
REC104970,MCH6277,"Parmer, Bera and Nori",4131,Transportation,Partnership,Mumbai,Maharashtra,2024-04-02,,Active,514.01
REC104971,MCH5122,Garde Ltd,5699,Apparel,Partnership,Mumbai,Maharashtra,2024-09-06,GIIN6826016830316,Active,957.5
REC104972,MCH7580,Dhaliwal-Shankar,4814,Telecom,Sole Proprietor,Mumbai,Maharashtra,2023-07-04,XXXX8286,Active,1155.73
REC104973,MCH1729,Ganesh PLC,5812,Restaurant,Private Limited,Hyderabad,Telangana,2025-05-23,XXXX6365,Active,
REC104974,MCH2571,Deep-Chakraborty,5812,Restaurant,Partnership,Delhi,Delhi,2024-07-31,,Suspended,3828.75
REC104975,MCH9296,Ramanathan Ltd,5912,Pharmacy,Individual,Jaipur,Rajasthan,2025-01-29,,Active,1253.48
REC104976,MCH8571,"Garde, Toor and Malhotra",4814,Telecom,Partnership,Amritsar,Punjab,2023-05-31,,Active,266.55
REC104977,MCH6242,Som Inc,5311,Department Store,Sole Proprietor,Jaipur,Rajasthan,2023-06-27,ELTM3518126936690,Active,
REC104978,MCH8058,"Jayaraman, Pall and Goel",5912,Pharmacy,Partnership,Kolkata,West Bengal,2023-06-25,DJCR4230820318730,Active,1476.23
REC104979,MCH5242,Mishra-Dua,5311,Department Store,Individual,Mumbai,Maharashtra,2024-06-08,XXXX0138,Active,
REC104980,MCH3379,Sura Inc,5411,Grocery Store,Sole Proprietor,Chennai,Tamil Nadu,2023-11-28,,Active,851.53
REC104981,MCH9211,Dubey-Kurian,7011,Hotel/Lodging,Individual,Jalandhar,Punjab,2023-08-01,XXXX5476,Active,2981.74
REC104982,MCH2694,Misra PLC,5699,Apparel,Individual,Pune,Maharashtra,,,Inactive,2669.29
REC104983,MCH9289,Lall LLC,7011,Hotel/Lodging,Private Limited,Kolkata,West Bengal,2025-12-08,PFKV1152289254196,Active,3024.28
REC104984,MCH4503,Acharya LLC,5411,Grocery Store,Private Limited,Delhi,Delhi,2024-09-12,,Active,241.19
REC104985,MCH8493,Buch Inc,5912,Pharmacy,Individual,Chennai,Tamil Nadu,2025-01-17,YMCT2319815382495,Active,2394.24
REC104986,MCH4613,"Batra, Devi and Buch",5699,Apparel,Individual,Delhi,Delhi,2023-10-03,6706330376,Disabled,
REC104987,MCH4456,Krish-Panchal,5411,Grocery Store,Individual,Lucknow,Uttar Pradesh,2024-05-11,,Active,1642.08
REC104988,MCH4369,"Tandon, Viswanathan and Chaudhary",5812,Restaurant,Private Limited,Pune,Maharashtra,2023-01-13,1839441599,Suspended,226.61
REC104989,MCH9559,Randhawa-Mody,5699,Apparel,Sole Proprietor,Amritsar,Punjab,2025-06-08,XXXX2517,Inactive,543.84
REC104990,MCH4318,Nagar and Sons,4131,Transportation,Sole Proprietor,Lucknow,Uttar Pradesh,2023-12-20,3039905093,Active,1159.12
REC104991,MCH2473,"Gill, Deol and Deep",5411,Grocery Store,Private Limited,Lucknow,Uttar Pradesh,2024-07-09,YWZO7271967683864,Active,1433.28
REC104992,MCH1161,"Kuruvilla, Pall and Ravel",5411,Grocery Store,Private Limited,Jalandhar,Punjab,2023-12-29,,Active,549.82
REC104993,MCH9563,Sharaf-Tella,7011,Hotel/Lodging,Sole Proprietor,Kolkata,West Bengal,2025-02-09,,Active,1375.95
REC104994,MCH6465,Chadha-Char,5912,Pharmacy,Partnership,Kolkata,West Bengal,2023-04-22,5666974983,Active,749.37
REC104995,MCH8631,Chaudhari-Chhabra,5699,Apparel,Sole Proprietor,Lucknow,Uttar Pradesh,2024-02-17,7902410971,Active,1011.95
REC104996,MCH9582,"Aggarwal, Morar and Vohra",4814,Telecom,Private Limited,Chennai,Tamil Nadu,2026-02-02,1610482956,Active,2012.0
REC104997,MCH6617,Buch Group,5699,Apparel,Sole Proprietor,Hyderabad,Telangana,2024-09-01,,Active,1759.15
REC104998,MCH3616,Trivedi-Ramachandran,5411,Grocery Store,Partnership,Jalandhar,Punjab,2025-07-02,XXXX1853,Inactive,181.96
REC104999,MCH9391,Vasa-Mitra,4814,Telecom,Individual,Jalandhar,Punjab,2024-10-30,XXXX6623,Active,1456.23
REC105000,MCH9379,Nazareth and Sons,5999,Miscellaneous Retail,Individual,Kolkata,West Bengal,,XXXX1135,Inactive,242.0
REC105001,MCH7288,"Kumar, Sachdeva and Natarajan",5999,Miscellaneous Retail,Private Limited,Kolkata,West Bengal,2026-02-01,,Suspended,
REC105002,MCH2051,Deshpande PLC,5912,Pharmacy,Private Limited,Chennai,Tamil Nadu,2024-10-06,6948597427,Active,625.93
REC105003,MCH4507,Bassi-Merchant,5812,Restaurant,Sole Proprietor,Chennai,Tamil Nadu,2024-05-30,XXXX7969,Active,3598.7
REC105004,MCH9647,"Bhat, Tank and Aurora",7011,Hotel/Lodging,Individual,Kolkata,West Bengal,2024-08-18,8968048918,Active,5590.39
REC105005,MCH1082,Oommen Inc,7011,Hotel/Lodging,Partnership,Amritsar,Punjab,,6717543820,Active,833.19
REC105006,MCH7017,Deep Group,7011,Hotel/Lodging,Individual,Delhi,Delhi,,,Active,1258.92
REC105007,MCH8506,"Handa, Sahni and Sawhney",4814,Telecom,Partnership,Hyderabad,Telangana,2026-01-12,,Active,339.0
REC105008,MCH6839,Varughese LLC,5912,Pharmacy,Individual,Jaipur,Rajasthan,2025-05-05,4050131250,Active,1354.0
REC105009,MCH8735,Halder-Mane,5411,Grocery Store,Partnership,Pune,Maharashtra,2023-04-12,PJBJ0308854019653,Active,7303.0
REC105010,MCH9443,"Bumb, Sama and Prashad",4131,Transportation,Sole Proprietor,Lucknow,Uttar Pradesh,2024-03-28,,Active,712.16
REC105011,MCH3125,Din-Dara,5699,Apparel,Partnership,Delhi,Delhi,2025-11-15,NBXZ1237892442741,Active,3672.47
REC105012,MCH3092,"Dutta, Vasa and Jayaraman",5999,Miscellaneous Retail,Private Limited,Amritsar,Punjab,,4110907056,Active,1605.55
REC105013,MCH1365,Agate PLC,5942,Books & Stationery,Partnership,Pune,Maharashtra,2024-12-10,,Active,
REC105014,MCH8679,Dutt-Goel,4814,Telecom,Private Limited,Kolkata,West Bengal,2024-08-14,XXXX4631,Active,423.15
REC105015,MCH3722,"Ben, Dhingra and Garde",5942,Books & Stationery,Private Limited,Delhi,Delhi,2025-01-28,,Inactive,163.22
REC105016,MCH5606,Sunder Inc,7011,Hotel/Lodging,Partnership,Ludhiana,Punjab,2023-06-25,TYTS3020219689289,Active,965.69
REC105017,MCH6384,"Ravel, Mane and Madan",5912,Pharmacy,Partnership,Delhi,Delhi,2023-04-26,8497490345,Active,334.08
REC105018,MCH4170,Bahri-Mangat,5812,Restaurant,Sole Proprietor,Pune,Maharashtra,2023-03-15,XXXX2954,Active,926.11
REC105019,MCH9537,Chakraborty PLC,5942,Books & Stationery,Individual,Amritsar,Punjab,2025-01-02,XXXX8422,Active,
REC105020,MCH9787,Nigam LLC,7011,Hotel/Lodging,Private Limited,Jaipur,Rajasthan,2023-06-18,,Active,717.19
REC105021,MCH8895,Chakraborty-Apte,7011,Hotel/Lodging,Sole Proprietor,Jalandhar,Punjab,2023-05-04,8501954276,Active,2412.11
REC105022,MCH1773,Prakash-Malhotra,5411,Grocery Store,Individual,Jalandhar,Punjab,,XEKJ5137440988369,Active,1551.73
REC105023,MCH3662,Dey LLC,5999,Miscellaneous Retail,Sole Proprietor,Kolkata,West Bengal,2023-09-24,XXXX8815,Suspended,
REC105024,MCH6301,"Apte, Vohra and Gade",4814,Telecom,Partnership,Jalandhar,Punjab,2023-03-30,,Active,2355.49
REC105025,MCH5745,Sawhney-Apte,5912,Pharmacy,Private Limited,Delhi,Delhi,2025-06-04,6957896911,Active,2109.42
REC105026,MCH6441,Boase Group,5942,Books & Stationery,Sole Proprietor,Amritsar,Punjab,2024-10-18,XXXX1328,Active,4755.4
REC105027,MCH6394,Yogi Inc,5699,Apparel,Private Limited,Kolkata,West Bengal,2023-10-20,,Active,1717.76
REC105028,MCH7172,Chandran-Palla,5311,Department Store,Partnership,Pune,Maharashtra,2025-09-23,XXXX0145,Active,1177.65
REC105029,MCH4843,Kuruvilla-Pillay,4814,Telecom,Individual,Bengaluru,Karnataka,2025-08-18,VYHF0905352746746,Active,
REC105030,MCH7272,Bansal-Das,5912,Pharmacy,Sole Proprietor,Ludhiana,Punjab,2023-12-20,XXXX6496,Active,391.71
REC105031,MCH9906,"Raj, Goda and Rastogi",5912,Pharmacy,Private Limited,Pune,Maharashtra,2025-01-31,2812012011,Active,543.33
REC105032,MCH5797,Bhatt Ltd,5942,Books & Stationery,Individual,Chennai,Tamil Nadu,,XXXX5629,Active,1641.0
REC105033,MCH4356,"Guha, Sheth and Ravi",5912,Pharmacy,Partnership,Kolkata,West Bengal,2024-07-06,3427547300,Active,2725.51
REC105034,MCH8558,Dutt-Tailor,5311,Department Store,Sole Proprietor,Amritsar,Punjab,2024-12-29,,Active,857.14
REC105035,MCH1764,"Kurian, Vaidya and Loyal",5999,Miscellaneous Retail,Individual,Lucknow,Uttar Pradesh,2025-11-16,QLVG4760642998653,Blocked,419.98
REC105036,MCH3308,Setty LLC,5942,Books & Stationery,Partnership,Pune,Maharashtra,2023-06-28,,Active,883.84
REC105037,MCH7664,Datta Ltd,4131,Transportation,Partnership,Kolkata,West Bengal,,XXXX7337,Active,990.98
REC105038,MCH4521,Raman PLC,5699,Apparel,Private Limited,Hyderabad,Telangana,2023-04-02,,Active,4397.68
REC105039,MCH2356,Baria PLC,5912,Pharmacy,Individual,Ludhiana,Punjab,2024-04-02,,Active,2672.62
REC105040,MCH7772,"Chatterjee, Wason and Nadkarni",5311,Department Store,Partnership,Mumbai,Maharashtra,2026-01-02,XXXX1871,Active,541.48
REC105041,MCH2894,Rege-Baria,5699,Apparel,Private Limited,Delhi,Delhi,2024-12-22,XXXX3813,Active,2107.84
REC105042,MCH1370,Wable LLC,4814,Telecom,Private Limited,Jalandhar,Punjab,2023-11-19,6802604838,Active,3898.88
REC105043,MCH6370,"Dass, Hegde and Viswanathan",5812,Restaurant,Partnership,Jaipur,Rajasthan,2023-03-24,PUYW3534134349316,Active,2201.27
REC105044,MCH5963,Goyal-Sur,5812,Restaurant,Private Limited,Chennai,Tamil Nadu,2025-09-14,XXXX6740,Active,3785.0
REC105045,MCH8295,Mammen LLC,5999,Miscellaneous Retail,Private Limited,Chennai,Tamil Nadu,2024-11-04,XXXX0713,Active,1554.58
REC105046,MCH5980,Arya LLC,7011,Hotel/Lodging,Private Limited,Ludhiana,Punjab,,,Active,2432.63
REC105047,MCH2956,Bava Ltd,4814,Telecom,Individual,Delhi,Delhi,2023-01-18,2075067293,Active,2838.96
REC105048,MCH8958,Verma-Biswas,5699,Apparel,Partnership,Amritsar,Punjab,2023-03-06,,Active,7196.61
REC105049,MCH4457,"Chanda, Parikh and Hayre",5999,Miscellaneous Retail,Private Limited,Amritsar,Punjab,,,Active,
REC105050,MCH1785,Shere-Pall,5311,Department Store,Sole Proprietor,Kolkata,West Bengal,2023-08-05,,Active,2271.85
REC105051,MCH4357,Som and Sons,5311,Department Store,Individual,Ludhiana,Punjab,,XXXX0823,Active,
REC105052,MCH8209,Pai-Gokhale,5311,Department Store,Private Limited,Jaipur,Rajasthan,2023-03-22,,Disabled,426.65
REC105053,MCH7311,Dhar PLC,5411,Grocery Store,Private Limited,Mumbai,Maharashtra,,,Active,148.28
REC105054,MCH5683,"Magar, Cherian and Wable",5912,Pharmacy,Partnership,Amritsar,Punjab,2024-08-07,3259910905,Active,1544.64
REC105055,MCH8391,Talwar-Bhasin,5699,Apparel,Individual,Ludhiana,Punjab,2025-10-21,9793728885,Active,2052.0
REC105056,MCH8060,"Pall, Lal and Ahluwalia",5812,Restaurant,Individual,Lucknow,Uttar Pradesh,2023-10-07,OYJG7569387470582,Active,4990.63
REC105057,MCH4319,Luthra-D'Alia,5699,Apparel,Partnership,Chennai,Tamil Nadu,2024-07-23,,Active,5413.24
REC105058,MCH7609,Mittal PLC,5912,Pharmacy,Individual,Jalandhar,Punjab,2025-03-10,XXXX5424,Active,
REC105059,MCH5972,Mane Ltd,5942,Books & Stationery,Individual,Amritsar,Punjab,2024-06-03,XXXX0204,Active,644.97
REC105060,MCH7572,"Nori, Kibe and Das",5699,Apparel,Sole Proprietor,Lucknow,Uttar Pradesh,2023-11-28,BLHB3138092170893,Active,870.0
REC105061,MCH2530,Palla-Datta,5942,Books & Stationery,Partnership,Pune,Maharashtra,2023-08-03,,Active,2593.27
REC105062,MCH3499,"Gaba, Nanda and Pillay",5812,Restaurant,Private Limited,Mumbai,Maharashtra,2023-09-30,,Active,804.98
REC105063,MCH3788,Kuruvilla Ltd,5411,Grocery Store,Sole Proprietor,Hyderabad,Telangana,2024-10-03,,Suspended,4329.09
REC105064,MCH1493,"Kar, Nath and Koshy",5942,Books & Stationery,Individual,Bengaluru,Karnataka,2023-01-28,XXXX9866,Active,
REC105065,MCH6105,Lala Group,7011,Hotel/Lodging,Sole Proprietor,Bengaluru,Karnataka,2023-01-25,,Active,1595.66
REC105066,MCH5697,"Kapadia, Sharma and Maharaj",5999,Miscellaneous Retail,Partnership,Pune,Maharashtra,2023-08-27,IHYO1132265068472,Active,4565.23
REC105067,MCH4072,Singhal-Natarajan,5812,Restaurant,Sole Proprietor,Chennai,Tamil Nadu,,XXXX4620,Active,2593.54
REC105068,MCH1732,Badal-Chacko,4131,Transportation,Sole Proprietor,Kolkata,West Bengal,2024-01-02,,Active,888.6
REC105069,MCH2610,Chopra-Narayanan,5311,Department Store,Sole Proprietor,Delhi,Delhi,2023-07-05,,Active,1284.93
REC105070,MCH3898,Wadhwa-Sahni,5699,Apparel,Private Limited,Ludhiana,Punjab,2025-08-05,,Active,
REC105071,MCH5939,"Mohan, Varughese and Johal",5411,Grocery Store,Partnership,Bengaluru,Karnataka,2024-12-20,XXXX0991,Active,4307.34
REC105072,MCH6742,Mammen Group,4814,Telecom,Private Limited,Kolkata,West Bengal,2024-03-20,XXXX8463,Active,6284.1
REC105073,MCH9601,Murthy-Sagar,5999,Miscellaneous Retail,Private Limited,Delhi,Delhi,,4391317650,Active,2574.06
REC105074,MCH9793,Brar Ltd,5699,Apparel,Private Limited,Bengaluru,Karnataka,,4222281666,Active,198.68
REC105075,MCH4349,"Naik, Pandey and Din",4131,Transportation,Partnership,Bengaluru,Karnataka,2023-06-30,,Active,2172.69
REC105076,MCH2081,Date PLC,5311,Department Store,Private Limited,Lucknow,Uttar Pradesh,2023-04-01,XXXX3660,Active,275.64
REC105077,MCH8181,Mall-Chatterjee,4131,Transportation,Individual,Amritsar,Punjab,,6803575158,Active,
REC105078,MCH4363,Narayan-Sangha,7011,Hotel/Lodging,Sole Proprietor,Jalandhar,Punjab,,,Active,598.32
REC105079,MCH4900,Issac-Venkataraman,5912,Pharmacy,Sole Proprietor,Kolkata,West Bengal,2023-08-15,,Active,1519.72
REC105080,MCH8157,"Mahal, Srinivas and Vasa",5912,Pharmacy,Sole Proprietor,Delhi,Delhi,2024-10-09,XFHS0358306861946,Disabled,1033.09
REC105081,MCH5247,Nagi Ltd,4814,Telecom,Partnership,Amritsar,Punjab,2025-06-06,,Hold,632.92
REC105082,MCH2116,Chaudhari and Sons,5699,Apparel,Individual,Jaipur,Rajasthan,2023-09-02,XXXX7517,Active,947.14
REC105083,MCH1254,Pant-Muni,4131,Transportation,Partnership,Delhi,Delhi,2023-10-21,,Active,781.27
REC105084,MCH2191,"Raval, Halder and Brahmbhatt",5999,Miscellaneous Retail,Sole Proprietor,Bengaluru,Karnataka,2023-09-15,,Active,2745.45
REC105085,MCH1227,Dyal Ltd,5999,Miscellaneous Retail,Individual,Ludhiana,Punjab,2025-09-21,QLYV4506400926648,Active,602.09
REC105086,MCH8085,Verma-Ramachandran,5942,Books & Stationery,Individual,Pune,Maharashtra,2025-10-22,7310237630,Active,
REC105087,MCH1882,Kamdar-Banik,5812,Restaurant,Partnership,Ludhiana,Punjab,,,Inactive,427.5
REC105088,MCH5494,Bhavsar-Jhaveri,5912,Pharmacy,Individual,Ludhiana,Punjab,2023-05-23,SVWM6177755227439,Active,325.0
REC105089,MCH9640,Aurora and Sons,4131,Transportation,Sole Proprietor,Lucknow,Uttar Pradesh,2023-09-09,6211538586,Active,1623.21
REC105090,MCH9679,Raman Ltd,7011,Hotel/Lodging,Sole Proprietor,Delhi,Delhi,2024-07-09,PIVF1729636161305,Inactive,310.73
REC105091,MCH7519,"Sarkar, Garg and Kumar",4131,Transportation,Partnership,Lucknow,Uttar Pradesh,2025-06-01,6307100507,Inactive,771.94
REC105092,MCH7061,Grover and Sons,7011,Hotel/Lodging,Individual,Jaipur,Rajasthan,2023-06-12,,Active,462.72
REC105093,MCH3916,"Parmer, Chakrabarti and Sibal",4131,Transportation,Individual,Jaipur,Rajasthan,2025-01-03,XXXX6443,Active,794.0
REC105094,MCH5043,"Chakraborty, Gour and Kothari",4131,Transportation,Private Limited,Kolkata,West Bengal,2025-03-17,ROSR2212738533894,Inactive,614.63
REC105095,MCH1343,"Madan, Trivedi and Ganguly",5699,Apparel,Individual,Bengaluru,Karnataka,2025-10-15,QSCH7195613672769,Active,1927.76
REC105096,MCH6666,Baral Inc,5699,Apparel,Individual,Bengaluru,Karnataka,2025-12-22,DXHD9016941179950,Active,381.87
REC105097,MCH2997,Karan Inc,7011,Hotel/Lodging,Private Limited,Lucknow,Uttar Pradesh,2023-10-16,1402967436,Active,1286.53
REC105098,MCH1257,Varma-Maharaj,5942,Books & Stationery,Sole Proprietor,Kolkata,West Bengal,2023-04-15,VIAW9051693811302,Active,3059.27
REC105099,MCH8719,Kala LLC,5311,Department Store,Individual,Kolkata,West Bengal,2025-10-25,,Active,2779.32
REC105100,MCH3086,Pant Inc,5812,Restaurant,Private Limited,Chennai,Tamil Nadu,2023-10-13,XXXX6152,Active,287.52
REC105101,MCH1642,Zacharia-Dhawan,5411,Grocery Store,Partnership,Kolkata,West Bengal,2023-01-02,XXXX3812,Active,363.0
REC105102,MCH4094,Jani-Mistry,5311,Department Store,Partnership,Amritsar,Punjab,2024-05-06,,Active,5482.47
REC105103,MCH5416,Upadhyay LLC,5942,Books & Stationery,Individual,Chennai,Tamil Nadu,2024-07-24,XXXX2133,Active,
REC105104,MCH5618,Biswas and Sons,5912,Pharmacy,Partnership,Delhi,Delhi,2024-04-03,XXXX7039,Active,833.5
REC105105,MCH2765,"Sant, Natt and Sawhney",7011,Hotel/Lodging,Private Limited,Kolkata,West Bengal,2023-04-04,XXXX8678,Inactive,1191.66
REC105106,MCH3554,"Chowdhury, Mann and Mitter",4131,Transportation,Individual,Jalandhar,Punjab,2025-04-27,XXXX2146,Active,893.92
REC105107,MCH8718,Chaudhari-Bhalla,5812,Restaurant,Individual,Pune,Maharashtra,2024-07-23,,Active,
REC105108,MCH5683,Subramanian Group,5311,Department Store,Private Limited,Lucknow,Uttar Pradesh,2024-10-24,XUFZ9750077803623,Suspended,774.44
REC105109,MCH9786,"Pai, Thakkar and Krish",5311,Department Store,Private Limited,Hyderabad,Telangana,,,Active,1876.06
REC105110,MCH3011,"Ahluwalia, Contractor and Comar",5311,Department Store,Sole Proprietor,Delhi,Delhi,2023-11-30,XXXX1217,Closed,2626.62
REC105111,MCH3508,Prabhu and Sons,4131,Transportation,Private Limited,Delhi,Delhi,2024-07-26,,Active,1850.0
REC105112,MCH5805,Natarajan-Walla,4131,Transportation,Partnership,Ludhiana,Punjab,2025-06-03,XXXX1704,Active,449.15
REC105113,MCH3689,"Palla, Gara and Malhotra",5942,Books & Stationery,Partnership,Bengaluru,Karnataka,2025-02-04,JSVI9099789537273,Disabled,1319.27
REC105114,MCH1755,Kulkarni and Sons,4814,Telecom,Individual,Mumbai,Maharashtra,2025-12-29,9887027328,Active,
REC105115,MCH1277,Bhatnagar-Borah,5812,Restaurant,Individual,Kolkata,West Bengal,,4086473586,Active,3540.87
REC105116,MCH9696,D'Alia-Bhardwaj,5999,Miscellaneous Retail,Private Limited,Lucknow,Uttar Pradesh,2024-02-17,XXXX0392,Active,3568.12
REC105117,MCH2166,Sant-Venkatesh,5912,Pharmacy,Individual,Amritsar,Punjab,2024-09-20,9608426270,Active,789.14
REC105118,MCH4165,"Dhar, Palla and Korpal",4814,Telecom,Private Limited,Pune,Maharashtra,2024-05-29,EWYW3013882760872,Hold,
REC105119,MCH2938,"Babu, Lata and Zacharia",5411,Grocery Store,Private Limited,Pune,Maharashtra,2024-09-06,ZZOP9174222804228,Active,823.9
REC105120,MCH6982,"Baral, Ramachandran and Keer",5942,Books & Stationery,Partnership,Lucknow,Uttar Pradesh,2025-09-13,IVWY4612352669313,Hold,5234.31
REC105121,MCH2220,Tailor and Sons,5311,Department Store,Sole Proprietor,Mumbai,Maharashtra,2025-06-23,,Active,940.64
REC105122,MCH1885,Mahal Ltd,5999,Miscellaneous Retail,Private Limited,Hyderabad,Telangana,2025-11-07,,Active,618.0
REC105123,MCH7904,Kapadia-Pandya,5942,Books & Stationery,Partnership,Chennai,Tamil Nadu,2023-09-20,XXXX8842,Active,6260.03
REC105124,MCH2211,Krishnan-Sibal,5942,Books & Stationery,Individual,Bengaluru,Karnataka,2023-05-28,,Active,1189.37
REC105125,MCH7932,Sethi Ltd,4814,Telecom,Private Limited,Bengaluru,Karnataka,2025-04-20,AUYT1495828220876,Active,4410.18
REC105126,MCH6765,Sengupta-Keer,5912,Pharmacy,Individual,Delhi,Delhi,2025-11-17,XXXX7076,Active,1250.47
REC105127,MCH7442,Thakur-Rana,5999,Miscellaneous Retail,Partnership,Kolkata,West Bengal,2026-01-17,,Active,
REC105128,MCH6566,"Purohit, Chacko and Kadakia",4814,Telecom,Private Limited,Chennai,Tamil Nadu,2024-03-10,YAOU8203503390794,Closed,1923.82
REC105129,MCH7728,"Banerjee, Iyengar and Ganguly",7011,Hotel/Lodging,Individual,Jaipur,Rajasthan,2024-10-11,XXXX5198,Active,750.16
REC105130,MCH3029,Sarma PLC,4131,Transportation,Sole Proprietor,Mumbai,Maharashtra,2024-06-15,1403660080,Active,163.28
REC105131,MCH3656,Kurian-Chad,5812,Restaurant,Individual,Kolkata,West Bengal,2024-12-18,,Active,
REC105132,MCH9393,Vala-Bahri,4814,Telecom,Sole Proprietor,Kolkata,West Bengal,2024-06-09,KRHX3053527242378,Suspended,1926.43
REC105133,MCH1948,Prabhakar-Kari,5699,Apparel,Sole Proprietor,Mumbai,Maharashtra,2025-11-21,,Active,
REC105134,MCH2964,"Nanda, Comar and Sachdev",5812,Restaurant,Sole Proprietor,Delhi,Delhi,2023-03-05,,Closed,1238.67
REC105135,MCH9883,Modi PLC,5411,Grocery Store,Sole Proprietor,Delhi,Delhi,2024-08-25,XXXX9460,Active,492.1
REC105136,MCH8968,"Majumdar, Setty and Sahni",5812,Restaurant,Private Limited,Amritsar,Punjab,2026-02-23,,Inactive,477.9
REC105137,MCH6410,Dua-Kara,5699,Apparel,Individual,Delhi,Delhi,,,Active,1003.3
REC105138,MCH7844,Singh-Mane,5411,Grocery Store,Sole Proprietor,Ludhiana,Punjab,2024-10-31,,Active,1309.0
REC105139,MCH1424,"Goel, Balay and Dua",7011,Hotel/Lodging,Private Limited,Jalandhar,Punjab,2025-10-19,,Active,5339.46
REC105140,MCH1101,"Deo, Gill and Dhaliwal",5812,Restaurant,Private Limited,Delhi,Delhi,2023-05-26,,Active,1076.28
REC105141,MCH2257,Mandal-Sankaran,5311,Department Store,Individual,Mumbai,Maharashtra,2024-04-18,,Active,4831.04
REC105142,MCH9335,"Sarraf, Wable and Deshmukh",5912,Pharmacy,Individual,Amritsar,Punjab,2023-05-03,,Active,399.0
REC105143,MCH3487,Subramanian Inc,5812,Restaurant,Individual,Pune,Maharashtra,2025-07-26,,Active,1612.87
REC105144,MCH6224,"Khatri, Swaminathan and Loke",4131,Transportation,Sole Proprietor,Amritsar,Punjab,2024-12-02,CTJV7649423556703,Active,561.32
REC105145,MCH3071,Misra-Padmanabhan,5812,Restaurant,Sole Proprietor,Ludhiana,Punjab,2024-07-24,IJYT4830685989652,Active,
REC105146,MCH5426,"Dora, Sehgal and Choudhury",4131,Transportation,Individual,Delhi,Delhi,2025-11-14,6432706759,Active,598.49
REC105147,MCH8736,Dora-Sachar,5311,Department Store,Private Limited,Mumbai,Maharashtra,2024-10-11,XXXX8019,Active,2228.33
REC105148,MCH4443,Sachar-Banik,5942,Books & Stationery,Partnership,Jaipur,Rajasthan,2024-12-06,BADT3910512012474,Active,2375.86
REC105149,MCH1585,Khalsa-Kulkarni,5311,Department Store,Partnership,Delhi,Delhi,2023-05-22,XXXX6587,Active,3398.13
REC105150,MCH4781,"Mohan, Sharaf and Narula",5311,Department Store,Sole Proprietor,Delhi,Delhi,2024-01-08,3603337866,Active,482.6
REC105151,MCH8632,"Koshy, Suri and Dey",5812,Restaurant,Individual,Delhi,Delhi,2025-11-14,BRHB3883781562442,Active,3705.21
REC105152,MCH4093,Krishnamurthy PLC,7011,Hotel/Lodging,Private Limited,Lucknow,Uttar Pradesh,2024-03-15,XXXX5675,Disabled,1291.9
REC105153,MCH7773,Goel-Srivastava,5999,Miscellaneous Retail,Individual,Jaipur,Rajasthan,2024-07-18,XXXX1201,Suspended,
REC105154,MCH4911,"Nigam, Mahajan and Misra",5411,Grocery Store,Individual,Bengaluru,Karnataka,2025-06-14,,Active,689.3
REC105155,MCH3640,Parikh-Raghavan,7011,Hotel/Lodging,Sole Proprietor,Hyderabad,Telangana,2023-04-11,0058678829,Active,400.1
REC105156,MCH4037,Chaudhuri LLC,5311,Department Store,Individual,Hyderabad,Telangana,2024-11-23,0677487191,Active,
REC105157,MCH1483,Mohan-Kari,5942,Books & Stationery,Private Limited,Amritsar,Punjab,2026-02-11,XXXX3338,Active,1901.08
REC105158,MCH7023,Walla-Raj,5311,Department Store,Individual,Delhi,Delhi,2023-03-16,,Active,1307.24
REC105159,MCH4897,Bedi-Mitra,5912,Pharmacy,Individual,Lucknow,Uttar Pradesh,,,Inactive,
REC105160,MCH7723,"Pandya, Barman and Biswas",5699,Apparel,Private Limited,Ludhiana,Punjab,2025-01-06,MLMI7440738115367,Active,3268.86
REC105161,MCH7310,Mander Group,5699,Apparel,Partnership,Lucknow,Uttar Pradesh,2025-09-08,WNOZ8918272123966,Closed,1987.96
REC105162,MCH7007,Sastry-Soni,7011,Hotel/Lodging,Sole Proprietor,Chennai,Tamil Nadu,2024-11-01,XXXX4092,Disabled,
REC105163,MCH5583,"Sama, Thaman and Bakshi",4814,Telecom,Individual,Pune,Maharashtra,2023-07-21,XXXX8722,Active,2696.94
REC105164,MCH1297,Luthra and Sons,5411,Grocery Store,Private Limited,Delhi,Delhi,2023-06-12,5942366474,Active,381.86
REC105165,MCH2648,Batta LLC,5999,Miscellaneous Retail,Partnership,Jaipur,Rajasthan,2024-10-10,,Suspended,416.94
REC105166,MCH2923,Virk Group,4814,Telecom,Individual,Jalandhar,Punjab,,,Active,681.07
REC105167,MCH2765,Mukhopadhyay Inc,5311,Department Store,Sole Proprietor,Lucknow,Uttar Pradesh,2024-11-19,XXXX9677,Active,3568.4
REC105168,MCH5717,"Kuruvilla, Deol and Rama",5942,Books & Stationery,Sole Proprietor,Jaipur,Rajasthan,2023-05-16,,Active,8901.44
REC105169,MCH7313,Comar-Din,4814,Telecom,Private Limited,Mumbai,Maharashtra,2026-01-18,8645351517,Active,1884.45
REC105170,MCH7010,Kuruvilla-Shanker,5411,Grocery Store,Sole Proprietor,Delhi,Delhi,2023-07-22,,Suspended,524.4
REC105171,MCH8679,Mangal-Gole,5942,Books & Stationery,Private Limited,Jaipur,Rajasthan,2023-11-01,4734640473,Active,971.58
REC105172,MCH3556,"Sant, Oak and Jani",4814,Telecom,Private Limited,Kolkata,West Bengal,2024-03-29,,Active,
REC105173,MCH6313,Ramanathan PLC,5411,Grocery Store,Sole Proprietor,Mumbai,Maharashtra,,THOM0066375833437,Active,3430.73
REC105174,MCH5343,Sangha-Pillay,5411,Grocery Store,Individual,Lucknow,Uttar Pradesh,,4912596257,Inactive,1724.67
REC105175,MCH4064,"Sidhu, Kunda and Hayre",7011,Hotel/Lodging,Individual,Pune,Maharashtra,2025-02-05,XXXX9354,Active,1462.39
REC105176,MCH5167,Bose and Sons,5942,Books & Stationery,Private Limited,Jalandhar,Punjab,2025-08-20,,Inactive,1269.25
REC105177,MCH8005,"Kumar, Ahluwalia and Thaman",4131,Transportation,Sole Proprietor,Bengaluru,Karnataka,2025-06-30,,Active,
REC105178,MCH2224,Luthra-Nagy,5942,Books & Stationery,Individual,Jaipur,Rajasthan,2025-10-23,HRLX9724386565153,Inactive,890.7
REC105179,MCH6079,"Seshadri, Muni and Banik",7011,Hotel/Lodging,Individual,Kolkata,West Bengal,2026-02-24,,Active,434.97
REC105180,MCH2232,Borde-Sule,5311,Department Store,Partnership,Hyderabad,Telangana,2025-02-24,9040784909,Active,642.26
REC105181,MCH6172,Raja Inc,5812,Restaurant,Sole Proprietor,Hyderabad,Telangana,2024-11-09,,Active,1050.0
REC105182,MCH9348,"Toor, Parekh and Agate",5942,Books & Stationery,Private Limited,Amritsar,Punjab,2025-03-30,HCSS6943242832650,Active,4472.44
REC105183,MCH4416,Raju and Sons,5999,Miscellaneous Retail,Individual,Bengaluru,Karnataka,2025-10-04,6909361511,Suspended,3955.0
REC105184,MCH3275,Sridhar and Sons,5699,Apparel,Partnership,Delhi,Delhi,2024-04-15,,Hold,
REC105185,MCH5607,Bala and Sons,4131,Transportation,Individual,Delhi,Delhi,2023-07-24,,Active,2712.11
REC105186,MCH6097,Mannan PLC,5812,Restaurant,Partnership,Lucknow,Uttar Pradesh,2025-02-13,XXXX8307,Active,258.41
REC105187,MCH9310,Ganguly-Tella,7011,Hotel/Lodging,Individual,Pune,Maharashtra,2024-03-29,XXXX9831,Active,
REC105188,MCH9943,Mukhopadhyay-Kale,5699,Apparel,Private Limited,Amritsar,Punjab,2025-11-30,HLRA9462438432419,Active,2114.46
REC105189,MCH6645,Kalla Ltd,5699,Apparel,Partnership,Amritsar,Punjab,2023-01-29,CBQP9610741406951,Active,329.87
REC105190,MCH4406,"Chand, Ahuja and Behl",7011,Hotel/Lodging,Private Limited,Pune,Maharashtra,2023-06-09,,Active,3629.0
REC105191,MCH4792,Agrawal-Prabhu,5812,Restaurant,Sole Proprietor,Chennai,Tamil Nadu,2025-11-02,,Inactive,1844.0
REC105192,MCH1064,Mishra-Badami,5942,Books & Stationery,Sole Proprietor,Lucknow,Uttar Pradesh,2025-03-12,,Active,2393.66
REC105193,MCH2679,"Barman, Bains and Shan",5912,Pharmacy,Private Limited,Mumbai,Maharashtra,2024-12-25,2613968880,Active,1334.82
REC105194,MCH2118,Kakar Group,5812,Restaurant,Sole Proprietor,Delhi,Delhi,2023-07-08,,Active,683.0
REC105195,MCH5505,Wagle Ltd,4131,Transportation,Partnership,Lucknow,Uttar Pradesh,2025-01-06,,Disabled,318.93
REC105196,MCH9452,Kapoor-Kara,5999,Miscellaneous Retail,Private Limited,Kolkata,West Bengal,,TTFV4828934746515,Disabled,
REC105197,MCH1261,"Cheema, Savant and Bakshi",5311,Department Store,Sole Proprietor,Ludhiana,Punjab,2024-06-03,EXGQ1328686965867,Inactive,
REC105198,MCH8873,"Pathak, Bath and Kant",4131,Transportation,Partnership,Pune,Maharashtra,2025-06-11,,Active,2212.3
REC105199,MCH4606,Vyas-Mukhopadhyay,7011,Hotel/Lodging,Private Limited,Hyderabad,Telangana,2025-09-29,XXXX6697,Active,745.57
REC105200,MCH8276,"Kakar, Handa and Sachdeva",5812,Restaurant,Sole Proprietor,Mumbai,Maharashtra,2025-09-23,XXXX1898,Active,2410.37
REC105201,MCH6608,"Puri, Dar and Mann",5411,Grocery Store,Private Limited,Delhi,Delhi,2024-02-10,,Active,
REC105202,MCH7605,Kakar-Dhillon,5311,Department Store,Private Limited,Bengaluru,Karnataka,2025-07-21,XXXX1255,Inactive,1126.42
REC105203,MCH8480,Doshi-Sarin,4131,Transportation,Individual,Pune,Maharashtra,2023-07-02,,Active,
REC105204,MCH8876,Rai LLC,4131,Transportation,Sole Proprietor,Mumbai,Maharashtra,2025-02-17,MDBH5898755219705,Active,1825.17
REC105205,MCH5845,Kara Group,5999,Miscellaneous Retail,Private Limited,Amritsar,Punjab,2023-12-31,XXXX0508,Active,1557.96
REC105206,MCH5482,"Baral, Tak and Rajan",5812,Restaurant,Individual,Kolkata,West Bengal,2025-06-23,XXXX1905,Inactive,710.53
REC105207,MCH4640,Choudhary-Joshi,5699,Apparel,Partnership,Jaipur,Rajasthan,,GOPL6469934819715,Active,857.62
REC105208,MCH3811,"Bhat, An and and Bakshi",7011,Hotel/Lodging,Individual,Bengaluru,Karnataka,,4680162216,Active,563.14
REC105209,MCH3254,"Chanda, Maharaj and Chandra",4131,Transportation,Partnership,Hyderabad,Telangana,2025-11-03,TXWB1746078464859,Active,1842.04
REC105210,MCH6228,"Kar, Agarwal and Karpe",5812,Restaurant,Private Limited,Bengaluru,Karnataka,2024-08-05,,Suspended,1145.75
REC105211,MCH9008,"Gour, Amble and Bakshi",5411,Grocery Store,Sole Proprietor,Amritsar,Punjab,2024-12-18,NUSH9143769186873,Active,1167.35
REC105212,MCH1532,Sarna-Kota,5999,Miscellaneous Retail,Private Limited,Delhi,Delhi,2024-10-21,,Active,4843.68
REC105213,MCH2696,"Dave, Chaudhari and Bhatti",5411,Grocery Store,Individual,Delhi,Delhi,2024-11-25,XXXX0248,Suspended,
REC105214,MCH7627,Maharaj-Narain,5311,Department Store,Individual,Lucknow,Uttar Pradesh,2023-03-26,YXZM1071683755810,Active,508.95
REC105215,MCH7830,Hegde Ltd,4131,Transportation,Sole Proprietor,Bengaluru,Karnataka,,,Active,
REC105216,MCH9021,Dubey PLC,4814,Telecom,Private Limited,Jaipur,Rajasthan,2023-10-03,DCIU7751773884205,Inactive,214.99
REC105217,MCH2813,"Panchal, Pradhan and Bora",5812,Restaurant,Individual,Jalandhar,Punjab,2026-01-05,,Active,
REC105218,MCH7709,"Jani, Sidhu and Tripathi",4131,Transportation,Partnership,Jaipur,Rajasthan,2025-06-05,KEWA6292181807133,Active,451.31
REC105219,MCH6104,Keer-Gade,5311,Department Store,Individual,Kolkata,West Bengal,2023-01-01,DQNV8530720672123,Inactive,935.82
REC105220,MCH8316,Nagi PLC,5812,Restaurant,Private Limited,Chennai,Tamil Nadu,2023-09-23,XXXX1199,Active,1504.17
REC105221,MCH6660,Biswas Group,4131,Transportation,Sole Proprietor,Chennai,Tamil Nadu,2025-03-18,,Active,204.05
REC105222,MCH1177,"Mistry, Savant and Jha",4131,Transportation,Sole Proprietor,Amritsar,Punjab,2025-08-29,,Active,1663.99
REC105223,MCH9205,Lala Ltd,4131,Transportation,Private Limited,Kolkata,West Bengal,2024-11-26,XXXX6473,Suspended,569.25
REC105224,MCH7733,Bora Inc,4814,Telecom,Private Limited,Lucknow,Uttar Pradesh,2024-01-22,XXXX3762,Active,5028.38
REC105225,MCH9140,Dugar-Uppal,5411,Grocery Store,Partnership,Jaipur,Rajasthan,2024-12-06,,Active,1470.42
REC105226,MCH2398,Kapur-Dani,5311,Department Store,Individual,Chennai,Tamil Nadu,2023-09-15,IWCQ2998069556193,Active,711.05
REC105227,MCH5141,Gera-Kashyap,4814,Telecom,Partnership,Ludhiana,Punjab,2024-08-01,,Active,2000.07
REC105228,MCH9126,Anne-Chahal,5411,Grocery Store,Partnership,Hyderabad,Telangana,2023-03-05,,Active,
REC105229,MCH1583,Sarin-More,5812,Restaurant,Private Limited,Amritsar,Punjab,2023-10-05,1923155303,Active,1435.48
REC105230,MCH2283,"Dhawan, Palla and Krishnan",7011,Hotel/Lodging,Partnership,Hyderabad,Telangana,,2734680306,Active,954.74
REC105231,MCH5646,Luthra PLC,5942,Books & Stationery,Sole Proprietor,Chennai,Tamil Nadu,2024-04-06,,Active,2198.41
REC105232,MCH1269,Shukla PLC,5699,Apparel,Individual,Hyderabad,Telangana,2025-03-03,,Active,1758.28
REC105233,MCH4881,"Wadhwa, Morar and Kara",5912,Pharmacy,Sole Proprietor,Jalandhar,Punjab,2023-08-26,XXXX1836,Active,367.72
REC105234,MCH6492,Peri LLC,5912,Pharmacy,Individual,Mumbai,Maharashtra,2025-08-20,,Active,3574.25
REC105235,MCH6422,"Bhatnagar, Bora and Venkataraman",5912,Pharmacy,Sole Proprietor,Pune,Maharashtra,2025-05-11,,Active,1587.75
REC105236,MCH1210,"Dua, Buch and Kaul",5942,Books & Stationery,Private Limited,Mumbai,Maharashtra,,9379400368,Suspended,1903.0
REC105237,MCH8801,Bedi Inc,5912,Pharmacy,Sole Proprietor,Lucknow,Uttar Pradesh,2024-08-11,XXXX1264,Active,3479.49
REC105238,MCH5715,"Bansal, Arya and Bhat",5912,Pharmacy,Private Limited,Bengaluru,Karnataka,2025-01-20,,Active,1290.0
REC105239,MCH7429,"Sandal, Raja and Gopal",7011,Hotel/Lodging,Sole Proprietor,Bengaluru,Karnataka,2023-12-15,,Active,1419.21
REC105240,MCH3596,Choudhry Ltd,4131,Transportation,Private Limited,Lucknow,Uttar Pradesh,2024-11-11,NDFD6315987877623,Active,311.69
REC105241,MCH2884,Malhotra-Sarin,5942,Books & Stationery,Sole Proprietor,Pune,Maharashtra,2025-02-27,,Active,683.54
REC105242,MCH1098,"Raval, Yadav and Yogi",7011,Hotel/Lodging,Private Limited,Jaipur,Rajasthan,2023-12-01,XXXX3614,Active,181.0
REC105243,MCH1118,"Basak, Pillai and Arora",5999,Miscellaneous Retail,Private Limited,Chennai,Tamil Nadu,2026-01-06,,Active,3933.25
REC105244,MCH2267,Bobal and Sons,7011,Hotel/Lodging,Partnership,Delhi,Delhi,2023-01-03,NKYD4958921832559,Active,2114.71
REC105245,MCH2727,Ahluwalia and Sons,5942,Books & Stationery,Partnership,Bengaluru,Karnataka,2023-07-24,FLWS4381228751020,Active,133.58
REC105246,MCH3308,"Dhawan, Ranganathan and Luthra",5699,Apparel,Partnership,Amritsar,Punjab,2026-01-09,XXXX7835,Disabled,2438.38
REC105247,MCH6560,"Pandit, Jayaraman and Chokshi",4814,Telecom,Individual,Hyderabad,Telangana,2023-05-29,3945566171,Active,11930.97
REC105248,MCH9400,"Dara, Desai and Sethi",5999,Miscellaneous Retail,Partnership,Mumbai,Maharashtra,2025-08-23,,Active,2120.88
REC105249,MCH7675,Suresh-Tandon,4131,Transportation,Partnership,Pune,Maharashtra,2025-01-24,,Active,1022.55
REC105250,MCH5328,Kaur Group,5699,Apparel,Partnership,Lucknow,Uttar Pradesh,2025-04-07,,Active,1594.0
REC105251,MCH1449,"Chadha, Ramakrishnan and Badami",7011,Hotel/Lodging,Partnership,Hyderabad,Telangana,2023-09-28,,Blocked,1634.83
REC105252,MCH9277,Pal-Rout,5942,Books & Stationery,Individual,Amritsar,Punjab,2026-02-10,,Active,963.33
REC105253,MCH5210,"Gill, Acharya and Naidu",5912,Pharmacy,Partnership,Amritsar,Punjab,2024-12-10,1435006704,Suspended,1319.3
REC105254,MCH1434,Kale and Sons,5812,Restaurant,Private Limited,Jalandhar,Punjab,2023-04-25,0258989067,Active,985.73
REC105255,MCH7184,Dara Inc,5411,Grocery Store,Sole Proprietor,Mumbai,Maharashtra,2023-08-31,,Active,1095.25
REC105256,MCH5684,Arora PLC,5699,Apparel,Sole Proprietor,Kolkata,West Bengal,2023-11-15,XXXX4030,Active,898.89
REC105257,MCH8650,Konda Ltd,5999,Miscellaneous Retail,Sole Proprietor,Ludhiana,Punjab,2024-05-27,XXXX1884,Active,578.35
REC105258,MCH2274,"Kunda, Vig and Parsa",5999,Miscellaneous Retail,Sole Proprietor,Mumbai,Maharashtra,2023-06-06,XXXX2871,Active,3028.0
REC105259,MCH9413,Kala-Sarkar,5912,Pharmacy,Sole Proprietor,Hyderabad,Telangana,2023-10-25,XXXX4409,Active,869.76
REC105260,MCH9516,"Sule, Borra and Rattan",5812,Restaurant,Partnership,Amritsar,Punjab,2023-01-19,,Active,
REC105261,MCH3659,Kashyap LLC,4131,Transportation,Partnership,Pune,Maharashtra,2025-07-06,,Active,403.54
REC105262,MCH8370,"Ramaswamy, Dugal and Upadhyay",4131,Transportation,Sole Proprietor,Delhi,Delhi,,XXXX7519,Active,538.41
REC105263,MCH9807,Pillay-Sule,5912,Pharmacy,Partnership,Ludhiana,Punjab,2024-09-17,,Active,3555.86
REC105264,MCH6983,Barman-Ch and,5311,Department Store,Partnership,Delhi,Delhi,2024-10-07,,Active,3713.18
REC105265,MCH4094,Thakur-Shah,5311,Department Store,Individual,Chennai,Tamil Nadu,2024-12-25,8582719146,Active,1848.8
REC105266,MCH2416,"Gokhale, Dua and Murty",5411,Grocery Store,Sole Proprietor,Delhi,Delhi,2024-09-15,0489469400,Active,4341.41
REC105267,MCH1838,Manda-Deshpande,5942,Books & Stationery,Partnership,Jalandhar,Punjab,2025-09-04,XYTA4197098019941,Active,2224.32
REC105268,MCH9946,Koshy Group,5942,Books & Stationery,Private Limited,Hyderabad,Telangana,,XXXX9561,Suspended,1728.0
REC105269,MCH5274,"Nair, Dave and Hayre",4131,Transportation,Individual,Bengaluru,Karnataka,2023-04-08,AJZR1927630901873,Active,598.65
REC105270,MCH3399,Muni and Sons,5699,Apparel,Private Limited,Amritsar,Punjab,2024-07-04,2117257070,Active,
REC105271,MCH5823,Garde LLC,5311,Department Store,Sole Proprietor,Bengaluru,Karnataka,2023-03-15,XXXX1484,Inactive,1075.77
REC105272,MCH9130,Chhabra LLC,5812,Restaurant,Private Limited,Jalandhar,Punjab,2024-12-09,,Active,1786.29
REC105273,MCH3553,"Goda, Padmanabhan and Goswami",4131,Transportation,Individual,Jaipur,Rajasthan,,,Hold,1035.0
REC105274,MCH2610,"Dhar, Mahajan and Sarkar",5912,Pharmacy,Private Limited,Delhi,Delhi,2025-08-09,GLOR5725383010765,Active,
REC105275,MCH6392,Nazareth PLC,7011,Hotel/Lodging,Individual,Hyderabad,Telangana,2023-05-06,2855125611,Active,3645.82
REC105276,MCH6862,Misra-Dada,4814,Telecom,Private Limited,Kolkata,West Bengal,2025-08-12,XXXX0069,Active,736.0
REC105277,MCH2564,Bumb and Sons,7011,Hotel/Lodging,Private Limited,Hyderabad,Telangana,2025-04-18,XXXX0675,Active,1155.71
REC105278,MCH7040,Bhasin-Lala,5942,Books & Stationery,Individual,Mumbai,Maharashtra,2025-10-11,FTZP5237157996499,Suspended,2406.66
REC105279,MCH3760,Das-Ahuja,5812,Restaurant,Sole Proprietor,Lucknow,Uttar Pradesh,2023-01-13,QOFI2681256583657,Active,755.0
REC105280,MCH3700,"Sinha, Purohit and Shetty",5912,Pharmacy,Individual,Bengaluru,Karnataka,2025-04-01,2727095091,Disabled,1238.03
REC105281,MCH2232,Saha PLC,7011,Hotel/Lodging,Partnership,Delhi,Delhi,2023-09-28,8260481168,Inactive,1033.0
REC105282,MCH7422,Divan-Vaidya,5942,Books & Stationery,Individual,Jaipur,Rajasthan,2024-07-26,7661131218,Suspended,170.31
REC105283,MCH2849,Gokhale-Iyengar,4814,Telecom,Partnership,Jalandhar,Punjab,,8509639866,Active,1215.62
REC105284,MCH3572,Kohli PLC,4131,Transportation,Sole Proprietor,Delhi,Delhi,2025-11-20,XXXX5864,Active,
REC105285,MCH9001,Sangha-Ravi,5912,Pharmacy,Individual,Bengaluru,Karnataka,2024-10-17,,Active,242.09
REC105286,MCH7473,"Goswami, Narang and Chaudhari",5411,Grocery Store,Partnership,Hyderabad,Telangana,,,Active,1709.42
REC105287,MCH8358,Tripathi-Borah,5912,Pharmacy,Private Limited,Kolkata,West Bengal,2025-06-12,BKSI3267781366733,Active,1758.66
REC105288,MCH7463,Chaudry-Natarajan,5912,Pharmacy,Partnership,Chennai,Tamil Nadu,2025-07-05,VIFS4477584866493,Active,
REC105289,MCH8910,Varkey Group,5912,Pharmacy,Individual,Ludhiana,Punjab,2025-02-07,XXXX9985,Active,9929.86
REC105290,MCH2879,"Sidhu, Kumer and Venkatesh",4131,Transportation,Partnership,Bengaluru,Karnataka,2024-02-14,,Active,1726.8
REC105291,MCH3416,"Rau, Baral and Karan",4814,Telecom,Private Limited,Ludhiana,Punjab,2024-02-02,,Active,894.0
REC105292,MCH3600,Bhat-Naik,5999,Miscellaneous Retail,Private Limited,Amritsar,Punjab,,0307550331,Active,3889.22
REC105293,MCH3571,"Aurora, Kamdar and Vasa",5411,Grocery Store,Private Limited,Lucknow,Uttar Pradesh,2023-02-03,,Active,583.65
REC105294,MCH1552,Uppal PLC,4131,Transportation,Sole Proprietor,Hyderabad,Telangana,,,Active,1136.0
REC105295,MCH9311,"Dyal, Mohan and Patla",5942,Books & Stationery,Sole Proprietor,Bengaluru,Karnataka,2025-02-16,8480146699,Active,1774.56
REC105296,MCH5822,Gandhi-Krish,5311,Department Store,Sole Proprietor,Bengaluru,Karnataka,2023-02-10,7874103727,Active,1268.39
REC105297,MCH1861,Vora-Balan,5411,Grocery Store,Sole Proprietor,Pune,Maharashtra,2025-10-17,MBHV3858162453364,Disabled,2646.57
REC105298,MCH9811,Natarajan-Goswami,5699,Apparel,Partnership,Mumbai,Maharashtra,2023-08-24,,Active,5908.31
REC105299,MCH7226,"Peri, Barad and Panchal",5942,Books & Stationery,Sole Proprietor,Delhi,Delhi,2024-11-30,VDWB1270434840968,Active,4237.0
REC105300,MCH9245,Zachariah-Suri,5311,Department Store,Individual,Jalandhar,Punjab,2023-05-03,ZBKQ5898737738506,Active,328.18
REC105301,MCH1219,Srinivas-Bobal,5912,Pharmacy,Sole Proprietor,Chennai,Tamil Nadu,2023-08-27,,Active,2814.27
REC105302,MCH3488,Sarna-Ramaswamy,5699,Apparel,Private Limited,Kolkata,West Bengal,2025-12-10,XXXX7182,Active,1118.6
REC105303,MCH1040,Krishnan and Sons,5411,Grocery Store,Sole Proprietor,Jalandhar,Punjab,2023-01-06,5805252531,Active,1030.03
REC105304,MCH9140,Raghavan-Batta,4814,Telecom,Individual,Bengaluru,Karnataka,2024-11-04,HHIC1764468874406,Active,755.01
REC105305,MCH8870,Solanki-Cherian,4131,Transportation,Partnership,Kolkata,West Bengal,2025-07-04,HJDK9008014525015,Active,1597.0
REC105306,MCH3541,"Srivastava, Tella and Konda",4814,Telecom,Private Limited,Delhi,Delhi,2024-10-31,XXXX6960,Inactive,2341.43
REC105307,MCH4439,Deshpande Ltd,5812,Restaurant,Partnership,Bengaluru,Karnataka,2025-04-02,XXXX4378,Active,
REC105308,MCH2767,"Munshi, Kohli and Pai",5699,Apparel,Private Limited,Lucknow,Uttar Pradesh,2026-02-28,6694122395,Active,1994.09
REC105309,MCH8606,Prabhakar Ltd,5942,Books & Stationery,Partnership,Mumbai,Maharashtra,2024-11-25,,Active,602.72
REC105310,MCH9276,Trivedi-Kunda,5699,Apparel,Individual,Delhi,Delhi,2025-12-31,XXXX9182,Active,2310.01
REC105311,MCH6692,Kamdar Inc,5999,Miscellaneous Retail,Private Limited,Lucknow,Uttar Pradesh,2023-09-02,,Active,116.28
REC105312,MCH8057,Kalla Group,5912,Pharmacy,Sole Proprietor,Mumbai,Maharashtra,2025-08-29,,Active,437.01
REC105313,MCH5263,"Narang, Kata and Pillai",5311,Department Store,Private Limited,Ludhiana,Punjab,2024-12-08,,Active,
REC105314,MCH8893,Anand-Dada,5411,Grocery Store,Private Limited,Delhi,Delhi,2023-02-15,,Active,598.72
REC105315,MCH4709,Ramakrishnan-Palla,4814,Telecom,Individual,Bengaluru,Karnataka,2026-02-15,AMXA0608566091033,Active,1190.3
REC105316,MCH2444,"Sachar, Das and Deo",4131,Transportation,Sole Proprietor,Jalandhar,Punjab,2025-05-12,,Active,563.27
REC105317,MCH7580,"Setty, Kala and Ramesh",7011,Hotel/Lodging,Partnership,Jaipur,Rajasthan,2025-10-20,,Active,
REC105318,MCH1087,"Mitter, Sawhney and Luthra",7011,Hotel/Lodging,Partnership,Chennai,Tamil Nadu,2025-04-19,,Suspended,2381.71
REC105319,MCH4066,Nazareth Group,5942,Books & Stationery,Sole Proprietor,Kolkata,West Bengal,2023-01-28,XMZT2343976498711,Active,
REC105320,MCH8169,"Kapur, Prashad and Srinivasan",5999,Miscellaneous Retail,Individual,Jaipur,Rajasthan,2024-03-11,XXXX1277,Active,1294.0
REC105321,MCH9022,"Kunda, Dugar and Kari",5699,Apparel,Individual,Amritsar,Punjab,2026-01-24,,Active,1439.0
REC105322,MCH3287,"Dave, Ganesan and Biswas",5311,Department Store,Individual,Bengaluru,Karnataka,,7925995111,Active,1007.0
REC105323,MCH2522,Savant-Sangha,5311,Department Store,Partnership,Mumbai,Maharashtra,2024-03-01,1167145374,Active,702.03
REC105324,MCH4362,Sura LLC,7011,Hotel/Lodging,Individual,Jaipur,Rajasthan,2023-04-23,2143307806,Suspended,218.0
REC105325,MCH9060,"Ramaswamy, Singhal and Deep",5999,Miscellaneous Retail,Individual,Mumbai,Maharashtra,2023-01-01,,Active,1011.0
REC105326,MCH5890,Apte-Sant,5311,Department Store,Partnership,Amritsar,Punjab,2026-01-27,BNKX3894227656030,Inactive,2687.77
REC105327,MCH1327,Gandhi PLC,5699,Apparel,Sole Proprietor,Lucknow,Uttar Pradesh,2023-11-02,XXXX1458,Active,902.09
REC105328,MCH8636,Ghosh-Dash,5942,Books & Stationery,Partnership,Amritsar,Punjab,2023-09-06,8172688665,Active,3699.41
REC105329,MCH2676,"Kohli, Biswas and Aggarwal",5912,Pharmacy,Partnership,Pune,Maharashtra,2026-01-30,LQDP7543612313020,Inactive,
REC105330,MCH6654,Tella Group,5812,Restaurant,Sole Proprietor,Hyderabad,Telangana,,,Active,1438.0
REC105331,MCH2418,Majumdar-Hegde,5411,Grocery Store,Partnership,Pune,Maharashtra,2023-06-09,,Active,
REC105332,MCH4148,"Muni, Chaudhari and De",5999,Miscellaneous Retail,Private Limited,Kolkata,West Bengal,2024-12-20,2868917120,Disabled,2139.38
REC105333,MCH4285,Bhatnagar-Atwal,5942,Books & Stationery,Partnership,Jalandhar,Punjab,,,Closed,988.9
REC105334,MCH7362,"Rege, Thaker and Sinha",5912,Pharmacy,Private Limited,Pune,Maharashtra,2025-01-29,,Active,1915.79
REC105335,MCH5683,Chauhan-Chakraborty,5912,Pharmacy,Private Limited,Chennai,Tamil Nadu,2025-06-06,8678287299,Active,
REC105336,MCH7196,Kunda-Bakshi,5311,Department Store,Private Limited,Kolkata,West Bengal,2026-02-08,,Suspended,859.44
REC105337,MCH5040,Nayar-Khatri,4814,Telecom,Individual,Pune,Maharashtra,2025-04-30,,Active,1055.33
REC105338,MCH5639,"Viswanathan, Gupta and Varghese",7011,Hotel/Lodging,Sole Proprietor,Mumbai,Maharashtra,2023-09-02,,Active,2712.0
REC105339,MCH7048,Manda Inc,5942,Books & Stationery,Sole Proprietor,Kolkata,West Bengal,2024-02-17,1555117689,Active,776.0
REC105340,MCH9492,Mitra Group,5912,Pharmacy,Private Limited,Kolkata,West Bengal,2024-07-13,8155802263,Active,1049.0
REC105341,MCH7758,"Memon, Agate and Deshpande",5699,Apparel,Partnership,Mumbai,Maharashtra,2023-12-27,KYBY5368849904131,Active,362.28
REC105342,MCH3668,Pandey-Uppal,4131,Transportation,Sole Proprietor,Pune,Maharashtra,2024-09-03,XXXX9816,Active,795.26
REC105343,MCH8828,Ranganathan and Sons,4131,Transportation,Individual,Amritsar,Punjab,2026-01-02,,Active,
REC105344,MCH6774,Parsa Ltd,5699,Apparel,Private Limited,Amritsar,Punjab,2023-01-17,,Active,2007.14
REC105345,MCH2105,Nagar-Misra,5912,Pharmacy,Private Limited,Jaipur,Rajasthan,2024-03-17,DJMK6141720098442,Active,1101.76
REC105346,MCH8681,Suri Ltd,5699,Apparel,Partnership,Jalandhar,Punjab,2025-07-19,TFNO3503811861510,Active,1034.26
REC105347,MCH3144,Raval-Korpal,7011,Hotel/Lodging,Partnership,Delhi,Delhi,,,Active,1879.74
REC105348,MCH7639,Comar PLC,5411,Grocery Store,Private Limited,Delhi,Delhi,2023-11-29,,Active,2058.56
REC105349,MCH1446,Sunder-Sathe,5311,Department Store,Sole Proprietor,Chennai,Tamil Nadu,2024-11-18,XXXX0028,Active,3885.08
REC105350,MCH5749,"Chaudry, Minhas and Chatterjee",5812,Restaurant,Private Limited,Mumbai,Maharashtra,2024-05-09,,Active,1621.0
REC105351,MCH5812,Aurora and Sons,7011,Hotel/Lodging,Sole Proprietor,Hyderabad,Telangana,2024-03-03,7984668048,Active,410.12
REC105352,MCH7667,Solanki LLC,4814,Telecom,Sole Proprietor,Lucknow,Uttar Pradesh,2024-06-28,,Active,1620.69
REC105353,MCH8798,Chowdhury-Sule,5311,Department Store,Individual,Jalandhar,Punjab,2024-12-28,CPUC4526229447155,Active,207.92
REC105354,MCH2084,"Murthy, Dutt and Bakshi",4131,Transportation,Private Limited,Mumbai,Maharashtra,2024-04-03,,Active,659.75
REC105355,MCH6583,Raval-Badal,5912,Pharmacy,Individual,Kolkata,West Bengal,2025-11-07,6285750236,Active,2083.0
REC105356,MCH4463,Bera-Kota,5699,Apparel,Partnership,Amritsar,Punjab,2024-08-03,,Suspended,4533.0
REC105357,MCH4205,Behl-Narula,5311,Department Store,Sole Proprietor,Kolkata,West Bengal,2023-11-27,,Active,4442.0
REC105358,MCH9856,"Gala, Nadig and Borra",5411,Grocery Store,Partnership,Lucknow,Uttar Pradesh,2025-10-13,DZVT3507500653540,Active,1744.37
REC105359,MCH2550,Dhaliwal LLC,4814,Telecom,Individual,Chennai,Tamil Nadu,2024-08-25,,Active,
REC105360,MCH3122,"Bobal, Ramachandran and Guha",5912,Pharmacy,Sole Proprietor,Kolkata,West Bengal,2025-01-21,FHGU4599451146972,Active,1010.17
REC105361,MCH6844,"Bedi, Gill and Dube",7011,Hotel/Lodging,Partnership,Kolkata,West Bengal,2025-06-11,MUIE3650763763562,Active,713.58
REC105362,MCH3221,Baria-Dube,7011,Hotel/Lodging,Sole Proprietor,Kolkata,West Bengal,,CKDG4069954350716,Disabled,338.34
REC105363,MCH9595,Kapur Inc,5999,Miscellaneous Retail,Private Limited,Chennai,Tamil Nadu,2023-10-26,FKYL3305691122715,Active,
REC105364,MCH4051,Dixit-Chaudry,5311,Department Store,Private Limited,Lucknow,Uttar Pradesh,2024-08-17,RUAK0632911011346,Active,
REC105365,MCH2231,"Goyal, Balakrishnan and Patla",7011,Hotel/Lodging,Private Limited,Bengaluru,Karnataka,2024-11-10,,Inactive,1360.71
REC105366,MCH4028,Taneja-Bhattacharyya,4131,Transportation,Partnership,Lucknow,Uttar Pradesh,2023-07-14,,Active,2673.0
REC105367,MCH3139,"Chaudhry, Barman and Choudhury",5942,Books & Stationery,Sole Proprietor,Bengaluru,Karnataka,2024-01-12,5767179524,Active,4138.0
REC105368,MCH9038,"Dara, Pai and Saxena",5699,Apparel,Sole Proprietor,Ludhiana,Punjab,2024-04-18,0739300438,Inactive,2740.86
REC105369,MCH2172,Pandey Group,5699,Apparel,Individual,Amritsar,Punjab,2023-10-03,,Closed,544.85
REC105370,MCH6278,"Keer, Sha and Sama",5912,Pharmacy,Partnership,Kolkata,West Bengal,2025-08-23,2867105387,Active,8713.68
REC105371,MCH1491,Tripathi Ltd,5699,Apparel,Private Limited,Kolkata,West Bengal,2024-06-20,XXXX2255,Active,
REC105372,MCH3021,"Gupta, Mukherjee and Setty",4131,Transportation,Sole Proprietor,Mumbai,Maharashtra,2026-02-14,XXXX2366,Active,614.86
REC105373,MCH6676,Balakrishnan-Baral,4131,Transportation,Partnership,Chennai,Tamil Nadu,2025-08-02,,Active,1126.87
REC105374,MCH4277,Khalsa Inc,5311,Department Store,Individual,Amritsar,Punjab,2023-01-31,FHSK9777802879372,Active,1332.99
REC105375,MCH8210,Bains Group,5912,Pharmacy,Partnership,Delhi,Delhi,2025-05-06,4433554214,Active,2128.0
REC105376,MCH6158,"Dhingra, Ratti and Palla",4131,Transportation,Sole Proprietor,Amritsar,Punjab,2023-04-26,VDGT0468038681462,Active,1443.6
REC105377,MCH5669,"Sodhi, Luthra and Batta",5812,Restaurant,Private Limited,Jalandhar,Punjab,2025-10-08,XXXX1040,Active,1557.34
REC105378,MCH4741,Kara and Sons,5999,Miscellaneous Retail,Partnership,Jaipur,Rajasthan,2023-02-13,XXXX2970,Active,2009.21
REC105379,MCH8965,Bajaj Ltd,5942,Books & Stationery,Individual,Chennai,Tamil Nadu,2025-01-30,XXXX4056,Active,326.0
REC105380,MCH9651,Thakkar-Dass,5311,Department Store,Private Limited,Jalandhar,Punjab,2023-03-28,,Active,2535.0
REC105381,MCH3251,Balan-Kunda,5411,Grocery Store,Individual,Ludhiana,Punjab,2024-12-14,,Active,3266.06
REC105382,MCH4338,Johal-Dara,7011,Hotel/Lodging,Individual,Jaipur,Rajasthan,2025-07-06,XXXX8581,Blocked,3419.42
REC105383,MCH3938,Acharya Group,7011,Hotel/Lodging,Sole Proprietor,Kolkata,West Bengal,2024-10-17,,Active,2349.37
REC105384,MCH9223,Ram LLC,5912,Pharmacy,Sole Proprietor,Delhi,Delhi,,,Active,633.68
REC105385,MCH1922,"Deo, Saraf and Kale",5942,Books & Stationery,Sole Proprietor,Lucknow,Uttar Pradesh,,,Active,2507.85
REC105386,MCH8819,Acharya Inc,5912,Pharmacy,Private Limited,Ludhiana,Punjab,2024-02-27,XXXX4379,Active,2075.22
REC105387,MCH2106,"Doctor, Karnik and Sridhar",5999,Miscellaneous Retail,Partnership,Bengaluru,Karnataka,2023-08-16,XXXX6082,Inactive,871.69
REC105388,MCH5493,Kant-Bhandari,7011,Hotel/Lodging,Individual,Chennai,Tamil Nadu,,,Active,2521.07
REC105389,MCH9745,Ramanathan-Kara,4131,Transportation,Sole Proprietor,Chennai,Tamil Nadu,2023-11-27,,Active,
REC105390,MCH9104,Mannan-Kaul,4131,Transportation,Sole Proprietor,Amritsar,Punjab,2023-08-17,XXXX9446,Active,
REC105391,MCH5619,"Iyer, Lata and Bhatnagar",4131,Transportation,Partnership,Bengaluru,Karnataka,2025-07-09,XXXX4930,Active,5962.0
REC105392,MCH7013,"Batra, Narang and Gala",5912,Pharmacy,Sole Proprietor,Delhi,Delhi,2025-03-02,XXXX0133,Active,2875.47
REC105393,MCH3558,Brahmbhatt-Peri,7011,Hotel/Lodging,Sole Proprietor,Pune,Maharashtra,2025-10-14,VGYH0383362932637,Active,
REC105394,MCH8504,Kohli PLC,5411,Grocery Store,Sole Proprietor,Chennai,Tamil Nadu,2025-05-05,5858195769,Active,977.26
REC105395,MCH1959,Khatri-Kumar,5912,Pharmacy,Private Limited,Mumbai,Maharashtra,2025-09-01,VKRC9106963270153,Active,622.0
REC105396,MCH4838,Srinivasan Ltd,5699,Apparel,Partnership,Ludhiana,Punjab,2023-11-05,PWKI0930308328537,Active,193.54
REC105397,MCH1955,"Srinivas, Khurana and Choudhry",5999,Miscellaneous Retail,Private Limited,Jalandhar,Punjab,2025-01-18,XXXX5304,Active,883.05
REC105398,MCH7757,"Uppal, Kota and Ramaswamy",4814,Telecom,Individual,Delhi,Delhi,2024-02-09,XXXX2473,Active,669.43
REC105399,MCH8341,Tara-Ben,5311,Department Store,Individual,Kolkata,West Bengal,2023-06-26,,Active,1137.47
REC105400,MCH3570,Sura-Barman,5999,Miscellaneous Retail,Private Limited,Jalandhar,Punjab,2023-05-22,5640847872,Closed,1099.0
REC105401,MCH3771,Bumb Inc,5999,Miscellaneous Retail,Partnership,Lucknow,Uttar Pradesh,2024-11-06,,Active,2602.75
REC105402,MCH3563,Dhar-Wable,5812,Restaurant,Sole Proprietor,Chennai,Tamil Nadu,2023-12-25,XXXX0345,Active,748.96
REC105403,MCH9888,Lalla-Cherian,5411,Grocery Store,Sole Proprietor,Mumbai,Maharashtra,2023-09-01,,Active,2000.0
REC105404,MCH2733,Chauhan Ltd,5411,Grocery Store,Sole Proprietor,Delhi,Delhi,2024-12-27,,Active,872.28
REC105405,MCH3940,Chad-Dara,5411,Grocery Store,Partnership,Chennai,Tamil Nadu,2024-11-09,XXXX0176,Active,
REC105406,MCH9949,Balan LLC,5411,Grocery Store,Private Limited,Amritsar,Punjab,2024-06-27,XXXX7461,Active,2493.77
REC105407,MCH7386,Thaman Group,7011,Hotel/Lodging,Sole Proprietor,Jalandhar,Punjab,,3740809096,Active,3859.08
REC105408,MCH7074,Yogi Group,5999,Miscellaneous Retail,Individual,Bengaluru,Karnataka,2024-04-19,XXXX7029,Active,3900.0
REC105409,MCH7934,Srinivasan-Maharaj,5812,Restaurant,Partnership,Chennai,Tamil Nadu,2023-02-23,,Inactive,1154.88
REC105410,MCH1621,Pandey-Soni,5812,Restaurant,Sole Proprietor,Pune,Maharashtra,2023-11-15,XXXX4420,Closed,769.0
REC105411,MCH7900,Basu-Sami,4131,Transportation,Individual,Delhi,Delhi,2025-04-24,CGXR1652716099772,Active,1035.61
REC105412,MCH6488,"Cheema, Dubey and Kala",5699,Apparel,Private Limited,Mumbai,Maharashtra,2024-11-14,,Active,1180.07
REC105413,MCH6873,Dar and Sons,5311,Department Store,Sole Proprietor,Jalandhar,Punjab,,XXXX7759,Active,75.71
REC105414,MCH9556,"Hari, Dave and Ahluwalia",4131,Transportation,Sole Proprietor,Chennai,Tamil Nadu,2025-06-12,LIFR2342836809377,Active,4820.97
REC105415,MCH7249,Prakash Group,5812,Restaurant,Sole Proprietor,Mumbai,Maharashtra,2024-11-30,4410967035,Active,1855.0
REC105416,MCH8678,Dani-Talwar,7011,Hotel/Lodging,Partnership,Lucknow,Uttar Pradesh,2024-07-07,XXXX8500,Inactive,393.54
REC105417,MCH9604,Merchant-Johal,5311,Department Store,Partnership,Pune,Maharashtra,2024-10-11,2871306703,Active,762.2
REC105418,MCH5180,Varkey Inc,5699,Apparel,Individual,Lucknow,Uttar Pradesh,2025-09-26,XXXX1928,Active,1047.37
REC105419,MCH1779,"Maharaj, Jaggi and Reddy",7011,Hotel/Lodging,Partnership,Bengaluru,Karnataka,2024-09-02,,Active,1540.91
REC105420,MCH1259,"Wagle, Verma and Ramanathan",5912,Pharmacy,Private Limited,Jaipur,Rajasthan,2025-08-12,,Active,548.2
REC105421,MCH1009,Bhalla-Dave,4131,Transportation,Individual,Mumbai,Maharashtra,2024-01-08,BAVP5007663773178,Active,1496.0
REC105422,MCH5215,Tank-Golla,5999,Miscellaneous Retail,Individual,Hyderabad,Telangana,2024-06-08,XXXX4115,Active,1953.0
REC105423,MCH6617,"Aurora, Bhakta and Bawa",5311,Department Store,Private Limited,Pune,Maharashtra,2023-11-30,,Active,324.91
REC105424,MCH6376,"Buch, Raj and Karan",5699,Apparel,Partnership,Hyderabad,Telangana,2024-01-08,IBFA8815501065293,Active,1366.82
REC105425,MCH8160,Amble and Sons,5699,Apparel,Individual,Jaipur,Rajasthan,2023-05-18,XXXX4907,Active,5769.95
REC105426,MCH1706,Kanda and Sons,4814,Telecom,Private Limited,Chennai,Tamil Nadu,2023-08-20,,Active,546.33
REC105427,MCH8931,"Pau, Chatterjee and Deol",7011,Hotel/Lodging,Partnership,Pune,Maharashtra,2024-03-02,,Active,1739.01
REC105428,MCH7149,Keer-Dua,4131,Transportation,Private Limited,Delhi,Delhi,2026-02-10,,Active,
REC105429,MCH8062,Randhawa-Kata,5999,Miscellaneous Retail,Individual,Mumbai,Maharashtra,2024-03-31,,Active,1473.0
REC105430,MCH8369,Samra-Radhakrishnan,5699,Apparel,Sole Proprietor,Bengaluru,Karnataka,2024-03-18,IECA0291676472161,Active,2175.82
REC105431,MCH1152,Raman-Choudhury,5411,Grocery Store,Partnership,Chennai,Tamil Nadu,2025-12-19,XXXX0685,Active,233.0
REC105432,MCH2422,Sampath-Balasubramanian,4814,Telecom,Private Limited,Bengaluru,Karnataka,2025-06-25,7967511719,Suspended,2352.58
REC105433,MCH1537,Goswami-Sibal,5812,Restaurant,Partnership,Hyderabad,Telangana,2023-04-05,VFGD4255370364176,Active,360.35
REC105434,MCH6455,Luthra-Wable,5999,Miscellaneous Retail,Partnership,Mumbai,Maharashtra,2023-09-04,7955476293,Active,1528.51
REC105435,MCH8980,"Peri, Karpe and Saraf",5699,Apparel,Sole Proprietor,Jalandhar,Punjab,2024-10-24,XXXX9158,Active,277.5
REC105436,MCH2021,Shenoy-Wable,5912,Pharmacy,Sole Proprietor,Delhi,Delhi,2025-06-05,BNOS2436378037599,Active,2287.51
REC105437,MCH9550,Chandra-Sangha,5942,Books & Stationery,Sole Proprietor,Hyderabad,Telangana,2025-12-18,,Active,674.9
REC105438,MCH4716,Goda-Agate,5411,Grocery Store,Sole Proprietor,Delhi,Delhi,2026-01-07,5226052062,Suspended,1438.61
REC105439,MCH5224,Prabhakar-Baral,5999,Miscellaneous Retail,Sole Proprietor,Delhi,Delhi,2024-02-06,VAHS1051982392955,Active,873.18
REC105440,MCH9400,Sachar PLC,5942,Books & Stationery,Sole Proprietor,Kolkata,West Bengal,2023-03-28,,Active,872.66
REC105441,MCH5883,Pillai Ltd,5942,Books & Stationery,Partnership,Pune,Maharashtra,2024-10-18,ELEN4323090043469,Active,2102.56
REC105442,MCH6150,Nagarajan-Peri,4814,Telecom,Sole Proprietor,Delhi,Delhi,2024-04-19,XXXX0784,Active,414.2
REC105443,MCH9940,Mutti-Chakraborty,5812,Restaurant,Private Limited,Jaipur,Rajasthan,2024-05-03,,Inactive,1326.53
REC105444,MCH3291,Sanghvi-Nair,7011,Hotel/Lodging,Private Limited,Bengaluru,Karnataka,2023-09-25,,Active,3917.0
REC105445,MCH8931,Ramaswamy-Bhasin,5812,Restaurant,Partnership,Hyderabad,Telangana,2024-05-23,,Inactive,1406.0
REC105446,MCH2738,Grover PLC,4131,Transportation,Partnership,Pune,Maharashtra,2025-11-22,,Active,4547.63
REC105447,MCH3786,Ratta-Bhasin,5999,Miscellaneous Retail,Partnership,Bengaluru,Karnataka,2023-08-22,,Active,1037.97
REC105448,MCH1756,Vala-Cheema,5311,Department Store,Individual,Delhi,Delhi,2023-09-03,XXXX7019,Active,1245.26
REC105449,MCH9266,"Badami, Pathak and Nanda",5699,Apparel,Private Limited,Pune,Maharashtra,2024-09-10,3246654174,Active,157.82
REC105450,MCH4701,Bhagat and Sons,4131,Transportation,Individual,Hyderabad,Telangana,2025-03-17,FBYF6895567808971,Active,493.82
REC105451,MCH3530,Dugar PLC,5699,Apparel,Individual,Ludhiana,Punjab,2024-10-08,,Active,
REC105452,MCH3605,Bhasin Ltd,4131,Transportation,Partnership,Ludhiana,Punjab,2023-11-15,,Active,1858.98
REC105453,MCH3661,"Tak, Sandhu and Baria",5311,Department Store,Individual,Bengaluru,Karnataka,2023-04-02,UIJD2569404575285,Hold,865.02
REC105454,MCH7845,Bhasin-Dubey,4814,Telecom,Private Limited,Ludhiana,Punjab,2024-08-22,8372327074,Active,994.0
REC105455,MCH5912,"Raman, Viswanathan and Garg",4814,Telecom,Individual,Bengaluru,Karnataka,2023-12-01,3092091837,Active,4153.0
REC105456,MCH6168,"Raj, Sharma and Panchal",4131,Transportation,Private Limited,Ludhiana,Punjab,2025-08-19,,Active,1123.84
REC105457,MCH2430,Balay-Golla,5999,Miscellaneous Retail,Sole Proprietor,Jalandhar,Punjab,2023-01-17,0079601658,Closed,
REC105458,MCH2912,Natt-Kohli,5411,Grocery Store,Private Limited,Jalandhar,Punjab,2024-07-09,XXXX0399,Inactive,1895.43
REC105459,MCH5629,Barman Ltd,4131,Transportation,Partnership,Delhi,Delhi,2024-10-16,,Active,1135.33
REC105460,MCH4682,Dora-Chander,4814,Telecom,Individual,Mumbai,Maharashtra,2023-03-08,,Active,1036.09
REC105461,MCH8080,"Koshy, Das and Handa",5311,Department Store,Partnership,Amritsar,Punjab,2023-10-07,,Active,3825.94
REC105462,MCH5448,"Bala, Sha and Bera",5311,Department Store,Private Limited,Bengaluru,Karnataka,2025-08-12,,Active,523.59
REC105463,MCH8132,Sami-Balay,5699,Apparel,Private Limited,Bengaluru,Karnataka,2025-08-20,XXXX7576,Active,4139.52
REC105464,MCH1229,Hayre Inc,5999,Miscellaneous Retail,Sole Proprietor,Kolkata,West Bengal,2023-08-14,,Active,527.5
REC105465,MCH8380,Chaudhari-Behl,7011,Hotel/Lodging,Partnership,Mumbai,Maharashtra,2024-05-18,XXXX2808,Active,780.2
REC105466,MCH3294,"Murty, Vala and Pall",4131,Transportation,Individual,Ludhiana,Punjab,2024-12-10,7450449470,Active,822.03
REC105467,MCH2185,Wagle Inc,5912,Pharmacy,Private Limited,Pune,Maharashtra,,XXXX8242,Suspended,828.0
REC105468,MCH8279,Lala PLC,5411,Grocery Store,Sole Proprietor,Chennai,Tamil Nadu,,,Active,416.0
REC105469,MCH6530,Muni-Rout,5699,Apparel,Individual,Pune,Maharashtra,2023-10-15,3811526471,Active,938.29
REC105470,MCH1363,Rattan-Shere,7011,Hotel/Lodging,Sole Proprietor,Chennai,Tamil Nadu,2025-08-19,,Active,926.5
REC105471,MCH7942,Parmar-Oza,5912,Pharmacy,Sole Proprietor,Hyderabad,Telangana,2024-08-10,,Active,1133.78
REC105472,MCH2067,"Choudhry, Bhalla and Jaggi",5942,Books & Stationery,Individual,Jalandhar,Punjab,2023-03-11,,Closed,952.93
REC105473,MCH5283,"Ganesh, Parekh and Subramanian",5912,Pharmacy,Partnership,Hyderabad,Telangana,2025-03-02,,Active,307.25
REC105474,MCH9555,Chandra Ltd,4814,Telecom,Partnership,Jaipur,Rajasthan,2023-01-10,XXXX4338,Disabled,7981.95
REC105475,MCH8497,"Pandey, Dutta and Thakkar",5812,Restaurant,Private Limited,Delhi,Delhi,2025-09-18,0266895023,Active,802.0
REC105476,MCH8527,"Varkey, Chacko and Sarraf",5411,Grocery Store,Private Limited,Delhi,Delhi,2025-07-20,,Active,128.48
REC105477,MCH7198,Dar-Sani,7011,Hotel/Lodging,Private Limited,Hyderabad,Telangana,2023-06-27,HWWD0144016589581,Active,1840.43
REC105478,MCH6716,Shan PLC,5699,Apparel,Partnership,Amritsar,Punjab,2025-09-07,XXXX2064,Active,1208.93
REC105479,MCH2418,Doctor Group,4131,Transportation,Sole Proprietor,Bengaluru,Karnataka,2023-03-25,8132788390,Active,523.42
REC105480,MCH5135,Swaminathan-Kashyap,5942,Books & Stationery,Sole Proprietor,Mumbai,Maharashtra,2024-01-22,RDNZ1508980329306,Active,727.31
REC105481,MCH4075,Sankar-Mandal,5812,Restaurant,Partnership,Ludhiana,Punjab,,XXXX6718,Active,1056.32
REC105482,MCH1475,"Bora, Bhakta and Aurora",5311,Department Store,Private Limited,Kolkata,West Bengal,2024-06-11,8871048979,Active,1652.87
REC105483,MCH9362,"Lala, Oza and Chahal",5912,Pharmacy,Sole Proprietor,Delhi,Delhi,2024-04-25,XXXX6427,Active,1820.41
REC105484,MCH5709,Shroff-Mukherjee,4814,Telecom,Private Limited,Jaipur,Rajasthan,2024-11-10,FPQT8539252763493,Active,668.22
REC105485,MCH5064,Bassi Inc,5812,Restaurant,Individual,Delhi,Delhi,2025-12-27,,Inactive,1024.0
REC105486,MCH3409,Badami and Sons,7011,Hotel/Lodging,Sole Proprietor,Bengaluru,Karnataka,2024-05-31,,Active,1179.18
REC105487,MCH3829,"Seshadri, Bansal and Ahluwalia",5311,Department Store,Sole Proprietor,Pune,Maharashtra,2024-09-20,8781513092,Inactive,1296.0
REC105488,MCH5036,Buch Inc,5942,Books & Stationery,Partnership,Chennai,Tamil Nadu,2023-02-02,9320708690,Active,1529.39
REC105489,MCH8433,"Gill, Taneja and Bhardwaj",5411,Grocery Store,Individual,Lucknow,Uttar Pradesh,2023-05-12,9035895384,Suspended,5465.01
REC105490,MCH2761,Sabharwal-Patil,5999,Miscellaneous Retail,Private Limited,Hyderabad,Telangana,2025-04-04,,Closed,2607.92
REC105491,MCH3298,"Kurian, Sheth and Bains",5699,Apparel,Individual,Delhi,Delhi,2025-04-20,XXXX3758,Active,3789.0
REC105492,MCH9551,Chaudhry-Vaidya,5942,Books & Stationery,Sole Proprietor,Pune,Maharashtra,2023-04-23,XXXX2092,Active,1013.07
REC105493,MCH8551,Sule-Ganesh,5699,Apparel,Individual,Kolkata,West Bengal,2023-03-15,ILTD6256269158206,Active,1452.12
REC105494,MCH2832,Parmer Inc,5311,Department Store,Private Limited,Pune,Maharashtra,2025-10-26,,Active,831.48
REC105495,MCH2240,"Shenoy, Tara and Kala",5912,Pharmacy,Partnership,Chennai,Tamil Nadu,2023-03-25,,Active,1500.77
REC105496,MCH5627,"Sridhar, Yogi and Panchal",5411,Grocery Store,Sole Proprietor,Jaipur,Rajasthan,2025-09-23,,Active,483.0
REC105497,MCH8779,Tak-Wali,5812,Restaurant,Individual,Bengaluru,Karnataka,2024-01-24,3182666424,Active,206.0
REC105498,MCH3672,Ramaswamy PLC,5942,Books & Stationery,Private Limited,Kolkata,West Bengal,2025-01-24,XXXX8500,Active,9848.33
REC105499,MCH2223,"Magar, Krishnamurthy and Maharaj",5942,Books & Stationery,Private Limited,Delhi,Delhi,,3527789859,Active,1565.53
REC105500,MCH6922,"Walia, Mukherjee and Sodhi",5912,Pharmacy,Private Limited,Mumbai,Maharashtra,,FUTM3546823667854,Inactive,371.0
REC105501,MCH9806,Hari-Kant,5411,Grocery Store,Individual,Amritsar,Punjab,2023-12-26,JKYA8958406507555,Active,1398.42
REC105502,MCH3889,Bhagat-Sarna,7011,Hotel/Lodging,Sole Proprietor,Kolkata,West Bengal,2024-06-21,XXXX2885,Active,2088.06
REC105503,MCH8177,Bera PLC,4814,Telecom,Individual,Amritsar,Punjab,2023-07-14,3738058376,Disabled,491.01
REC105504,MCH8056,"Pai, Doshi and Nath",4814,Telecom,Private Limited,Lucknow,Uttar Pradesh,2024-05-26,YMRE9652845311736,Active,581.34
REC105505,MCH6002,Chokshi-Kibe,5699,Apparel,Sole Proprietor,Pune,Maharashtra,2023-05-17,,Active,864.81
REC105506,MCH6460,Deol-Narayanan,5311,Department Store,Partnership,Mumbai,Maharashtra,2026-01-19,XXXX8283,Active,878.73
REC105507,MCH7913,Ganesan-Sood,5912,Pharmacy,Individual,Delhi,Delhi,2024-08-15,,Active,562.1
REC105508,MCH8945,Krish and Sons,5912,Pharmacy,Partnership,Mumbai,Maharashtra,2024-01-11,XXXX9324,Active,411.91
REC105509,MCH3703,Khatri-Shukla,5812,Restaurant,Private Limited,Jalandhar,Punjab,,,Suspended,3523.05
REC105510,MCH5137,"Grewal, Chhabra and Sawhney",4131,Transportation,Sole Proprietor,Ludhiana,Punjab,2023-06-29,,Active,551.72
REC105511,MCH3612,"Manne, Dutt and Sahota",7011,Hotel/Lodging,Sole Proprietor,Jaipur,Rajasthan,2023-06-13,GSKL9256274813586,Active,605.01
REC105512,MCH2203,"Dar, Khurana and Vasa",5812,Restaurant,Sole Proprietor,Jaipur,Rajasthan,2024-07-05,,Active,14312.42
REC105513,MCH5933,"Natarajan, Swaminathan and Dugar",5999,Miscellaneous Retail,Partnership,Kolkata,West Bengal,2025-09-26,XXXX6381,Active,
REC105514,MCH2850,Gera-Seth,4814,Telecom,Private Limited,Chennai,Tamil Nadu,2023-03-15,,Active,689.16
REC105515,MCH1619,Divan-Bhatti,5912,Pharmacy,Sole Proprietor,Delhi,Delhi,2025-12-24,,Active,477.85
REC105516,MCH6183,Dutt PLC,7011,Hotel/Lodging,Sole Proprietor,Kolkata,West Bengal,2026-02-23,,Active,
REC105517,MCH4811,Rattan-Raval,5812,Restaurant,Partnership,Lucknow,Uttar Pradesh,2025-06-05,PPVP9119915286785,Active,
REC105518,MCH3819,Butala-Patla,5999,Miscellaneous Retail,Individual,Delhi,Delhi,2023-04-08,XXXX5729,Active,2466.12
REC105519,MCH4681,"Sengupta, Venkataraman and Konda",5411,Grocery Store,Individual,Pune,Maharashtra,2026-01-10,,Active,526.79
REC105520,MCH3264,Gopal Ltd,7011,Hotel/Lodging,Sole Proprietor,Pune,Maharashtra,2023-05-14,,Active,1501.67
REC105521,MCH1518,"Deol, Mand and Bhattacharyya",4131,Transportation,Partnership,Jaipur,Rajasthan,2023-09-17,,Suspended,862.0
REC105522,MCH5497,Devan Ltd,5912,Pharmacy,Partnership,Kolkata,West Bengal,2023-11-20,,Active,266.7
REC105523,MCH3421,"Sandhu, Saxena and Talwar",5942,Books & Stationery,Sole Proprietor,Delhi,Delhi,,XXXX6543,Suspended,1117.58
REC105524,MCH4623,"Gokhale, Ranganathan and Shenoy",5999,Miscellaneous Retail,Private Limited,Hyderabad,Telangana,2025-08-17,0347099856,Active,171.0
REC105525,MCH8296,Gara Inc,5411,Grocery Store,Partnership,Jalandhar,Punjab,2025-07-16,MFEL4687001236835,Active,
REC105526,MCH6183,Nayar and Sons,4131,Transportation,Individual,Jalandhar,Punjab,2023-06-07,XXXX7204,Active,2423.0
REC105527,MCH1171,Sampath-Shroff,5912,Pharmacy,Partnership,Delhi,Delhi,2026-01-19,,Active,393.94
REC105528,MCH8411,Chopra Group,5812,Restaurant,Private Limited,Jalandhar,Punjab,2023-01-01,,Inactive,1067.4
REC105529,MCH1022,Ramesh-Bhat,5999,Miscellaneous Retail,Private Limited,Hyderabad,Telangana,,,Active,3026.17
REC105530,MCH9635,Parekh-Mammen,5411,Grocery Store,Private Limited,Pune,Maharashtra,2025-05-07,,Active,1533.7
REC105531,MCH1675,"Sarma, Saxena and Chandran",5311,Department Store,Private Limited,Jaipur,Rajasthan,2023-06-09,,Active,1777.8
REC105532,MCH8592,Ramaswamy PLC,4814,Telecom,Individual,Amritsar,Punjab,,,Suspended,661.0
REC105533,MCH7735,Garg-Balan,5999,Miscellaneous Retail,Sole Proprietor,Ludhiana,Punjab,2024-01-24,7094886442,Active,
REC105534,MCH5023,"Borde, Venkataraman and Sura",7011,Hotel/Lodging,Private Limited,Chennai,Tamil Nadu,2024-06-07,,Active,1983.28
REC105535,MCH3423,Sant-Singh,7011,Hotel/Lodging,Partnership,Delhi,Delhi,2023-01-01,9051549967,Active,11283.23
REC105536,MCH5023,Rastogi Ltd,5411,Grocery Store,Individual,Ludhiana,Punjab,2024-09-22,6206604276,Active,532.62
REC105537,MCH6058,Loke LLC,5942,Books & Stationery,Sole Proprietor,Amritsar,Punjab,,TMOY5327017538734,Active,317.07
REC105538,MCH4648,Tara-Pandya,5699,Apparel,Partnership,Chennai,Tamil Nadu,2026-01-02,TEXQ3961216144905,Active,852.19
REC105539,MCH3696,"Pandya, Maharaj and Sundaram",5942,Books & Stationery,Individual,Pune,Maharashtra,2025-08-07,,Hold,416.04
REC105540,MCH6577,D'Alia Inc,5699,Apparel,Partnership,Bengaluru,Karnataka,2023-08-05,,Active,1979.76
REC105541,MCH2077,Sahota Inc,5942,Books & Stationery,Partnership,Lucknow,Uttar Pradesh,2024-01-09,BSBT5352705836134,Active,2058.18
REC105542,MCH7536,Kalla-Deo,5311,Department Store,Partnership,Kolkata,West Bengal,2024-08-29,5654813293,Active,803.42
REC105543,MCH6024,"Doshi, Peri and Keer",4131,Transportation,Partnership,Pune,Maharashtra,2025-01-01,,Active,142.5
REC105544,MCH1883,"Bahl, Kashyap and Sibal",5812,Restaurant,Private Limited,Jalandhar,Punjab,2023-01-04,XXXX4248,Active,
REC105545,MCH1946,Sibal LLC,7011,Hotel/Lodging,Sole Proprietor,Jalandhar,Punjab,2026-01-24,QGEZ9290048707008,Active,2804.71
REC105546,MCH5664,"Om, Kari and Pandit",5812,Restaurant,Partnership,Hyderabad,Telangana,2024-07-15,7995815997,Inactive,6853.27
REC105547,MCH2816,Yogi-Palan,5999,Miscellaneous Retail,Individual,Mumbai,Maharashtra,2025-02-14,YLAY0045447026896,Suspended,2753.81
REC105548,MCH1816,Samra-Bhattacharyya,5912,Pharmacy,Individual,Kolkata,West Bengal,2024-07-11,,Active,1868.22
REC105549,MCH5792,"Bava, Krish and Ghose",4131,Transportation,Partnership,Amritsar,Punjab,2024-07-09,0878817279,Hold,1136.54
REC105550,MCH7389,Basu-Bedi,5812,Restaurant,Partnership,Bengaluru,Karnataka,2023-04-07,XXXX3335,Active,
REC105551,MCH2123,"Pandey, Swamy and Desai",5912,Pharmacy,Private Limited,Hyderabad,Telangana,2024-03-31,1343743370,Active,2367.0
REC105552,MCH5321,Maharaj Ltd,5912,Pharmacy,Sole Proprietor,Mumbai,Maharashtra,2024-08-29,9534555078,Inactive,
REC105553,MCH7765,Dyal LLC,5812,Restaurant,Individual,Amritsar,Punjab,2025-02-27,XXXX8941,Active,3067.55
REC105554,MCH6502,Mall PLC,5999,Miscellaneous Retail,Sole Proprietor,Chennai,Tamil Nadu,2025-05-10,,Inactive,1695.37
REC105555,MCH4050,"Arya, Dyal and Aurora",5411,Grocery Store,Partnership,Kolkata,West Bengal,2026-01-23,,Active,980.29
REC105556,MCH4927,Mohan PLC,5699,Apparel,Individual,Jaipur,Rajasthan,2025-03-04,MQQO7446373111287,Active,1972.99
REC105557,MCH9548,Raja PLC,4131,Transportation,Partnership,Jaipur,Rajasthan,2026-02-22,XXXX5841,Active,1649.0
REC105558,MCH2441,Bhatnagar PLC,4814,Telecom,Individual,Jaipur,Rajasthan,2024-05-04,4907126528,Active,1789.0
REC105559,MCH8082,Contractor and Sons,7011,Hotel/Lodging,Sole Proprietor,Amritsar,Punjab,2025-02-20,XXXX4733,Active,4480.58
REC105560,MCH7729,"Jain, Bail and Rattan",5411,Grocery Store,Private Limited,Pune,Maharashtra,2023-03-04,,Active,2571.4
REC105561,MCH1977,Chahal-Kumer,5942,Books & Stationery,Sole Proprietor,Kolkata,West Bengal,2025-09-01,XXXX3479,Active,897.0
REC105562,MCH2954,"Keer, Borra and Hayre",7011,Hotel/Lodging,Private Limited,Ludhiana,Punjab,2025-12-23,,Active,
REC105563,MCH3698,Khanna-Bail,5912,Pharmacy,Partnership,Lucknow,Uttar Pradesh,2024-11-10,,Active,2901.24
REC105564,MCH4984,Rege-Mane,7011,Hotel/Lodging,Individual,Bengaluru,Karnataka,2023-08-14,,Disabled,
REC105565,MCH9350,Singh-Sane,5411,Grocery Store,Private Limited,Ludhiana,Punjab,2023-04-13,1346716181,Active,840.43
REC105566,MCH7031,Chander Inc,4814,Telecom,Private Limited,Pune,Maharashtra,2025-09-28,XXXX5142,Active,1538.5
REC105567,MCH4917,"Bhat, Saha and Wable",4131,Transportation,Private Limited,Jaipur,Rajasthan,2025-04-14,XXXX6979,Active,6159.51
REC105568,MCH9831,Kala-Wason,5942,Books & Stationery,Individual,Chennai,Tamil Nadu,2024-09-21,XXXX7493,Active,1222.6
REC105569,MCH6856,"Dalal, Morar and Gala",7011,Hotel/Lodging,Private Limited,Chennai,Tamil Nadu,2025-11-18,XXXX3477,Active,
REC105570,MCH8239,"Brahmbhatt, Oak and Dhar",5411,Grocery Store,Partnership,Jaipur,Rajasthan,2025-05-19,,Active,266.0
REC105571,MCH4477,"Ray, Agate and Som",4814,Telecom,Partnership,Amritsar,Punjab,2025-01-27,3942164768,Active,3504.19
REC105572,MCH5587,Pau-Gour,5812,Restaurant,Private Limited,Pune,Maharashtra,2025-10-13,AIKN3298712438615,Active,246.08
REC105573,MCH5874,Mann-Mallick,7011,Hotel/Lodging,Partnership,Delhi,Delhi,2023-11-29,7898379818,Active,1160.0
REC105574,MCH4243,"Ramesh, Venkatesh and Ravel",5311,Department Store,Sole Proprietor,Amritsar,Punjab,2025-06-24,,Active,133.28
REC105575,MCH7016,Ratti PLC,4131,Transportation,Partnership,Lucknow,Uttar Pradesh,2025-10-18,HWTR3220006102269,Active,319.94
REC105576,MCH9174,"Chander, Goswami and Butala",7011,Hotel/Lodging,Partnership,Jalandhar,Punjab,2024-06-14,1722137543,Active,914.67
REC105577,MCH8308,Thakkar PLC,7011,Hotel/Lodging,Sole Proprietor,Mumbai,Maharashtra,2023-06-06,LHVQ2811292052937,Active,1612.0
REC105578,MCH2726,Sant-Sani,5411,Grocery Store,Individual,Lucknow,Uttar Pradesh,2024-01-28,,Blocked,2020.62
REC105579,MCH7257,"Nagi, Gera and Bedi",5999,Miscellaneous Retail,Sole Proprietor,Jaipur,Rajasthan,2023-10-29,,Active,786.7
REC105580,MCH3181,"Kothari, Sengupta and Sandal",4131,Transportation,Private Limited,Lucknow,Uttar Pradesh,2025-12-06,,Active,9001.75
REC105581,MCH5797,Sami Ltd,5942,Books & Stationery,Individual,Jalandhar,Punjab,2024-03-05,YJXP8191139167716,Active,651.76
REC105582,MCH1994,"Naik, Bhasin and Virk",7011,Hotel/Lodging,Sole Proprietor,Amritsar,Punjab,2024-09-24,3176426647,Active,886.83
REC105583,MCH4048,"Lall, Kara and Uppal",5812,Restaurant,Partnership,Jalandhar,Punjab,2024-06-14,,Closed,1748.0
REC105584,MCH4371,Chahal-Chaudhari,4814,Telecom,Sole Proprietor,Ludhiana,Punjab,2025-01-20,,Suspended,219.82
REC105585,MCH1833,"Sabharwal, Chopra and Nayar",4131,Transportation,Private Limited,Pune,Maharashtra,2023-07-26,8483394590,Active,1391.53
REC105586,MCH6300,Kumar PLC,5699,Apparel,Partnership,Jaipur,Rajasthan,2025-04-17,,Active,1647.52
REC105587,MCH8405,Roy Ltd,5699,Apparel,Private Limited,Kolkata,West Bengal,2023-02-13,MAGL2579020752689,Inactive,1147.53
REC105588,MCH8537,Mital and Sons,5411,Grocery Store,Partnership,Jalandhar,Punjab,2023-05-14,XXXX8286,Active,
REC105589,MCH6256,Rana-Walia,5812,Restaurant,Sole Proprietor,Ludhiana,Punjab,2025-02-27,XXXX5533,Inactive,330.34
REC105590,MCH5028,"Chhabra, Deo and Chakrabarti",7011,Hotel/Lodging,Partnership,Ludhiana,Punjab,2024-03-14,RQQO5337522783830,Closed,716.94
REC105591,MCH5547,Raju Group,5411,Grocery Store,Partnership,Bengaluru,Karnataka,2025-04-15,,Active,915.94
REC105592,MCH3311,Sule Ltd,5942,Books & Stationery,Sole Proprietor,Pune,Maharashtra,2026-01-30,XXXX2539,Active,1079.15
REC105593,MCH8032,Roy-Ramesh,5699,Apparel,Partnership,Mumbai,Maharashtra,2025-05-24,,Active,1773.07
REC105594,MCH4509,"Shanker, Sem and Varughese",4131,Transportation,Sole Proprietor,Pune,Maharashtra,2023-08-16,,Active,
REC105595,MCH2418,Mangal-Krishnamurthy,5942,Books & Stationery,Individual,Delhi,Delhi,2024-07-21,,Active,436.58
REC105596,MCH8297,Nayar Ltd,5912,Pharmacy,Partnership,Kolkata,West Bengal,,5258052297,Closed,465.08
REC105597,MCH2986,Kade-Anne,4131,Transportation,Partnership,Amritsar,Punjab,2025-11-29,,Blocked,736.81
REC105598,MCH3694,"Date, Naidu and Raja",5912,Pharmacy,Partnership,Jalandhar,Punjab,2024-11-22,GPTO7610757270352,Active,4933.54
REC105599,MCH9692,Pandey-Behl,5812,Restaurant,Private Limited,Hyderabad,Telangana,2024-08-31,XXXX3446,Active,522.57
REC105600,MCH4614,Badami LLC,5942,Books & Stationery,Partnership,Jaipur,Rajasthan,2025-04-02,3429375766,Active,4687.53
REC105601,MCH5197,Acharya Inc,4131,Transportation,Private Limited,Jalandhar,Punjab,,XXXX5691,Active,699.94
REC105602,MCH3558,Balakrishnan LLC,5311,Department Store,Sole Proprietor,Bengaluru,Karnataka,2023-06-17,XXXX0210,Suspended,918.0
REC105603,MCH1823,"Patla, Bhasin and Parsa",7011,Hotel/Lodging,Partnership,Lucknow,Uttar Pradesh,2023-06-15,,Active,3003.2
REC105604,MCH3699,Lal Ltd,5999,Miscellaneous Retail,Private Limited,Jaipur,Rajasthan,2023-06-25,MSXL7767787846316,Active,479.97
REC105605,MCH8132,Jain-Peri,5912,Pharmacy,Sole Proprietor,Ludhiana,Punjab,2024-10-25,,Active,594.94
REC105606,MCH4401,Bedi and Sons,5699,Apparel,Partnership,Kolkata,West Bengal,2024-05-16,HWLG9372836696223,Active,557.79
REC105607,MCH2910,"Mall, Sankaran and Mittal",4131,Transportation,Private Limited,Delhi,Delhi,2025-09-28,XXXX0107,Inactive,3631.28
REC105608,MCH6837,"Wali, Upadhyay and Shukla",5411,Grocery Store,Sole Proprietor,Hyderabad,Telangana,2025-05-22,MLUM4465205062232,Hold,
REC105609,MCH8559,"Gokhale, Dugal and Pradhan",5812,Restaurant,Private Limited,Pune,Maharashtra,2023-07-09,,Suspended,2171.47
REC105610,MCH7628,"Chawla, Datta and Ahuja",5411,Grocery Store,Partnership,Pune,Maharashtra,2024-01-05,,Active,979.26
REC105611,MCH3736,"Morar, Roy and Bali",5411,Grocery Store,Private Limited,Ludhiana,Punjab,2023-05-18,1010746003,Active,1684.27
REC105612,MCH7939,Mand LLC,5812,Restaurant,Private Limited,Bengaluru,Karnataka,2025-01-23,,Active,2096.4
REC105613,MCH5156,"Bumb, Buch and Rout",7011,Hotel/Lodging,Private Limited,Mumbai,Maharashtra,2025-10-11,,Active,1483.33
REC105614,MCH3748,Bedi-Cherian,5311,Department Store,Individual,Mumbai,Maharashtra,2025-03-19,XXXX2002,Hold,1343.58
REC105615,MCH7220,Rege-Sharaf,5812,Restaurant,Private Limited,Amritsar,Punjab,2023-12-15,RRUP8952328372225,Active,978.47
REC105616,MCH4135,Sunder Ltd,5411,Grocery Store,Partnership,Ludhiana,Punjab,2025-01-28,,Active,6745.05
REC105617,MCH8756,Warrior Inc,5699,Apparel,Private Limited,Jalandhar,Punjab,2023-10-04,9910438985,Active,1476.03
REC105618,MCH5117,Bava-Sani,5311,Department Store,Private Limited,Amritsar,Punjab,2023-05-07,ICYL7735321082205,Active,557.72
REC105619,MCH5200,Saha PLC,4131,Transportation,Private Limited,Ludhiana,Punjab,2025-10-11,,Active,913.24
REC105620,MCH7309,"Loke, Chada and Badal",5699,Apparel,Sole Proprietor,Ludhiana,Punjab,2023-07-26,9268725800,Active,3465.02
REC105621,MCH9847,Dube and Sons,4814,Telecom,Partnership,Delhi,Delhi,2023-06-06,6626610678,Active,918.47
REC105622,MCH3656,Agrawal Ltd,4814,Telecom,Private Limited,Ludhiana,Punjab,2024-08-05,XXXX7009,Active,3644.12
REC105623,MCH6785,Rai LLC,7011,Hotel/Lodging,Sole Proprietor,Chennai,Tamil Nadu,2024-12-01,,Active,2498.92
REC105624,MCH4244,"Doctor, Pillay and Nori",5311,Department Store,Individual,Ludhiana,Punjab,2026-02-22,8115439991,Active,2111.57
REC105625,MCH4163,Rajagopalan-Hans,5812,Restaurant,Sole Proprietor,Pune,Maharashtra,2023-06-29,GQKM7843504448024,Active,
REC105626,MCH4220,Chaudry Ltd,7011,Hotel/Lodging,Individual,Lucknow,Uttar Pradesh,,,Active,788.42
REC105627,MCH2881,Johal PLC,5812,Restaurant,Partnership,Amritsar,Punjab,2023-05-16,WTST5086684279337,Active,807.63
REC105628,MCH4804,Swamy PLC,5699,Apparel,Partnership,Lucknow,Uttar Pradesh,2025-01-12,,Blocked,207.24
REC105629,MCH4858,Malhotra-Doctor,4814,Telecom,Individual,Ludhiana,Punjab,2024-11-20,4066282320,Active,7460.92
REC105630,MCH6083,"Shah, Deep and Swaminathan",5411,Grocery Store,Partnership,Amritsar,Punjab,2025-06-28,,Active,1417.0
REC105631,MCH8968,Sankar-Zachariah,5411,Grocery Store,Individual,Chennai,Tamil Nadu,,VDPY3965638190434,Active,7171.02
REC105632,MCH5280,Mani-Chada,4131,Transportation,Sole Proprietor,Chennai,Tamil Nadu,2025-03-18,XXXX6717,Active,1112.24
REC105633,MCH8832,Kala LLC,4814,Telecom,Individual,Hyderabad,Telangana,2025-10-12,XXXX8743,Active,292.25
REC105634,MCH2052,"Saraf, Maharaj and Kakar",5999,Miscellaneous Retail,Individual,Pune,Maharashtra,2025-01-30,XXXX8291,Active,3476.81
REC105635,MCH6947,"Desai, Dara and Dani",4814,Telecom,Individual,Bengaluru,Karnataka,2023-10-13,,Active,947.15
REC105636,MCH1956,"Magar, Ramakrishnan and Dhingra",5912,Pharmacy,Private Limited,Ludhiana,Punjab,2024-05-02,XXXX9114,Active,919.28
REC105637,MCH9366,"Parsa, Walia and Viswanathan",5699,Apparel,Individual,Jalandhar,Punjab,2024-11-13,XXXX5233,Active,7891.78
REC105638,MCH5256,Ghosh LLC,4131,Transportation,Individual,Chennai,Tamil Nadu,,ASNK4892862388041,Active,429.35
REC105639,MCH9239,Balakrishnan-Das,5411,Grocery Store,Partnership,Bengaluru,Karnataka,2025-12-11,EHOI0009201922607,Active,
REC105640,MCH8055,"Gade, Dani and Dayal",5812,Restaurant,Private Limited,Bengaluru,Karnataka,2024-06-02,VCUQ2055885788947,Inactive,1539.89
REC105641,MCH9377,Chaudhuri PLC,5699,Apparel,Sole Proprietor,Delhi,Delhi,2023-04-14,6784208248,Active,1583.18
REC105642,MCH3564,Chadha-Sarin,5812,Restaurant,Individual,Lucknow,Uttar Pradesh,2024-06-09,XXXX4527,Active,506.02
REC105643,MCH9720,Hayre Ltd,5942,Books & Stationery,Sole Proprietor,Pune,Maharashtra,2024-04-24,,Active,507.94
REC105644,MCH4051,Desai-Tank,5812,Restaurant,Partnership,Lucknow,Uttar Pradesh,2025-02-21,XXXX7388,Active,389.0
REC105645,MCH7918,Purohit LLC,5942,Books & Stationery,Private Limited,Kolkata,West Bengal,2024-09-06,XXXX2495,Active,1204.0
REC105646,MCH9846,"Nadig, Saran and Prabhakar",5411,Grocery Store,Private Limited,Amritsar,Punjab,2023-05-30,,Active,672.0
REC105647,MCH7821,Deshmukh Inc,5999,Miscellaneous Retail,Partnership,Bengaluru,Karnataka,2026-01-26,3967998762,Active,1463.63
REC105648,MCH1016,"Char, Bhargava and Chaudhary",5812,Restaurant,Private Limited,Hyderabad,Telangana,,TODJ2902550918108,Active,1933.0
REC105649,MCH3801,"Arya, Sachar and Khanna",5912,Pharmacy,Partnership,Bengaluru,Karnataka,2024-01-03,XXXX2457,Suspended,639.86
REC105650,MCH3386,Mody LLC,5311,Department Store,Sole Proprietor,Mumbai,Maharashtra,2023-12-21,9912276450,Active,1737.99
REC105651,MCH4831,"Raja, Rout and Singh",5411,Grocery Store,Individual,Kolkata,West Bengal,2023-01-09,XXXX4829,Active,1885.15
REC105652,MCH1686,Chokshi and Sons,5942,Books & Stationery,Individual,Bengaluru,Karnataka,2024-02-02,,Active,1116.34
REC105653,MCH9534,Deshmukh-Yadav,7011,Hotel/Lodging,Individual,Hyderabad,Telangana,2024-08-13,XXXX7810,Active,1143.6
REC105654,MCH4342,"Bhavsar, Mital and Garde",4131,Transportation,Private Limited,Kolkata,West Bengal,2025-10-06,,Suspended,
REC105655,MCH9447,Sundaram LLC,5999,Miscellaneous Retail,Individual,Hyderabad,Telangana,2026-01-30,XXXX5917,Active,974.62
REC105656,MCH1324,"Edwin, Savant and Tandon",7011,Hotel/Lodging,Partnership,Bengaluru,Karnataka,2026-01-26,,Active,1192.31
REC105657,MCH2264,"Sule, Sarma and Sur",5311,Department Store,Individual,Delhi,Delhi,2025-10-21,HGHS4575612385959,Suspended,4017.0
REC105658,MCH2014,Sundaram and Sons,5999,Miscellaneous Retail,Private Limited,Ludhiana,Punjab,2024-01-27,XXXX5436,Active,4199.0
REC105659,MCH1912,Keer-Mitra,4131,Transportation,Sole Proprietor,Chennai,Tamil Nadu,2024-10-27,XXXX9508,Active,3259.24
REC105660,MCH2428,Suresh-Varma,4814,Telecom,Private Limited,Hyderabad,Telangana,2024-05-31,XXXX3635,Active,949.0
REC105661,MCH3383,Muni Inc,5999,Miscellaneous Retail,Sole Proprietor,Delhi,Delhi,2023-04-21,XXXX2845,Active,5804.6
REC105662,MCH4692,Bhat Inc,4131,Transportation,Sole Proprietor,Hyderabad,Telangana,2024-05-06,,Active,3808.17
REC105663,MCH9704,"Wason, Upadhyay and Palla",5311,Department Store,Private Limited,Mumbai,Maharashtra,2024-07-11,0272024202,Active,
REC105664,MCH2122,"Bava, Bal and Mittal",5912,Pharmacy,Individual,Pune,Maharashtra,2024-01-04,,Active,1119.03
REC105665,MCH4776,Lall Inc,5912,Pharmacy,Private Limited,Amritsar,Punjab,2023-07-22,6483794741,Active,4262.37
REC105666,MCH5660,Sama LLC,5699,Apparel,Private Limited,Lucknow,Uttar Pradesh,,,Active,18060.85
REC105667,MCH3513,"Gade, Raghavan and Ben",5942,Books & Stationery,Individual,Chennai,Tamil Nadu,2024-07-21,EGJQ8131249829529,Inactive,1116.95
REC105668,MCH7462,"Malhotra, Sachdeva and Sant",5411,Grocery Store,Sole Proprietor,Hyderabad,Telangana,2025-11-11,EIQX3043472487822,Active,1601.35
REC105669,MCH8935,Tella-Bawa,4131,Transportation,Individual,Jaipur,Rajasthan,2024-01-13,JHDG3104790925076,Active,997.56
REC105670,MCH9266,Nazareth Ltd,5942,Books & Stationery,Sole Proprietor,Lucknow,Uttar Pradesh,2023-07-07,,Active,1049.97
REC105671,MCH3509,Dara-Rajagopalan,5912,Pharmacy,Sole Proprietor,Kolkata,West Bengal,2023-09-09,JSXR7999494577088,Active,1651.56
REC105672,MCH5193,Shetty Inc,5912,Pharmacy,Partnership,Amritsar,Punjab,2025-07-13,QQWR4601081024609,Active,
REC105673,MCH1305,Ghose-Batta,4131,Transportation,Individual,Hyderabad,Telangana,2025-12-20,,Closed,380.06
REC105674,MCH1162,"Anand, Mistry and Khare",5999,Miscellaneous Retail,Private Limited,Delhi,Delhi,2025-12-02,XXXX2346,Active,1311.0
REC105675,MCH1387,Handa-Talwar,4131,Transportation,Sole Proprietor,Lucknow,Uttar Pradesh,2023-10-05,,Active,754.0
REC105676,MCH4114,Patel PLC,4131,Transportation,Private Limited,Chennai,Tamil Nadu,2023-03-17,,Active,2658.88
REC105677,MCH6721,"Saran, Varughese and Savant",5912,Pharmacy,Individual,Ludhiana,Punjab,2025-11-11,EEDF3505931890281,Active,1696.94
REC105678,MCH4669,Bail PLC,4131,Transportation,Sole Proprietor,Lucknow,Uttar Pradesh,2023-09-17,XXXX4093,Inactive,1960.77
REC105679,MCH7126,Deol Ltd,5999,Miscellaneous Retail,Partnership,Delhi,Delhi,2025-06-25,,Active,495.33
REC105680,MCH9805,Sha-Mitter,5311,Department Store,Partnership,Jalandhar,Punjab,,6239132906,Active,1993.26
REC105681,MCH6064,"Wable, Virk and Gaba",5812,Restaurant,Private Limited,Amritsar,Punjab,2025-06-09,0328512355,Active,5256.61
REC105682,MCH3369,Hans LLC,5942,Books & Stationery,Sole Proprietor,Mumbai,Maharashtra,,YCNF1081951553349,Active,3188.62
REC105683,MCH2306,Goswami Inc,7011,Hotel/Lodging,Sole Proprietor,Bengaluru,Karnataka,,4771057298,Active,1562.95
REC105684,MCH1874,"Bail, Madan and Mahal",5411,Grocery Store,Private Limited,Jalandhar,Punjab,2025-11-03,0723751803,Active,928.89
REC105685,MCH4939,Bath-Kumer,4814,Telecom,Partnership,Delhi,Delhi,2023-06-10,XXXX8414,Active,1620.24
REC105686,MCH4290,Venkataraman-Wadhwa,5999,Miscellaneous Retail,Individual,Lucknow,Uttar Pradesh,2023-04-16,NGRS4293634400913,Active,1056.0
REC105687,MCH9143,Kibe and Sons,4814,Telecom,Individual,Jalandhar,Punjab,2025-06-12,,Active,924.79
REC105688,MCH7187,Sandhu Inc,5812,Restaurant,Individual,Amritsar,Punjab,,0356861723,Active,4006.56
REC105689,MCH9896,Wali Group,4814,Telecom,Sole Proprietor,Pune,Maharashtra,2023-08-15,,Blocked,1708.02
REC105690,MCH1776,Vohra and Sons,5999,Miscellaneous Retail,Private Limited,Lucknow,Uttar Pradesh,2023-06-16,XXXX6558,Active,843.8
REC105691,MCH5147,"Rao, Mahal and Wable",5999,Miscellaneous Retail,Private Limited,Jalandhar,Punjab,2024-09-16,8569345830,Active,687.0
REC105692,MCH9154,"Pal, Dara and Yadav",5999,Miscellaneous Retail,Private Limited,Jaipur,Rajasthan,2025-07-12,XXXX2752,Active,3887.81
REC105693,MCH8086,Kala LLC,5411,Grocery Store,Partnership,Jalandhar,Punjab,2024-12-29,XXXX1156,Active,1335.85
REC105694,MCH9593,Dayal Inc,4131,Transportation,Partnership,Kolkata,West Bengal,2024-05-06,,Active,2414.51
REC105695,MCH3935,Majumdar-Aggarwal,5311,Department Store,Private Limited,Delhi,Delhi,2024-07-07,5282295543,Active,3614.23
REC105696,MCH3046,Walla PLC,5942,Books & Stationery,Private Limited,Jalandhar,Punjab,2023-12-03,DJCZ8193007555479,Hold,6756.54
REC105697,MCH6308,Panchal PLC,5999,Miscellaneous Retail,Partnership,Jaipur,Rajasthan,,,Active,3549.84
REC105698,MCH9822,Thaman-Parsa,5311,Department Store,Private Limited,Bengaluru,Karnataka,,0500860031,Active,534.71
REC105699,MCH5235,Yogi-Dutt,4131,Transportation,Sole Proprietor,Ludhiana,Punjab,2023-10-19,,Active,
REC105700,MCH5525,Nagy and Sons,7011,Hotel/Lodging,Partnership,Bengaluru,Karnataka,2026-01-29,EFCT6045045841970,Active,1141.1
REC105701,MCH3587,Sagar-Raval,7011,Hotel/Lodging,Partnership,Jalandhar,Punjab,2024-07-31,,Suspended,1064.25
REC105702,MCH1128,Natt-Keer,5999,Miscellaneous Retail,Sole Proprietor,Hyderabad,Telangana,2026-01-10,XXXX1918,Active,1028.32
REC105703,MCH5317,Seth PLC,7011,Hotel/Lodging,Sole Proprietor,Bengaluru,Karnataka,2023-03-01,,Active,2738.46
REC105704,MCH1561,Gera-Kota,5942,Books & Stationery,Sole Proprietor,Jaipur,Rajasthan,2024-06-15,8921681390,Inactive,530.0
REC105705,MCH5932,Jani-Sathe,4814,Telecom,Partnership,Ludhiana,Punjab,2024-10-09,,Inactive,2383.64
REC105706,MCH5477,Chopra Inc,5411,Grocery Store,Individual,Ludhiana,Punjab,2025-01-14,HOQQ9340168679590,Active,878.29
REC105707,MCH4401,"Misra, Sama and Shetty",4814,Telecom,Individual,Pune,Maharashtra,2023-10-12,4220162821,Active,4329.0
REC105708,MCH9911,"Pal, Dash and Nagi",4131,Transportation,Individual,Mumbai,Maharashtra,2024-11-28,XXXX9114,Active,1474.73
REC105709,MCH3461,"Balakrishnan, Sachdeva and Sekhon",5999,Miscellaneous Retail,Individual,Mumbai,Maharashtra,2025-09-23,QTCR6301966166012,Active,1049.37
REC105710,MCH3655,Batra LLC,5912,Pharmacy,Sole Proprietor,Pune,Maharashtra,2024-08-17,,Active,
REC105711,MCH2263,Puri-D'Alia,5311,Department Store,Private Limited,Amritsar,Punjab,2024-08-29,CMUQ0128896673333,Active,2781.79
REC105712,MCH9001,Mangat-Sachar,4814,Telecom,Individual,Kolkata,West Bengal,2023-11-09,MHGZ0836129052576,Active,805.62
REC105713,MCH6595,More-Sharma,7011,Hotel/Lodging,Sole Proprietor,Jalandhar,Punjab,2023-11-12,,Active,308.54
REC105714,MCH6430,Prakash Group,4814,Telecom,Individual,Hyderabad,Telangana,2025-08-05,,Blocked,5278.71
REC105715,MCH1612,Salvi-Patel,5812,Restaurant,Partnership,Delhi,Delhi,2023-09-05,3960939473,Suspended,1940.8
REC105716,MCH9990,Mishra Inc,5912,Pharmacy,Private Limited,Mumbai,Maharashtra,2023-02-18,XXXX3137,Active,970.05
REC105717,MCH8521,Rao Ltd,5812,Restaurant,Sole Proprietor,Jaipur,Rajasthan,2023-02-05,1686745515,Hold,2388.44
REC105718,MCH7631,Doshi-Verma,5942,Books & Stationery,Partnership,Kolkata,West Bengal,2024-01-27,,Active,2548.32
REC105719,MCH4454,"Raman, Mukherjee and Sinha",5942,Books & Stationery,Sole Proprietor,Kolkata,West Bengal,2024-12-26,NRFQ4744687183200,Active,567.26
REC105720,MCH5847,Andra-Tata,5699,Apparel,Private Limited,Jaipur,Rajasthan,2023-01-02,,Active,693.92
REC105721,MCH4444,Khalsa PLC,5999,Miscellaneous Retail,Partnership,Ludhiana,Punjab,2023-05-25,XXXX2938,Active,2332.61
REC105722,MCH7074,Tripathi-Nayar,4131,Transportation,Individual,Kolkata,West Bengal,2023-09-15,XXXX6196,Inactive,3455.86
REC105723,MCH4556,Bhakta Inc,5942,Books & Stationery,Private Limited,Mumbai,Maharashtra,2026-02-03,,Active,881.89
REC105724,MCH1966,Munshi-Bath,4131,Transportation,Private Limited,Bengaluru,Karnataka,2026-01-27,,Suspended,1858.12
REC105725,MCH6321,Chander Ltd,5999,Miscellaneous Retail,Private Limited,Jaipur,Rajasthan,,,Active,380.1
REC105726,MCH9119,Dyal-Salvi,4814,Telecom,Partnership,Chennai,Tamil Nadu,2023-04-20,,Active,6428.96
REC105727,MCH1509,"Rajan, Dash and Bora",4131,Transportation,Private Limited,Amritsar,Punjab,2025-04-26,,Inactive,806.0
REC105728,MCH7566,Kade-Bhattacharyya,5912,Pharmacy,Individual,Mumbai,Maharashtra,2024-12-11,,Inactive,748.55
REC105729,MCH7795,Maharaj PLC,5812,Restaurant,Sole Proprietor,Amritsar,Punjab,2023-01-14,,Active,1446.0
REC105730,MCH6707,Kari Ltd,5942,Books & Stationery,Sole Proprietor,Bengaluru,Karnataka,2025-06-21,8891593046,Active,1949.47
REC105731,MCH9999,"Konda, Subramanian and Rau",5999,Miscellaneous Retail,Individual,Mumbai,Maharashtra,2024-01-16,,Active,510.0
REC105732,MCH2954,Gour Group,5912,Pharmacy,Partnership,Kolkata,West Bengal,2024-02-13,,Active,1398.0
REC105733,MCH1627,Dua Ltd,5999,Miscellaneous Retail,Private Limited,Lucknow,Uttar Pradesh,2024-07-31,,Active,160.25
REC105734,MCH5505,Korpal Inc,4814,Telecom,Individual,Mumbai,Maharashtra,2025-05-05,,Active,1908.25
REC105735,MCH2588,Datta Inc,5699,Apparel,Private Limited,Jaipur,Rajasthan,2024-09-28,XXXX7714,Active,311.95
REC105736,MCH4187,"Tella, Hayre and Patla",5812,Restaurant,Sole Proprietor,Jaipur,Rajasthan,2023-09-08,,Suspended,2332.84
REC105737,MCH2470,Chadha LLC,5999,Miscellaneous Retail,Individual,Lucknow,Uttar Pradesh,2025-01-28,DYBS8259485877528,Active,144.47
REC105738,MCH9257,Deep-Venkataraman,7011,Hotel/Lodging,Partnership,Amritsar,Punjab,2023-12-17,AYAD9422325940628,Active,705.83
REC105739,MCH3404,"Parekh, Lad and Soman",5311,Department Store,Individual,Mumbai,Maharashtra,2023-02-16,PSMJ2500672647390,Active,
REC105740,MCH6447,"Mody, Dara and Ray",5812,Restaurant,Individual,Kolkata,West Bengal,2023-05-19,XXXX4551,Active,860.24
REC105741,MCH9335,Shenoy Group,5699,Apparel,Partnership,Lucknow,Uttar Pradesh,2024-07-07,,Active,1203.23
REC105742,MCH6974,Ramaswamy Ltd,5311,Department Store,Individual,Delhi,Delhi,2026-01-01,XXXX1883,Active,1499.0
REC105743,MCH8648,Mukhopadhyay PLC,4131,Transportation,Sole Proprietor,Mumbai,Maharashtra,2023-11-21,YHOL6648547123400,Active,1325.0
REC105744,MCH2445,"Vohra, Gill and Saini",5311,Department Store,Individual,Jaipur,Rajasthan,2025-05-01,XXXX4477,Disabled,887.98
REC105745,MCH8934,Kakar Group,5812,Restaurant,Sole Proprietor,Ludhiana,Punjab,,WUVU9130782874849,Active,1507.45
REC105746,MCH7386,Tara PLC,5912,Pharmacy,Private Limited,Hyderabad,Telangana,2025-12-17,,Hold,1062.8
REC105747,MCH9353,"Baral, Raj and Mishra",5411,Grocery Store,Partnership,Bengaluru,Karnataka,2025-03-19,1787550452,Active,
REC105748,MCH1960,Bail-Ch and,5411,Grocery Store,Partnership,Hyderabad,Telangana,2024-08-26,XXXX7716,Active,613.0
REC105749,MCH5067,Mangat-Pant,4814,Telecom,Individual,Pune,Maharashtra,2024-02-27,NOGU4869470784091,Active,1263.65
REC105750,MCH4082,Khurana Inc,5999,Miscellaneous Retail,Private Limited,Delhi,Delhi,2023-06-02,MAKF1380226043660,Inactive,288.7
REC105751,MCH5637,Pandit-Bail,5311,Department Store,Private Limited,Lucknow,Uttar Pradesh,2024-09-15,XXXX5250,Active,905.79
REC105752,MCH5662,Buch PLC,4131,Transportation,Partnership,Delhi,Delhi,2023-01-18,9769098268,Active,2776.96
REC105753,MCH8725,"Shah, Krishna and Borra",5699,Apparel,Sole Proprietor,Lucknow,Uttar Pradesh,2024-02-15,,Active,
REC105754,MCH4374,Venkatesh LLC,7011,Hotel/Lodging,Individual,Jalandhar,Punjab,2025-01-15,,Active,418.37
REC105755,MCH4131,"Goyal, Krishnamurthy and Dewan",4131,Transportation,Individual,Jaipur,Rajasthan,2023-10-24,4282467745,Inactive,319.32
REC105756,MCH4818,Trivedi-Randhawa,5411,Grocery Store,Partnership,Bengaluru,Karnataka,,XXXX9024,Active,1275.92
REC105757,MCH5186,"Iyer, Sarma and Issac",5311,Department Store,Private Limited,Jaipur,Rajasthan,2023-03-27,WHOY9873117052427,Inactive,830.18
REC105758,MCH7509,Narasimhan-Naidu,5699,Apparel,Sole Proprietor,Kolkata,West Bengal,2025-07-29,RUXH2213582281170,Active,1271.23
REC105759,MCH6992,"Srivastava, Sha and Natarajan",5812,Restaurant,Partnership,Amritsar,Punjab,2026-01-21,5921074250,Active,893.0
REC105760,MCH4145,"Dalal, Dass and Vaidya",5942,Books & Stationery,Sole Proprietor,Pune,Maharashtra,2025-09-16,PZMX8375142166938,Suspended,
REC105761,MCH6356,"Pandit, Wagle and Kata",7011,Hotel/Lodging,Private Limited,Amritsar,Punjab,2024-08-03,XXXX6397,Disabled,499.8
REC105762,MCH7540,Buch-Das,5311,Department Store,Sole Proprietor,Hyderabad,Telangana,2025-05-17,ILTI6803944844549,Active,
REC105763,MCH6020,Goda Ltd,5942,Books & Stationery,Sole Proprietor,Lucknow,Uttar Pradesh,2025-01-09,XXXX5529,Active,2555.72
REC105764,MCH8921,"Palla, Kanda and Kohli",5411,Grocery Store,Individual,Jaipur,Rajasthan,2023-04-01,,Inactive,1560.65
REC105765,MCH5770,Kari LLC,5912,Pharmacy,Private Limited,Hyderabad,Telangana,2025-01-29,,Active,573.41
REC105766,MCH8324,Golla-Chaudhuri,7011,Hotel/Lodging,Private Limited,Jalandhar,Punjab,2025-06-04,,Active,
REC105767,MCH5596,Biswas Group,5311,Department Store,Partnership,Bengaluru,Karnataka,2024-12-02,MQQQ6004896266330,Suspended,
REC105768,MCH7832,"Sodhi, Venkataraman and Kohli",5999,Miscellaneous Retail,Individual,Delhi,Delhi,2025-06-02,XXXX9396,Active,4116.49
REC105769,MCH6977,Sathe-Jha,5942,Books & Stationery,Individual,Lucknow,Uttar Pradesh,2023-08-06,XXXX2950,Active,
REC105770,MCH9472,Sankaran-Om,5699,Apparel,Private Limited,Delhi,Delhi,2023-06-03,OYDX9439754020828,Inactive,4710.1
REC105771,MCH5955,Lad-Konda,5411,Grocery Store,Sole Proprietor,Jaipur,Rajasthan,2023-07-26,,Active,1069.21
REC105772,MCH4288,Kashyap-Purohit,5699,Apparel,Private Limited,Jaipur,Rajasthan,2025-10-08,,Active,262.02
REC105773,MCH8579,Om LLC,5311,Department Store,Sole Proprietor,Bengaluru,Karnataka,2024-05-10,IKJV1180612753786,Active,3034.67
REC105774,MCH7685,"Badal, Khurana and Bansal",5311,Department Store,Individual,Jalandhar,Punjab,2025-05-06,XXXX6889,Disabled,
REC105775,MCH5217,"Kapur, Sabharwal and Chaudhuri",5311,Department Store,Sole Proprietor,Lucknow,Uttar Pradesh,2023-03-07,OZSL0162567761883,Inactive,499.03
REC105776,MCH4754,"Chhabra, Setty and Srinivasan",5699,Apparel,Private Limited,Hyderabad,Telangana,2023-12-04,LSCG0121828291549,Inactive,2016.37
REC105777,MCH3778,"Bhagat, Sama and Murthy",4814,Telecom,Individual,Amritsar,Punjab,2026-01-18,ETOX8271252256292,Inactive,2790.66
REC105778,MCH4544,"Som, Deshmukh and Narang",5411,Grocery Store,Partnership,Bengaluru,Karnataka,2023-04-28,,Active,4619.33
REC105779,MCH4642,Jaggi Ltd,5411,Grocery Store,Partnership,Delhi,Delhi,2024-04-16,XXXX5243,Suspended,1180.53
REC105780,MCH5409,Buch Inc,5699,Apparel,Sole Proprietor,Amritsar,Punjab,2023-03-04,VIYX5305249313484,Active,922.0
REC105781,MCH2681,Mahajan and Sons,5699,Apparel,Sole Proprietor,Bengaluru,Karnataka,2023-03-17,XXXX6222,Active,721.36
REC105782,MCH6099,Yadav LLC,4814,Telecom,Partnership,Bengaluru,Karnataka,2025-06-16,7606007756,Active,4726.0
REC105783,MCH5843,Wason and Sons,4814,Telecom,Individual,Hyderabad,Telangana,2023-05-30,,Inactive,1023.46
REC105784,MCH2816,Behl Group,5812,Restaurant,Sole Proprietor,Amritsar,Punjab,2023-02-17,UHYF4970596803050,Closed,5297.33
REC105785,MCH5961,Batra Ltd,5812,Restaurant,Individual,Jalandhar,Punjab,2024-05-24,CHMJ2049480871128,Active,608.0
REC105786,MCH2797,Sandhu-Singh,7011,Hotel/Lodging,Partnership,Bengaluru,Karnataka,2025-05-27,XXXX2336,Active,1083.54
REC105787,MCH7621,Iyer-Mangal,5411,Grocery Store,Sole Proprietor,Jalandhar,Punjab,2023-09-14,9620926226,Active,1096.69
REC105788,MCH2574,Bala and Sons,5699,Apparel,Individual,Delhi,Delhi,,HZFE1194010260924,Suspended,197.23
REC105789,MCH1894,Shenoy-Venkatesh,5699,Apparel,Individual,Delhi,Delhi,2024-09-16,CBAO3449497595676,Active,666.26
REC105790,MCH3265,Rau PLC,5311,Department Store,Partnership,Pune,Maharashtra,2023-07-01,,Active,843.84
REC105791,MCH8967,"Kakar, Mandal and Sehgal",4814,Telecom,Private Limited,Delhi,Delhi,2024-01-26,XXXX8902,Active,
REC105792,MCH9769,Setty-Mistry,5311,Department Store,Partnership,Mumbai,Maharashtra,2023-10-31,,Active,301.79
REC105793,MCH6445,Shere and Sons,5912,Pharmacy,Individual,Ludhiana,Punjab,2025-01-28,,Active,766.0
REC105794,MCH8591,Dutta and Sons,5999,Miscellaneous Retail,Individual,Kolkata,West Bengal,2025-02-02,XXXX4892,Active,2731.17
REC105795,MCH5851,Sani Ltd,5999,Miscellaneous Retail,Partnership,Jaipur,Rajasthan,2023-02-06,5213441540,Active,1306.04
REC105796,MCH8769,Dara-Keer,5912,Pharmacy,Private Limited,Jaipur,Rajasthan,2024-12-29,,Active,637.83
REC105797,MCH8437,"Kurian, Yadav and Sidhu",5812,Restaurant,Partnership,Amritsar,Punjab,2024-09-09,,Active,1382.63
REC105798,MCH8654,Bal-Rastogi,5942,Books & Stationery,Individual,Lucknow,Uttar Pradesh,,OIHN1833579743530,Closed,619.2
REC105799,MCH5829,Mall LLC,5699,Apparel,Sole Proprietor,Chennai,Tamil Nadu,2023-07-12,,Active,
REC105800,MCH3321,Barad-Trivedi,4131,Transportation,Sole Proprietor,Amritsar,Punjab,2025-09-19,,Active,2096.6
REC105801,MCH8091,"Trivedi, Vohra and Dash",5812,Restaurant,Sole Proprietor,Ludhiana,Punjab,2023-03-26,XXXX3774,Active,1507.11
REC105802,MCH6944,Amble-Dugal,4131,Transportation,Individual,Mumbai,Maharashtra,2023-02-22,YQIS3275286791151,Active,1017.42
REC105803,MCH3328,Singh-Comar,5912,Pharmacy,Sole Proprietor,Pune,Maharashtra,2025-12-14,XXXX6840,Active,
REC105804,MCH7272,Kulkarni-Subramanian,4131,Transportation,Sole Proprietor,Bengaluru,Karnataka,2023-12-21,XXXX7890,Closed,376.69
REC105805,MCH9743,Sahota-Krish,5942,Books & Stationery,Private Limited,Ludhiana,Punjab,2023-05-22,,Active,873.78
REC105806,MCH3601,Deshpande-Nigam,4131,Transportation,Partnership,Bengaluru,Karnataka,2024-12-06,7464108463,Active,2765.11
REC105807,MCH7795,"Samra, Venkataraman and Bhatti",4131,Transportation,Private Limited,Amritsar,Punjab,2024-03-08,XXXX1904,Active,723.93
REC105808,MCH9456,Anne Group,5999,Miscellaneous Retail,Sole Proprietor,Chennai,Tamil Nadu,2024-05-16,,Active,896.81
REC105809,MCH4385,Bera-Som,5411,Grocery Store,Private Limited,Jalandhar,Punjab,2023-05-08,XXXX8868,Active,2548.67
REC105810,MCH2604,Sharaf-Kaur,4131,Transportation,Private Limited,Lucknow,Uttar Pradesh,2023-10-30,CYOT7406673710255,Active,1813.01
REC105811,MCH3936,Bath Inc,5411,Grocery Store,Individual,Lucknow,Uttar Pradesh,2023-06-13,,Active,879.38
REC105812,MCH5861,Manne-Chatterjee,5812,Restaurant,Sole Proprietor,Delhi,Delhi,2024-10-28,,Active,174.45
REC105813,MCH5293,Palla-Dhar,4131,Transportation,Private Limited,Bengaluru,Karnataka,2024-12-07,DZXI0061252359392,Suspended,1936.57
REC105814,MCH5809,Buch PLC,4131,Transportation,Individual,Bengaluru,Karnataka,2025-01-22,,Active,461.99
REC105815,MCH9120,Sood Ltd,7011,Hotel/Lodging,Sole Proprietor,Mumbai,Maharashtra,2025-09-24,,Active,680.9
REC105816,MCH7326,"Mandal, Behl and Bhattacharyya",7011,Hotel/Lodging,Sole Proprietor,Chennai,Tamil Nadu,2024-10-26,,Active,1119.05
REC105817,MCH4042,Rout-Maharaj,5999,Miscellaneous Retail,Partnership,Amritsar,Punjab,2024-12-01,LYKH2325135629245,Active,696.23
REC105818,MCH1216,"Agarwal, Dave and Vala",7011,Hotel/Lodging,Sole Proprietor,Chennai,Tamil Nadu,2024-10-18,,Active,2228.42
REC105819,MCH3384,Bala-Dhaliwal,5942,Books & Stationery,Individual,Mumbai,Maharashtra,,,Active,635.55
REC105820,MCH4567,Bhatti Inc,7011,Hotel/Lodging,Partnership,Hyderabad,Telangana,2023-03-29,XXXX2555,Active,1514.65
REC105821,MCH9092,Deshmukh Inc,7011,Hotel/Lodging,Individual,Jalandhar,Punjab,2024-02-11,PJZZ8412701337348,Closed,859.52
REC105822,MCH8622,Choudhry-Krishna,7011,Hotel/Lodging,Partnership,Pune,Maharashtra,2025-03-18,,Active,196.86
REC105823,MCH5618,Mital-Sandhu,5411,Grocery Store,Partnership,Pune,Maharashtra,,4978324715,Active,862.0
REC105824,MCH8945,"Sankar, Swamy and Char",5411,Grocery Store,Sole Proprietor,Kolkata,West Bengal,2026-02-26,XXXX4564,Active,1329.0
REC105825,MCH9662,Basu-Korpal,4814,Telecom,Private Limited,Pune,Maharashtra,2023-09-13,WZTV1265477628451,Active,1152.0
REC105826,MCH9229,Anne-Parikh,5942,Books & Stationery,Private Limited,Jaipur,Rajasthan,2025-10-23,,Disabled,173.81
REC105827,MCH8013,Thakkar-Vohra,5942,Books & Stationery,Sole Proprietor,Bengaluru,Karnataka,2024-08-06,8058369632,Active,
REC105828,MCH2418,Dasgupta-Dhingra,4131,Transportation,Individual,Mumbai,Maharashtra,2023-01-26,YNNK7976103050442,Inactive,665.99
REC105829,MCH2093,Ghosh-Gaba,5999,Miscellaneous Retail,Sole Proprietor,Ludhiana,Punjab,2024-02-05,IJYU8161082317804,Active,2389.0
REC105830,MCH8053,Chhabra Inc,4814,Telecom,Individual,Hyderabad,Telangana,2023-03-29,XXXX7777,Active,1235.44
REC105831,MCH1555,Raj LLC,5942,Books & Stationery,Individual,Pune,Maharashtra,2023-04-23,,Active,602.0
REC105832,MCH7581,"Deshpande, Butala and Jain",5699,Apparel,Private Limited,Lucknow,Uttar Pradesh,2024-08-13,5640516477,Active,
REC105833,MCH7930,"Bhatt, Ganguly and Dhingra",5311,Department Store,Sole Proprietor,Delhi,Delhi,2025-12-16,,Blocked,1892.15
REC105834,MCH2248,Mutti-Manne,5812,Restaurant,Partnership,Ludhiana,Punjab,2023-11-22,,Inactive,1021.0
REC105835,MCH1840,Chahal and Sons,5942,Books & Stationery,Sole Proprietor,Ludhiana,Punjab,2026-02-06,XXXX9616,Active,764.0
REC105836,MCH4495,"Nadig, Gade and Jha",5942,Books & Stationery,Partnership,Hyderabad,Telangana,2024-05-10,,Active,1329.61
REC105837,MCH1405,Chandra Inc,5311,Department Store,Partnership,Ludhiana,Punjab,2026-02-10,4121935460,Inactive,1248.0
REC105838,MCH2033,"Munshi, Sundaram and Bhasin",5699,Apparel,Private Limited,Pune,Maharashtra,2025-09-30,XXXX3680,Active,294.83
REC105839,MCH4529,Wali LLC,5999,Miscellaneous Retail,Sole Proprietor,Delhi,Delhi,2023-02-13,XXXX0169,Hold,468.55
REC105840,MCH3233,"Dada, Pingle and Date",5699,Apparel,Individual,Pune,Maharashtra,2025-11-23,,Disabled,5434.84
REC105841,MCH1573,"Tailor, Som and Soni",4814,Telecom,Partnership,Jalandhar,Punjab,2023-12-11,,Active,540.2
REC105842,MCH8795,Basak-Bhavsar,5942,Books & Stationery,Sole Proprietor,Jaipur,Rajasthan,2024-03-15,XXXX0185,Disabled,243.16
REC105843,MCH3272,Gera Group,5699,Apparel,Sole Proprietor,Chennai,Tamil Nadu,2023-03-04,EMXM6349169987807,Active,2272.01
REC105844,MCH2223,Dhaliwal LLC,4814,Telecom,Individual,Mumbai,Maharashtra,2024-07-14,XXXX3669,Active,543.88
REC105845,MCH8644,More-Loke,4131,Transportation,Individual,Ludhiana,Punjab,2025-07-20,,Active,1294.91
REC105846,MCH7796,"Kari, Sridhar and Johal",5411,Grocery Store,Partnership,Pune,Maharashtra,2024-12-09,5623137802,Active,489.31
REC105847,MCH6666,"Atwal, Sahni and Baral",5311,Department Store,Private Limited,Mumbai,Maharashtra,2025-03-03,,Hold,2735.37
REC105848,MCH2188,"Sundaram, Prakash and Sheth",5699,Apparel,Sole Proprietor,Hyderabad,Telangana,2025-11-02,,Active,
REC105849,MCH1732,"Bal, Loke and Chadha",5411,Grocery Store,Private Limited,Delhi,Delhi,2024-10-24,9581945425,Active,3477.98
REC105850,MCH8492,Narayan Group,4814,Telecom,Individual,Kolkata,West Bengal,,XXXX3928,Disabled,
REC105851,MCH7991,Rastogi PLC,5942,Books & Stationery,Partnership,Mumbai,Maharashtra,,,Active,1076.7
REC105852,MCH1816,Modi-Sinha,5411,Grocery Store,Individual,Hyderabad,Telangana,2023-11-24,XXXX5140,Active,
REC105853,MCH1956,Sodhi PLC,5912,Pharmacy,Individual,Amritsar,Punjab,2025-09-28,TLKU2109519549509,Active,1459.74
REC105854,MCH1343,Narasimhan-Shetty,5999,Miscellaneous Retail,Individual,Kolkata,West Bengal,2023-08-18,LWCS5510064722287,Active,3443.8
REC105855,MCH8674,"Mani, Dutta and Issac",5812,Restaurant,Private Limited,Chennai,Tamil Nadu,2023-05-05,1748773482,Active,
REC105856,MCH4637,Mitter-Pandya,5411,Grocery Store,Individual,Chennai,Tamil Nadu,2023-05-09,XXXX4099,Active,2198.28
REC105857,MCH7833,"Chopra, Baral and Hayre",5942,Books & Stationery,Sole Proprietor,Hyderabad,Telangana,2023-02-10,,Suspended,648.0
REC105858,MCH4767,Prasad Inc,4814,Telecom,Private Limited,Pune,Maharashtra,2023-06-20,,Disabled,789.87
REC105859,MCH9298,Jain Ltd,5942,Books & Stationery,Sole Proprietor,Bengaluru,Karnataka,2024-02-03,XXXX4996,Active,8519.11
REC105860,MCH5268,Nagy-Ravel,5999,Miscellaneous Retail,Sole Proprietor,Kolkata,West Bengal,2025-10-23,AMOJ0905717120034,Blocked,4125.6
REC105861,MCH2786,"Majumdar, Ramachandran and Bava",5699,Apparel,Private Limited,Ludhiana,Punjab,2023-12-17,,Active,1259.46
REC105862,MCH2020,"Gole, Bera and Patla",5912,Pharmacy,Sole Proprietor,Bengaluru,Karnataka,2024-03-31,,Active,
REC105863,MCH6814,Gara-Seth,4814,Telecom,Private Limited,Jaipur,Rajasthan,2024-07-02,2121833537,Active,
REC105864,MCH6143,Baral PLC,5411,Grocery Store,Partnership,Kolkata,West Bengal,2024-12-05,7112045329,Active,1054.97
REC105865,MCH1336,Contractor-Dube,5912,Pharmacy,Partnership,Jalandhar,Punjab,2025-05-26,,Active,885.0
REC105866,MCH9188,Randhawa PLC,4814,Telecom,Partnership,Jalandhar,Punjab,2024-09-11,XXXX7941,Active,
REC105867,MCH9474,"Dutta, Ramesh and Buch",7011,Hotel/Lodging,Sole Proprietor,Hyderabad,Telangana,2024-10-13,,Blocked,290.21
REC105868,MCH4692,"Bhargava, Rajagopal and Karan",7011,Hotel/Lodging,Private Limited,Delhi,Delhi,2024-08-06,6021368633,Active,
REC105869,MCH1756,"Borah, Sura and Kunda",5411,Grocery Store,Private Limited,Jaipur,Rajasthan,2025-10-21,,Active,1371.78
REC105870,MCH2201,"Chandra, Sen and Ray",5812,Restaurant,Private Limited,Bengaluru,Karnataka,2025-11-17,XXXX8373,Active,
REC105871,MCH3391,Dass Inc,4131,Transportation,Partnership,Lucknow,Uttar Pradesh,,XXXX1148,Active,1298.0
REC105872,MCH1100,Swamy Inc,5311,Department Store,Partnership,Ludhiana,Punjab,2024-08-17,9084083237,Inactive,2008.22
REC105873,MCH5445,Ganesan Ltd,5311,Department Store,Partnership,Delhi,Delhi,2025-10-19,BVDS4788304098373,Active,2186.0
REC105874,MCH9276,Trivedi-Kunda,5699,Apparel,Individual,Delhi,Delhi,2025-12-31,XXXX9182,Inactive,2310.01
REC105875,MCH3925,Buch-Zachariah,5999,Miscellaneous Retail,Partnership,Amritsar,Punjab,2025-03-01,BUKN1515786567969,Active,
REC105876,MCH5037,Chadha LLC,5311,Department Store,Private Limited,Jaipur,Rajasthan,2025-05-03,5877889834,Active,
REC105877,MCH2960,Malhotra-Buch,4131,Transportation,Private Limited,Chennai,Tamil Nadu,2023-01-06,XXXX6660,Active,2348.07
REC105878,MCH4497,Padmanabhan Group,5812,Restaurant,Individual,Mumbai,Maharashtra,,,Active,2142.62
REC105879,MCH8844,Bains PLC,5812,Restaurant,Individual,Delhi,Delhi,2023-08-25,,Active,1442.98
REC105880,MCH6225,"Loyal, Mander and Agrawal",5411,Grocery Store,Sole Proprietor,Kolkata,West Bengal,2023-12-17,,Active,859.91
REC105881,MCH2806,"Raman, Aggarwal and Salvi",5999,Miscellaneous Retail,Partnership,Hyderabad,Telangana,2024-10-16,,Active,2271.51
REC105882,MCH2655,"Brahmbhatt, Desai and Sangha",4814,Telecom,Sole Proprietor,Amritsar,Punjab,2026-01-04,4532869649,Inactive,3102.0
REC105883,MCH8953,Sibal Group,5699,Apparel,Partnership,Kolkata,West Bengal,2023-02-28,ZSUM7213589595095,Suspended,1723.81
REC105884,MCH3618,"Narang, Atwal and Merchant",5912,Pharmacy,Sole Proprietor,Mumbai,Maharashtra,2023-07-25,LZII0053942814377,Active,1728.22
REC105885,MCH2896,Jayaraman-Nazareth,5912,Pharmacy,Private Limited,Kolkata,West Bengal,2025-07-30,,Active,1312.79
REC105886,MCH2510,Sathe PLC,5912,Pharmacy,Partnership,Chennai,Tamil Nadu,2024-02-02,XXXX9018,Active,596.36
REC105887,MCH8259,Lall Group,5942,Books & Stationery,Sole Proprietor,Jalandhar,Punjab,2023-04-13,,Active,2667.52
REC105888,MCH1364,Kumar LLC,5942,Books & Stationery,Partnership,Jalandhar,Punjab,2023-04-15,UUOX3735339322838,Active,1017.95
REC105889,MCH1568,Chandran Ltd,7011,Hotel/Lodging,Sole Proprietor,Lucknow,Uttar Pradesh,2024-09-04,,Active,3618.31
REC105890,MCH6950,"Bal, Swaminathan and Desai",5912,Pharmacy,Partnership,Jaipur,Rajasthan,2025-04-10,XXXX4795,Active,1101.05
REC105891,MCH2153,"Dara, Vala and Venkatesh",5699,Apparel,Partnership,Chennai,Tamil Nadu,2023-06-21,,Active,
REC105892,MCH4225,Karnik LLC,5699,Apparel,Individual,Ludhiana,Punjab,2025-02-05,5426893917,Active,537.99
REC105893,MCH3119,Chana-Deshmukh,5311,Department Store,Private Limited,Hyderabad,Telangana,2024-12-02,,Active,4993.0
REC105894,MCH9481,"Seshadri, Hora and Magar",4814,Telecom,Sole Proprietor,Jalandhar,Punjab,2024-02-09,,Active,927.01
REC105895,MCH6738,Bhavsar LLC,5699,Apparel,Individual,Lucknow,Uttar Pradesh,2024-05-29,,Active,
REC105896,MCH1397,Memon LLC,5942,Books & Stationery,Private Limited,Bengaluru,Karnataka,2025-04-18,XXXX0515,Active,1062.38
REC105897,MCH9059,Shroff Ltd,5311,Department Store,Private Limited,Jalandhar,Punjab,2023-07-18,,Active,399.71
REC105898,MCH8329,"Halder, Panchal and Pandit",5999,Miscellaneous Retail,Individual,Lucknow,Uttar Pradesh,2025-07-10,XXXX8898,Active,422.0
REC105899,MCH4086,"Kannan, Varghese and Lalla",5311,Department Store,Private Limited,Mumbai,Maharashtra,2024-12-08,0493830742,Active,1459.96
REC105900,MCH4958,Dara Inc,4814,Telecom,Partnership,Pune,Maharashtra,2025-03-30,XXXX0462,Active,
REC105901,MCH4582,Pai-Shenoy,4814,Telecom,Individual,Pune,Maharashtra,2025-03-18,XXXX2537,Active,1857.0
REC105902,MCH1939,"Lal, Sahni and Chopra",7011,Hotel/Lodging,Private Limited,Ludhiana,Punjab,2026-02-05,XXXX8735,Active,509.0
REC105903,MCH2799,Kadakia-Nayak,5812,Restaurant,Sole Proprietor,Delhi,Delhi,2025-05-04,LDOE2045126421896,Active,
REC105904,MCH9353,Ray-Gaba,5812,Restaurant,Private Limited,Pune,Maharashtra,2023-09-21,4567108215,Active,1357.72
REC105905,MCH3818,Gopal-Khalsa,4814,Telecom,Partnership,Amritsar,Punjab,,,Active,200.35
REC105906,MCH1245,"Kumer, Varghese and Dhawan",5912,Pharmacy,Partnership,Pune,Maharashtra,2023-08-23,,Active,725.32
REC105907,MCH4649,"Mand, Datta and Sanghvi",7011,Hotel/Lodging,Partnership,Ludhiana,Punjab,2024-10-16,,Active,666.8
REC105908,MCH6662,Din-Gour,5999,Miscellaneous Retail,Individual,Pune,Maharashtra,2024-02-26,XXXX2767,Active,3959.93
REC105909,MCH9369,Kara Group,7011,Hotel/Lodging,Sole Proprietor,Kolkata,West Bengal,2024-07-06,,Active,2036.0
REC105910,MCH3178,Ganesan Group,5699,Apparel,Individual,Delhi,Delhi,2025-12-01,,Active,136.0
REC105911,MCH4157,Minhas-Saran,4814,Telecom,Partnership,Mumbai,Maharashtra,2025-11-02,,Active,
REC105912,MCH4458,"Gola, Dixit and Banik",5411,Grocery Store,Sole Proprietor,Amritsar,Punjab,2023-08-25,XXXX8441,Active,991.85
REC105913,MCH8314,Chawla-Mander,4131,Transportation,Partnership,Kolkata,West Bengal,2024-09-07,PBDO0323494203428,Active,93.33
REC105914,MCH8472,Guha-Sandhu,4814,Telecom,Partnership,Amritsar,Punjab,,,Active,1828.57
REC105915,MCH6575,"Nagarajan, Rout and Suri",7011,Hotel/Lodging,Individual,Bengaluru,Karnataka,2025-01-09,,Active,
REC105916,MCH5929,"Natt, Iyengar and Desai",5699,Apparel,Sole Proprietor,Delhi,Delhi,2024-02-21,VDBK0710307689723,Active,1050.02
REC105917,MCH9434,Srinivasan-Savant,5812,Restaurant,Partnership,Chennai,Tamil Nadu,2023-05-01,XXXX0171,Active,
REC105918,MCH6582,Sagar Group,5912,Pharmacy,Partnership,Kolkata,West Bengal,2023-06-09,,Active,1999.0
REC105919,MCH5015,"Pall, Mand and Balakrishnan",5812,Restaurant,Sole Proprietor,Lucknow,Uttar Pradesh,2024-12-23,9471379053,Active,2215.59
REC105920,MCH1706,"Vala, Nagarajan and Saxena",5311,Department Store,Partnership,Mumbai,Maharashtra,2023-08-27,XXXX3189,Disabled,513.27
REC105921,MCH4296,Varty-Varma,5999,Miscellaneous Retail,Private Limited,Amritsar,Punjab,2026-02-24,,Active,
REC105922,MCH7105,Saini PLC,5812,Restaurant,Partnership,Kolkata,West Bengal,2023-09-17,,Active,717.73
REC105923,MCH7105,Mann-Oommen,4814,Telecom,Private Limited,Chennai,Tamil Nadu,2025-11-09,,Active,461.62
REC105924,MCH3069,Magar Inc,5699,Apparel,Individual,Mumbai,Maharashtra,2024-10-18,,Active,5346.85
REC105925,MCH1815,Saha-Varghese,4131,Transportation,Private Limited,Delhi,Delhi,2024-04-22,XXXX3927,Active,846.74
REC105926,MCH8165,"Sandhu, Saran and Dhar",5999,Miscellaneous Retail,Sole Proprietor,Chennai,Tamil Nadu,2023-04-09,XXXX2851,Inactive,1269.15
REC105927,MCH6598,"Banik, Halder and Sabharwal",7011,Hotel/Lodging,Individual,Mumbai,Maharashtra,2025-06-02,XXXX2729,Suspended,230.53
REC105928,MCH5044,Mahajan-Narasimhan,5942,Books & Stationery,Individual,Chennai,Tamil Nadu,2025-09-04,,Active,1148.0
REC105929,MCH1941,Bath-Sunder,4814,Telecom,Sole Proprietor,Jaipur,Rajasthan,2024-05-22,,Suspended,
REC105930,MCH9012,"Badal, Saxena and Banik",5912,Pharmacy,Sole Proprietor,Chennai,Tamil Nadu,2023-04-06,BQEZ6789281493194,Active,275.88
REC105931,MCH9565,Subramanian-Bakshi,4814,Telecom,Private Limited,Hyderabad,Telangana,2025-06-26,XXXX4080,Closed,1964.93
REC105932,MCH8135,Bhakta PLC,5999,Miscellaneous Retail,Private Limited,Amritsar,Punjab,2024-04-09,,Active,857.0
REC105933,MCH5399,Agate-Wali,5999,Miscellaneous Retail,Private Limited,Chennai,Tamil Nadu,2025-12-26,,Active,1379.64
REC105934,MCH9877,"Garde, Sabharwal and Prashad",5942,Books & Stationery,Private Limited,Hyderabad,Telangana,2024-03-02,9136330532,Active,1246.91
REC105935,MCH5292,Shankar-Dhawan,5411,Grocery Store,Individual,Delhi,Delhi,,XXXX7847,Active,
REC105936,MCH2139,"Bali, Mahajan and Oza",5942,Books & Stationery,Sole Proprietor,Bengaluru,Karnataka,2023-02-12,XXXX2161,Active,512.11
REC105937,MCH1032,Manda-Hayer,7011,Hotel/Lodging,Partnership,Amritsar,Punjab,2025-04-20,XXXX4099,Inactive,674.56
REC105938,MCH2224,Nadig-Varma,5812,Restaurant,Private Limited,Chennai,Tamil Nadu,2025-10-29,,Active,2261.0
REC105939,MCH7879,Sawhney-Goda,4814,Telecom,Individual,Jalandhar,Punjab,2023-12-30,,Active,1760.85
REC105940,MCH8835,"Natarajan, Hegde and Varughese",5999,Miscellaneous Retail,Sole Proprietor,Mumbai,Maharashtra,2025-04-08,FGCL8739381455039,Active,523.96
REC105941,MCH9356,Wagle LLC,5411,Grocery Store,Partnership,Delhi,Delhi,2025-09-15,XXXX8552,Active,862.0
REC105942,MCH9502,Vyas-Hayre,5942,Books & Stationery,Sole Proprietor,Mumbai,Maharashtra,2023-03-25,,Active,777.19
REC105943,MCH4009,Batra Inc,5912,Pharmacy,Individual,Bengaluru,Karnataka,2023-02-01,XXXX5230,Inactive,1109.0
REC105944,MCH9082,"Dutt, Behl and Sant",5311,Department Store,Individual,Hyderabad,Telangana,,6486570374,Active,621.31
REC105945,MCH1447,Uppal Ltd,5912,Pharmacy,Partnership,Lucknow,Uttar Pradesh,2026-02-20,,Active,236.04
REC105946,MCH3736,Goyal-Thakur,5411,Grocery Store,Individual,Bengaluru,Karnataka,2023-12-08,,Active,1865.39
REC105947,MCH3520,"Kannan, Bail and Sundaram",5699,Apparel,Sole Proprietor,Ludhiana,Punjab,2024-09-16,XXXX2156,Active,
REC105948,MCH4249,Jhaveri Ltd,5812,Restaurant,Sole Proprietor,Bengaluru,Karnataka,2024-01-04,,Active,6385.99
REC105949,MCH4752,"Chaudhuri, Sampath and Wali",5311,Department Store,Individual,Bengaluru,Karnataka,2024-01-10,0013923003,Active,399.3
REC105950,MCH1779,Char-Karnik,5699,Apparel,Private Limited,Jaipur,Rajasthan,,2529504175,Active,6097.01
REC105951,MCH1314,"Pant, Mammen and Doctor",5699,Apparel,Individual,Jaipur,Rajasthan,2023-11-12,,Active,1045.43
REC105952,MCH6025,Korpal-Mutti,5812,Restaurant,Private Limited,Delhi,Delhi,2024-02-16,,Inactive,3367.31
REC105953,MCH1683,"Sampath, Anne and Madan",5812,Restaurant,Partnership,Chennai,Tamil Nadu,2026-02-14,XXXX9435,Active,2458.98
REC105954,MCH3446,Ganesan-Contractor,5411,Grocery Store,Sole Proprietor,Lucknow,Uttar Pradesh,2026-01-24,7922786735,Inactive,348.14
REC105955,MCH3614,Morar-Sundaram,5812,Restaurant,Individual,Mumbai,Maharashtra,2023-08-09,XXXX5060,Active,1484.85
REC105956,MCH5222,"Char, Warrior and Cherian",5699,Apparel,Partnership,Chennai,Tamil Nadu,2024-03-19,XXXX0689,Inactive,352.83
REC105957,MCH8975,"Shanker, Kothari and Balasubramanian",4814,Telecom,Individual,Mumbai,Maharashtra,2025-10-24,,Active,
REC105958,MCH6023,Datta PLC,5411,Grocery Store,Partnership,Ludhiana,Punjab,2026-01-27,6184043041,Active,2183.74
REC105959,MCH7325,Chatterjee-Manda,5999,Miscellaneous Retail,Individual,Kolkata,West Bengal,2023-01-04,8809607607,Active,1420.0
REC105960,MCH1375,Doctor-Srinivasan,5912,Pharmacy,Private Limited,Chennai,Tamil Nadu,,,Active,300.0
REC105961,MCH3387,Boase Ltd,4814,Telecom,Sole Proprietor,Chennai,Tamil Nadu,2024-10-20,,Active,4926.8
REC105962,MCH2766,Lalla Group,4131,Transportation,Private Limited,Jaipur,Rajasthan,2025-02-06,9008298856,Active,2585.61
REC105963,MCH6824,"Talwar, Ramesh and Hora",5942,Books & Stationery,Sole Proprietor,Bengaluru,Karnataka,2023-09-10,XXXX8796,Active,3249.65
REC105964,MCH9226,"Sandhu, Jha and Randhawa",5699,Apparel,Individual,Pune,Maharashtra,2024-12-03,SCBS7759924913955,Active,5451.11
REC105965,MCH8247,"Pandya, Muni and Hora",4814,Telecom,Partnership,Lucknow,Uttar Pradesh,2024-10-24,ODLV2829878275215,Active,1396.47
REC105966,MCH9428,"Dyal, Varma and Sachdeva",5999,Miscellaneous Retail,Private Limited,Lucknow,Uttar Pradesh,,,Active,1955.23
REC105967,MCH3677,Toor and Sons,5912,Pharmacy,Sole Proprietor,Amritsar,Punjab,2025-03-03,XXXX6857,Active,4703.03
REC105968,MCH3452,"Tandon, Oza and Sharma",5411,Grocery Store,Sole Proprietor,Pune,Maharashtra,2025-04-08,,Closed,
REC105969,MCH9994,"Barad, Lall and Shetty",5942,Books & Stationery,Partnership,Delhi,Delhi,2026-01-13,5940602579,Active,1588.48
REC105970,MCH2839,"Brar, Varughese and Cherian",5411,Grocery Store,Partnership,Pune,Maharashtra,2025-04-21,,Active,614.31
REC105971,MCH5196,Sagar-Kohli,4131,Transportation,Partnership,Delhi,Delhi,2024-02-14,9496058139,Active,3536.0
REC105972,MCH3415,Keer Inc,5812,Restaurant,Sole Proprietor,Chennai,Tamil Nadu,2025-06-05,XXXX8129,Active,
REC105973,MCH7609,"Nagy, Bhat and Chaudhuri",4131,Transportation,Individual,Delhi,Delhi,2024-01-10,XXXX5106,Active,3649.36
REC105974,MCH6360,Sur Ltd,4814,Telecom,Partnership,Pune,Maharashtra,2024-01-13,,Active,2499.76
REC105975,MCH1593,Wali-Murthy,5999,Miscellaneous Retail,Sole Proprietor,Bengaluru,Karnataka,2026-02-23,XXXX7216,Active,15388.22
REC105976,MCH3270,"Chokshi, Dash and Srivastava",4131,Transportation,Partnership,Chennai,Tamil Nadu,2024-10-07,,Active,1910.46
REC105977,MCH7868,Chander-Ramakrishnan,5311,Department Store,Individual,Pune,Maharashtra,2025-09-21,XXXX9717,Active,563.96
REC105978,MCH2142,"Banerjee, Ghose and Parekh",5942,Books & Stationery,Sole Proprietor,Delhi,Delhi,2024-08-23,VSPN0134800422309,Active,
REC105979,MCH4245,Dua Group,4131,Transportation,Partnership,Ludhiana,Punjab,2024-07-25,0504410036,Active,323.1
REC105980,MCH3002,"Dey, Chopra and Vig",5699,Apparel,Individual,Ludhiana,Punjab,2024-10-27,7833308029,Active,761.12
REC105981,MCH5052,Pillay-Bora,5999,Miscellaneous Retail,Partnership,Hyderabad,Telangana,2024-01-04,XXXX9697,Active,1127.0
REC105982,MCH1134,"Shenoy, Gokhale and Soman",5411,Grocery Store,Individual,Delhi,Delhi,2024-12-11,KZYJ5215017385369,Active,284.86
REC105983,MCH2258,Walia Group,5311,Department Store,Sole Proprietor,Jalandhar,Punjab,2025-10-14,XXXX1416,Active,1902.49
REC105984,MCH1308,Subramaniam-Shankar,5912,Pharmacy,Partnership,Bengaluru,Karnataka,2024-12-28,RSHZ2134290298030,Inactive,2112.78
REC105985,MCH1770,Prabhu Inc,5411,Grocery Store,Partnership,Kolkata,West Bengal,2026-02-19,STER3056508036813,Active,1130.22
REC105986,MCH9683,Pillai Inc,5411,Grocery Store,Partnership,Bengaluru,Karnataka,2024-11-28,,Suspended,1862.68
REC105987,MCH3260,Rana and Sons,5311,Department Store,Individual,Amritsar,Punjab,2023-09-23,,Active,4589.68
REC105988,MCH1953,"Banerjee, Maharaj and Rege",7011,Hotel/Lodging,Sole Proprietor,Jalandhar,Punjab,2025-12-14,QMMB6426177933216,Active,1226.94
REC105989,MCH5707,Deol Group,5411,Grocery Store,Partnership,Hyderabad,Telangana,2023-09-19,NRWL7844875974966,Active,666.58
REC105990,MCH3630,Chacko Ltd,5812,Restaurant,Partnership,Mumbai,Maharashtra,2023-06-11,,Inactive,2433.39
REC105991,MCH9471,"Bajaj, Sandal and Barad",5912,Pharmacy,Sole Proprietor,Mumbai,Maharashtra,2025-05-23,XXXX5365,Active,
REC105992,MCH6570,Venkataraman Ltd,5912,Pharmacy,Private Limited,Delhi,Delhi,2024-01-23,,Active,332.15
REC105993,MCH4284,Tandon Inc,5999,Miscellaneous Retail,Partnership,Kolkata,West Bengal,2024-09-16,,Suspended,
REC105994,MCH2593,Gour Inc,5999,Miscellaneous Retail,Sole Proprietor,Jalandhar,Punjab,2025-10-20,4362658883,Active,1307.82
REC105995,MCH6028,"Devan, Saha and Nagar",7011,Hotel/Lodging,Partnership,Jalandhar,Punjab,2023-05-02,XXXX4040,Active,2112.02
REC105996,MCH9638,"Dara, Badami and Sen",5699,Apparel,Sole Proprietor,Lucknow,Uttar Pradesh,2026-01-22,,Active,3649.35
REC105997,MCH9802,Contractor-Keer,5699,Apparel,Individual,Delhi,Delhi,2024-04-08,6197117381,Active,1430.48
REC105998,MCH4503,"Varghese, Hora and Narayanan",7011,Hotel/Lodging,Sole Proprietor,Ludhiana,Punjab,,,Active,1258.0
REC105999,MCH3842,"Walia, Khatri and Dey",4131,Transportation,Individual,Ludhiana,Punjab,2023-05-20,,Inactive,
REC106000,MCH8615,An and Inc,5699,Apparel,Partnership,Chennai,Tamil Nadu,2024-11-02,NYLA3280465068444,Disabled,1493.0
REC106001,MCH2744,"Divan, Narang and Jhaveri",5912,Pharmacy,Partnership,Lucknow,Uttar Pradesh,2025-11-04,2199444279,Suspended,734.64
REC106002,MCH7096,Saxena-Kara,5942,Books & Stationery,Partnership,Jaipur,Rajasthan,2025-01-25,,Active,1167.73
REC106003,MCH4209,Garg-Goel,5812,Restaurant,Partnership,Amritsar,Punjab,2025-08-02,VSHI3966663578716,Active,1244.58
REC106004,MCH3107,Kapoor Inc,5912,Pharmacy,Partnership,Pune,Maharashtra,2023-10-28,7807494643,Active,
REC106005,MCH5384,Sibal Inc,5411,Grocery Store,Private Limited,Jaipur,Rajasthan,,,Active,951.53
REC106006,MCH6372,"Memon, Master and Oak",5311,Department Store,Partnership,Amritsar,Punjab,2024-02-16,,Active,
REC106007,MCH9609,Bhatti Inc,5411,Grocery Store,Individual,Hyderabad,Telangana,2026-01-29,BTIY5631851884644,Suspended,1792.34
REC106008,MCH8628,"Char, Sastry and Sane",4131,Transportation,Individual,Pune,Maharashtra,2023-08-18,KLDA6853429090498,Active,1108.74
REC106009,MCH2598,"Dutta, Ramanathan and Date",7011,Hotel/Lodging,Sole Proprietor,Delhi,Delhi,2024-04-02,XXXX9756,Active,168.75
REC106010,MCH7448,Mittal Inc,4814,Telecom,Private Limited,Hyderabad,Telangana,2024-12-07,9231182109,Closed,760.79
REC106011,MCH6391,"Saxena, Sarma and Menon",5411,Grocery Store,Individual,Hyderabad,Telangana,2023-05-31,,Active,337.0
REC106012,MCH3686,Prasad Inc,5812,Restaurant,Sole Proprietor,Mumbai,Maharashtra,2024-09-04,GHWB3739951927219,Active,1179.14
REC106013,MCH1926,Bhattacharyya-Om,5311,Department Store,Individual,Mumbai,Maharashtra,2025-06-16,3013938494,Active,2425.42
REC106014,MCH5416,Yadav LLC,4131,Transportation,Private Limited,Jalandhar,Punjab,,,Active,898.37
REC106015,MCH8417,Bhalla-Batta,5311,Department Store,Partnership,Bengaluru,Karnataka,2025-07-07,,Active,544.37
REC106016,MCH2994,Ratta Group,4131,Transportation,Partnership,Ludhiana,Punjab,2023-11-14,GYYN8574685496959,Active,2132.38
REC106017,MCH2344,"Purohit, Rege and Patil",5699,Apparel,Private Limited,Jaipur,Rajasthan,,,Active,
REC106018,MCH9623,Subramanian LLC,5912,Pharmacy,Individual,Hyderabad,Telangana,2025-06-07,XXXX2659,Active,1226.76
REC106019,MCH7804,Choudhry and Sons,5942,Books & Stationery,Sole Proprietor,Ludhiana,Punjab,2024-02-04,XXXX6038,Active,586.0
REC106020,MCH3935,Natarajan-Karnik,4814,Telecom,Sole Proprietor,Delhi,Delhi,2025-04-23,,Active,461.4
REC106021,MCH1353,Lata LLC,5999,Miscellaneous Retail,Individual,Kolkata,West Bengal,,,Suspended,1213.36
REC106022,MCH6514,Lalla-Palan,5812,Restaurant,Individual,Kolkata,West Bengal,2025-03-26,XXXX0164,Active,
REC106023,MCH6379,Chana-Mahajan,5942,Books & Stationery,Private Limited,Bengaluru,Karnataka,2025-08-08,XXXX7525,Active,2923.98
REC106024,MCH9587,Krishnamurthy-Contractor,4814,Telecom,Sole Proprietor,Kolkata,West Bengal,2024-12-09,XXXX7878,Active,211.86
REC106025,MCH5133,Sawhney Group,5411,Grocery Store,Individual,Hyderabad,Telangana,2024-12-10,0959364769,Active,1388.77
REC106026,MCH5038,"Din, Som and Bahl",5912,Pharmacy,Partnership,Lucknow,Uttar Pradesh,2024-10-20,DJBJ3245727756471,Active,1056.12
REC106027,MCH4158,Sastry Inc,5942,Books & Stationery,Partnership,Delhi,Delhi,2024-08-15,DAYK8556309990572,Disabled,480.93
REC106028,MCH7885,Sura LLC,5699,Apparel,Partnership,Lucknow,Uttar Pradesh,2025-04-15,XXXX8127,Active,2999.12
REC106029,MCH8475,"Karpe, Iyer and Gole",5942,Books & Stationery,Private Limited,Bengaluru,Karnataka,2025-04-20,,Active,2426.04
REC106030,MCH7297,Kala-Sibal,5311,Department Store,Partnership,Chennai,Tamil Nadu,2024-09-02,UMLP7890709268939,Active,2004.49
REC106031,MCH6731,Wagle-Pau,5812,Restaurant,Private Limited,Amritsar,Punjab,2025-09-26,,Active,2980.89
REC106032,MCH6131,"Dhar, Dada and Bakshi",5699,Apparel,Partnership,Bengaluru,Karnataka,2024-03-10,4600930161,Inactive,1921.0
REC106033,MCH5226,Tiwari-Pau,5999,Miscellaneous Retail,Individual,Lucknow,Uttar Pradesh,2023-12-24,6912933947,Active,271.33
REC106034,MCH2074,"Kaur, Minhas and Ramakrishnan",5411,Grocery Store,Sole Proprietor,Hyderabad,Telangana,2023-02-08,4592290564,Active,5123.0
REC106035,MCH8767,Golla Group,5699,Apparel,Sole Proprietor,Hyderabad,Telangana,2023-11-05,,Active,397.99
REC106036,MCH2510,Kakar Group,5411,Grocery Store,Sole Proprietor,Hyderabad,Telangana,2024-03-29,XXXX3606,Active,744.85
REC106037,MCH8565,"Mammen, Modi and Sankar",5812,Restaurant,Sole Proprietor,Jaipur,Rajasthan,2024-07-27,,Active,609.89
REC106038,MCH8003,Tank Ltd,5311,Department Store,Sole Proprietor,Hyderabad,Telangana,2023-12-14,RVNR6882512785280,Active,614.4
REC106039,MCH5629,Dixit LLC,5311,Department Store,Private Limited,Amritsar,Punjab,2023-09-16,OIIO2318495567735,Active,1084.28
REC106040,MCH7379,Tella-Mahal,5699,Apparel,Partnership,Jaipur,Rajasthan,2024-03-06,OFAG5218783703549,Active,
REC106041,MCH6861,Venkataraman Ltd,5999,Miscellaneous Retail,Private Limited,Mumbai,Maharashtra,2023-07-24,2685186379,Active,810.0
REC106042,MCH1202,Koshy-Borde,5311,Department Store,Partnership,Ludhiana,Punjab,2023-04-27,QMOB6262370066772,Active,1998.99
REC106043,MCH9110,Barad LLC,7011,Hotel/Lodging,Individual,Lucknow,Uttar Pradesh,2024-08-01,XXXX8331,Inactive,1477.89
REC106044,MCH6593,"Bajaj, Khalsa and Wable",5699,Apparel,Partnership,Mumbai,Maharashtra,2024-10-27,XXXX6331,Active,
REC106045,MCH7156,"Sathe, Patla and Tailor",5311,Department Store,Individual,Jaipur,Rajasthan,2023-04-07,3942092126,Active,2168.89
REC106046,MCH6585,Bansal Ltd,5411,Grocery Store,Private Limited,Mumbai,Maharashtra,2025-01-25,WOEP4190245385925,Inactive,729.86
REC106047,MCH4073,Gopal PLC,5812,Restaurant,Individual,Jaipur,Rajasthan,2024-12-27,XXXX0031,Active,
REC106048,MCH4112,Sodhi-Desai,5311,Department Store,Sole Proprietor,Hyderabad,Telangana,2023-06-06,,Inactive,3193.0
REC106049,MCH7932,Kaur-De,5411,Grocery Store,Sole Proprietor,Delhi,Delhi,2024-06-20,EEPU7483825861961,Active,883.0
REC106050,MCH6889,Vala PLC,5311,Department Store,Sole Proprietor,Ludhiana,Punjab,2024-07-03,XXXX2033,Active,2028.13
REC106051,MCH3254,Maharaj-Sharaf,5942,Books & Stationery,Partnership,Amritsar,Punjab,2024-03-12,7494346991,Active,958.41
REC106052,MCH4859,Vasa-Raju,5812,Restaurant,Sole Proprietor,Hyderabad,Telangana,2025-03-17,XXXX9523,Suspended,214.0
REC106053,MCH6935,"Sagar, Badal and Jha",5912,Pharmacy,Private Limited,Delhi,Delhi,2025-11-06,,Active,319.7
REC106054,MCH1829,Ramaswamy Group,4131,Transportation,Sole Proprietor,Kolkata,West Bengal,2024-03-15,,Active,2351.23
REC106055,MCH2725,"Sridhar, Jayaraman and Rajagopalan",7011,Hotel/Lodging,Private Limited,Lucknow,Uttar Pradesh,,5996031822,Suspended,1550.81
REC106056,MCH3285,"Prasad, Luthra and Suri",5311,Department Store,Partnership,Bengaluru,Karnataka,2023-02-22,3068852550,Active,669.58
REC106057,MCH5009,Arora-Wagle,5699,Apparel,Individual,Hyderabad,Telangana,2024-11-06,XXXX1307,Inactive,1125.91
REC106058,MCH1033,Virk PLC,7011,Hotel/Lodging,Individual,Amritsar,Punjab,2023-07-08,XXXX6158,Closed,
REC106059,MCH1128,Srinivasan Group,5411,Grocery Store,Private Limited,Chennai,Tamil Nadu,2024-04-19,,Active,
REC106060,MCH1587,Srivastava-Saha,5912,Pharmacy,Private Limited,Kolkata,West Bengal,,XXXX9260,Active,1502.0
REC106061,MCH9914,"Parmar, Sekhon and Kakar",4131,Transportation,Private Limited,Amritsar,Punjab,2025-12-15,1204552607,Active,1356.48
REC106062,MCH9548,Sur PLC,5912,Pharmacy,Sole Proprietor,Bengaluru,Karnataka,2024-08-14,,Active,
REC106063,MCH7146,Bali PLC,4814,Telecom,Private Limited,Hyderabad,Telangana,2025-02-14,6264736894,Active,8255.11
REC106064,MCH6338,Dutta PLC,5311,Department Store,Individual,Kolkata,West Bengal,2024-06-29,,Active,1835.5
REC106065,MCH3780,"Dass, Bath and Halder",5311,Department Store,Sole Proprietor,Chennai,Tamil Nadu,2024-02-11,,Active,2876.39
REC106066,MCH1965,Chawla-Sawhney,4814,Telecom,Individual,Bengaluru,Karnataka,2025-08-21,,Active,4592.95
REC106067,MCH9955,Nori-Nazareth,5699,Apparel,Sole Proprietor,Delhi,Delhi,2024-05-22,,Hold,673.27
REC106068,MCH1200,Vora and Sons,5699,Apparel,Private Limited,Pune,Maharashtra,2023-02-08,MQRX2052089170910,Active,1072.0
REC106069,MCH6543,Goswami-Ray,5699,Apparel,Partnership,Chennai,Tamil Nadu,2025-04-04,XXXX9238,Active,2501.19
REC106070,MCH1115,Nadkarni LLC,4131,Transportation,Partnership,Jalandhar,Punjab,,,Active,6943.0
REC106071,MCH9853,Dhar-Raval,5912,Pharmacy,Sole Proprietor,Kolkata,West Bengal,,,Active,795.17
REC106072,MCH9942,Choudhry-Shenoy,4814,Telecom,Partnership,Amritsar,Punjab,2024-09-08,JYCX6599095859245,Active,1359.79
REC106073,MCH4353,"Sha, Thaman and Bhasin",5699,Apparel,Partnership,Lucknow,Uttar Pradesh,2024-05-02,XXXX4052,Closed,
REC106074,MCH3675,Soman LLC,5999,Miscellaneous Retail,Individual,Hyderabad,Telangana,2026-02-13,,Disabled,223.0
REC106075,MCH8054,"Kant, Gara and Grewal",4131,Transportation,Sole Proprietor,Chennai,Tamil Nadu,2024-12-12,RGWT7200559316561,Active,
REC106076,MCH9757,Venkataraman-Vig,5311,Department Store,Sole Proprietor,Amritsar,Punjab,2025-03-26,,Active,
REC106077,MCH7919,Majumdar-Chandran,4131,Transportation,Partnership,Jaipur,Rajasthan,2025-12-09,ZYZN0297509951145,Active,4626.02
REC106078,MCH9145,"Naik, Bhargava and Cherian",5912,Pharmacy,Partnership,Lucknow,Uttar Pradesh,2024-06-13,EJTD8248302454682,Active,1754.6
REC106079,MCH3111,Cherian-Goswami,4814,Telecom,Private Limited,Bengaluru,Karnataka,,,Active,1311.29
REC106080,MCH1973,Pau-Hora,5311,Department Store,Individual,Amritsar,Punjab,2023-02-23,,Active,1264.21
REC106081,MCH9755,Anand Inc,5311,Department Store,Private Limited,Lucknow,Uttar Pradesh,2024-10-09,EWFI4945547358021,Active,2048.19
REC106082,MCH9050,"Oza, Shukla and Chandra",7011,Hotel/Lodging,Individual,Jalandhar,Punjab,2024-05-12,XXXX1789,Active,2974.94
REC106083,MCH3563,Shan Inc,5912,Pharmacy,Sole Proprietor,Bengaluru,Karnataka,2024-04-01,XXXX8095,Active,335.55
REC106084,MCH2392,Shetty and Sons,5411,Grocery Store,Individual,Amritsar,Punjab,2025-12-18,XXXX1862,Active,655.01
REC106085,MCH9565,"Dhar, Shukla and Chaudhary",5942,Books & Stationery,Individual,Chennai,Tamil Nadu,2025-08-22,6503799014,Active,2205.09
REC106086,MCH1153,"Johal, Suri and Rama",5999,Miscellaneous Retail,Sole Proprietor,Kolkata,West Bengal,2023-05-08,XXXX9937,Active,153.84
REC106087,MCH9483,"Yohannan, Ghose and Pal",5699,Apparel,Partnership,Hyderabad,Telangana,2023-03-21,,Active,4425.5
REC106088,MCH5665,"Parikh, Ray and Lall",5942,Books & Stationery,Partnership,Jaipur,Rajasthan,2023-09-12,XXXX1393,Active,1428.0
REC106089,MCH1233,"Upadhyay, Lall and Kala",5942,Books & Stationery,Private Limited,Pune,Maharashtra,2024-07-19,,Active,
REC106090,MCH4331,"Wali, Buch and Nagi",5699,Apparel,Sole Proprietor,Amritsar,Punjab,2025-07-31,5107486763,Inactive,1154.33
REC106091,MCH3061,Krishnamurthy-Tandon,4131,Transportation,Partnership,Pune,Maharashtra,2024-07-26,,Active,431.86
REC106092,MCH9935,Sahni-Barad,5999,Miscellaneous Retail,Partnership,Delhi,Delhi,2023-06-12,,Active,1444.0
REC106093,MCH4342,Som PLC,4814,Telecom,Private Limited,Jaipur,Rajasthan,2025-11-08,,Inactive,337.31
REC106094,MCH1786,"Tank, Nadkarni and Srinivasan",4131,Transportation,Private Limited,Amritsar,Punjab,2024-03-15,DQUX6492697797570,Active,353.77
REC106095,MCH4115,"Bandi, Rau and Hayre",4131,Transportation,Sole Proprietor,Jaipur,Rajasthan,2025-05-03,YBME5428003718558,Suspended,748.37
REC106096,MCH8864,Lala-Ben,5912,Pharmacy,Individual,Ludhiana,Punjab,2025-12-28,,Active,869.2
REC106097,MCH8007,Hans Group,4131,Transportation,Sole Proprietor,Chennai,Tamil Nadu,2023-11-09,2894393423,Suspended,2825.02
REC106098,MCH1480,Bala-Magar,5999,Miscellaneous Retail,Individual,Hyderabad,Telangana,,,Active,
REC106099,MCH2674,Rajagopalan Inc,5912,Pharmacy,Partnership,Amritsar,Punjab,2023-03-08,,Active,1499.0
REC106100,MCH9094,"Yadav, Zacharia and Dutt",5912,Pharmacy,Sole Proprietor,Ludhiana,Punjab,2023-09-24,2133770313,Suspended,1081.32
REC106101,MCH9423,Apte Group,7011,Hotel/Lodging,Sole Proprietor,Chennai,Tamil Nadu,2025-10-24,HHBU3998361677128,Active,3132.43
REC106102,MCH9165,Batta PLC,4131,Transportation,Private Limited,Chennai,Tamil Nadu,2023-11-06,8743490607,Suspended,
REC106103,MCH6930,Dave and Sons,5699,Apparel,Private Limited,Delhi,Delhi,2025-01-17,3789755588,Active,
REC106104,MCH8616,Ratti-Jha,5699,Apparel,Sole Proprietor,Pune,Maharashtra,2025-05-30,,Active,
REC106105,MCH2470,Mutti-Bawa,5912,Pharmacy,Individual,Jalandhar,Punjab,2025-12-13,XXXX5194,Suspended,444.91
REC106106,MCH2710,"Sami, Sibal and Sabharwal",4814,Telecom,Sole Proprietor,Ludhiana,Punjab,2024-02-08,AKLL1339623695675,Active,1319.1
REC106107,MCH3722,Jhaveri Ltd,5912,Pharmacy,Private Limited,Ludhiana,Punjab,2024-06-29,6603889131,Active,4309.0
REC106108,MCH4382,Modi-Sengupta,5912,Pharmacy,Individual,Mumbai,Maharashtra,2025-02-15,9182714411,Active,650.1
REC106109,MCH7191,Bhargava Ltd,5942,Books & Stationery,Sole Proprietor,Hyderabad,Telangana,2023-07-26,XXXX5061,Closed,528.97
REC106110,MCH6101,Dora-Bajwa,5912,Pharmacy,Private Limited,Pune,Maharashtra,2025-07-28,2854493333,Active,3328.35
REC106111,MCH6511,"Doctor, Sur and Badal",5411,Grocery Store,Sole Proprietor,Pune,Maharashtra,2024-07-27,XXXX9778,Active,778.51
REC106112,MCH2903,Swamy-Parsa,5699,Apparel,Individual,Mumbai,Maharashtra,2023-04-14,,Closed,1218.16
REC106113,MCH1443,Swamy PLC,5999,Miscellaneous Retail,Private Limited,Lucknow,Uttar Pradesh,2023-06-10,,Closed,209.63
REC106114,MCH8703,Mody Group,5999,Miscellaneous Retail,Partnership,Hyderabad,Telangana,2023-04-09,XXXX1194,Suspended,2908.51
REC106115,MCH8574,Vohra Group,5912,Pharmacy,Individual,Jaipur,Rajasthan,2026-02-04,NSHE9263060444640,Closed,
REC106116,MCH4096,Raman Inc,5699,Apparel,Private Limited,Chennai,Tamil Nadu,,6736501272,Active,2014.0
REC106117,MCH2060,Grover-Dugar,7011,Hotel/Lodging,Individual,Chennai,Tamil Nadu,2025-10-02,DZGT5983407724510,Active,540.0
REC106118,MCH9190,"Dugar, Babu and Bala",5812,Restaurant,Individual,Chennai,Tamil Nadu,2025-01-24,,Active,471.43
REC106119,MCH5441,Sur Group,5411,Grocery Store,Private Limited,Ludhiana,Punjab,2023-02-08,UQUC6317470493069,Active,1094.34
REC106120,MCH8119,Subramanian and Sons,4131,Transportation,Sole Proprietor,Amritsar,Punjab,2023-06-14,,Active,1285.93
REC106121,MCH1144,Morar-Rattan,5699,Apparel,Sole Proprietor,Jaipur,Rajasthan,2025-01-20,,Active,1182.28
REC106122,MCH4428,Raja-Kapadia,5942,Books & Stationery,Private Limited,Pune,Maharashtra,2023-01-21,4361145093,Active,3396.0
REC106123,MCH8209,"Cheema, Bansal and Comar",5699,Apparel,Sole Proprietor,Ludhiana,Punjab,2023-12-27,WBQV3675439647595,Active,6788.0
REC106124,MCH6555,Tata-Bajwa,5311,Department Store,Partnership,Lucknow,Uttar Pradesh,2023-12-24,,Hold,3890.0
REC106125,MCH8456,Srinivasan and Sons,5411,Grocery Store,Individual,Jalandhar,Punjab,2023-03-04,XXXX9275,Active,3454.0
REC106126,MCH4656,Purohit-Sinha,4131,Transportation,Sole Proprietor,Lucknow,Uttar Pradesh,,9508093837,Active,1533.86
REC106127,MCH7236,Bhasin LLC,5699,Apparel,Partnership,Jalandhar,Punjab,2025-01-31,XXXX8980,Active,1228.0
REC106128,MCH6554,Vora LLC,7011,Hotel/Lodging,Individual,Bengaluru,Karnataka,2024-10-06,,Inactive,3625.66
REC106129,MCH9032,Johal-Vaidya,5311,Department Store,Partnership,Mumbai,Maharashtra,2023-06-07,,Active,821.89
REC106130,MCH2671,Mohanty-Chakrabarti,5999,Miscellaneous Retail,Partnership,Jalandhar,Punjab,2023-05-08,,Active,1187.55
REC106131,MCH6331,"Varughese, Sandhu and Issac",5942,Books & Stationery,Individual,Hyderabad,Telangana,2025-09-01,,Active,868.0
REC106132,MCH2126,Golla and Sons,5311,Department Store,Partnership,Hyderabad,Telangana,2024-04-15,VOOP9800619907319,Active,342.0
REC106133,MCH1391,"Kale, Shroff and Barad",7011,Hotel/Lodging,Individual,Kolkata,West Bengal,2025-10-31,,Blocked,2757.0
REC106134,MCH4303,"Dhingra, Khurana and Zachariah",4814,Telecom,Partnership,Mumbai,Maharashtra,2023-08-25,,Active,2476.0
REC106135,MCH9881,Kalla-Tara,5411,Grocery Store,Private Limited,Delhi,Delhi,2025-04-10,,Active,1174.86
REC106136,MCH7384,Ahuja Group,5311,Department Store,Individual,Delhi,Delhi,2023-05-18,XXXX3860,Active,1058.0
REC106137,MCH4593,Dube-Ravel,7011,Hotel/Lodging,Partnership,Hyderabad,Telangana,2025-08-30,,Active,1285.0
REC106138,MCH5656,Narayanan Group,4814,Telecom,Partnership,Lucknow,Uttar Pradesh,2023-11-12,SICD4237260629825,Active,509.12
REC106139,MCH2297,Mutti and Sons,5942,Books & Stationery,Partnership,Ludhiana,Punjab,2026-01-15,,Active,1134.74
REC106140,MCH9319,Cherian and Sons,5699,Apparel,Individual,Jaipur,Rajasthan,2025-03-07,XXXX4972,Active,1697.03
REC106141,MCH9442,Issac-Batra,7011,Hotel/Lodging,Partnership,Delhi,Delhi,2025-08-12,,Active,1049.17
REC106142,MCH5622,"Biswas, Shetty and Nazareth",5912,Pharmacy,Partnership,Lucknow,Uttar Pradesh,2025-11-13,,Active,1250.67
REC106143,MCH2037,"Kaul, Peri and Viswanathan",5311,Department Store,Private Limited,Kolkata,West Bengal,2023-09-23,,Active,1457.35
REC106144,MCH1878,Narula Group,7011,Hotel/Lodging,Private Limited,Delhi,Delhi,2025-02-26,XXXX5015,Active,
REC106145,MCH2588,"Kala, Mahajan and Kumar",5912,Pharmacy,Individual,Jalandhar,Punjab,2023-08-15,,Active,641.02
REC106146,MCH6397,Tella-Lad,5912,Pharmacy,Private Limited,Lucknow,Uttar Pradesh,2025-10-10,,Active,872.0
REC106147,MCH7001,Das LLC,4814,Telecom,Private Limited,Kolkata,West Bengal,2025-09-02,,Active,3255.38
REC106148,MCH4263,Kari and Sons,4814,Telecom,Private Limited,Kolkata,West Bengal,2023-11-27,,Active,
REC106149,MCH1089,Randhawa-Barad,5942,Books & Stationery,Individual,Jalandhar,Punjab,2025-06-12,,Active,8714.78
REC106150,MCH6167,"Chawla, Andra and Varty",4814,Telecom,Partnership,Hyderabad,Telangana,2023-05-08,6258351219,Active,2407.62
REC106151,MCH7192,Nanda and Sons,7011,Hotel/Lodging,Private Limited,Bengaluru,Karnataka,2025-02-01,4205108918,Active,650.92
REC106152,MCH6422,Dayal-Kapur,7011,Hotel/Lodging,Individual,Lucknow,Uttar Pradesh,2023-11-17,XXXX3524,Inactive,869.0
REC106153,MCH2279,Sarma Inc,5912,Pharmacy,Private Limited,Mumbai,Maharashtra,2024-07-29,CIPY5229888115398,Active,2197.82
REC106154,MCH3911,Bera-Pingle,5912,Pharmacy,Private Limited,Hyderabad,Telangana,2023-09-13,,Closed,1548.45
REC106155,MCH2107,"Wali, Srinivas and Vyas",5912,Pharmacy,Private Limited,Chennai,Tamil Nadu,2023-08-29,KNZL1450578164711,Active,679.27
REC106156,MCH8445,Chand Inc,5999,Miscellaneous Retail,Partnership,Jaipur,Rajasthan,2025-12-27,,Active,2873.41
REC106157,MCH3094,Bali Inc,4814,Telecom,Sole Proprietor,Jalandhar,Punjab,,REUR1699185299963,Active,
REC106158,MCH9117,"Kale, Kohli and Chhabra",5942,Books & Stationery,Sole Proprietor,Jalandhar,Punjab,,,Hold,206.51
REC106159,MCH7343,Dixit Ltd,5912,Pharmacy,Partnership,Jaipur,Rajasthan,,XXXX6255,Active,3142.0
REC106160,MCH6377,Balasubramanian LLC,5912,Pharmacy,Individual,Mumbai,Maharashtra,2025-12-06,LULW1753905866525,Active,1259.93
REC106161,MCH9580,"Murthy, Virk and Lad",5311,Department Store,Partnership,Ludhiana,Punjab,2025-09-20,,Active,1520.62
REC106162,MCH5205,"Yogi, Minhas and Goda",5311,Department Store,Partnership,Ludhiana,Punjab,2025-06-01,,Inactive,455.0
REC106163,MCH8416,Khalsa-Prashad,5411,Grocery Store,Private Limited,Delhi,Delhi,2023-12-02,8760894033,Active,478.64
REC106164,MCH5245,Aggarwal Inc,5411,Grocery Store,Sole Proprietor,Kolkata,West Bengal,2024-07-15,,Active,
REC106165,MCH6451,Cheema Ltd,4814,Telecom,Partnership,Mumbai,Maharashtra,,,Active,
REC106166,MCH5611,Walia-Lad,7011,Hotel/Lodging,Partnership,Lucknow,Uttar Pradesh,2025-07-01,XXXX6019,Active,269.25
REC106167,MCH9627,Randhawa Group,7011,Hotel/Lodging,Private Limited,Chennai,Tamil Nadu,2023-08-31,,Active,
REC106168,MCH9246,"Krishna, Wable and Kanda",4814,Telecom,Sole Proprietor,Pune,Maharashtra,2023-03-01,XXXX5813,Active,859.77
REC106169,MCH2398,"Nagarajan, Radhakrishnan and Amble",5311,Department Store,Individual,Kolkata,West Bengal,2023-08-10,UTUF0431950842048,Active,3317.39
REC106170,MCH8036,"Sarma, Madan and Pandey",5912,Pharmacy,Partnership,Mumbai,Maharashtra,2025-07-12,,Active,2055.77
REC106171,MCH5678,Bhat-Borra,5912,Pharmacy,Private Limited,Amritsar,Punjab,2024-06-08,5991796313,Active,677.93
REC106172,MCH3607,Vala-Dora,5812,Restaurant,Individual,Ludhiana,Punjab,2024-11-09,,Active,1953.09
REC106173,MCH3232,Shroff-Bobal,5812,Restaurant,Partnership,Kolkata,West Bengal,2024-04-26,,Active,613.79
REC106174,MCH5835,"Kanda, Saraf and Prashad",5699,Apparel,Sole Proprietor,Jalandhar,Punjab,2023-03-06,,Active,622.64
REC106175,MCH7810,Bora-Chawla,5942,Books & Stationery,Individual,Amritsar,Punjab,2023-04-11,WADW8907156741077,Active,631.58
REC106176,MCH5204,Gokhale Ltd,5411,Grocery Store,Sole Proprietor,Hyderabad,Telangana,,IWXN3869048789492,Active,955.33
REC106177,MCH8941,Mutti-Sharaf,7011,Hotel/Lodging,Sole Proprietor,Bengaluru,Karnataka,2025-01-26,,Active,153.27
REC106178,MCH4947,"Dada, Shroff and Lall",5699,Apparel,Individual,Hyderabad,Telangana,2023-03-17,,Active,1747.23
REC106179,MCH1944,Srinivas-Singh,7011,Hotel/Lodging,Individual,Mumbai,Maharashtra,2025-08-27,SBWS9188089804745,Active,1161.95
REC106180,MCH6866,Shroff PLC,5912,Pharmacy,Partnership,Ludhiana,Punjab,2023-01-16,4290543649,Active,1819.8
REC106181,MCH2971,"Garg, Merchant and Kuruvilla",5699,Apparel,Individual,Ludhiana,Punjab,2024-08-28,,Active,
REC106182,MCH9263,"Chatterjee, An and and Mani",5999,Miscellaneous Retail,Partnership,Kolkata,West Bengal,2024-05-05,,Active,628.47
REC106183,MCH3061,Bansal Inc,5311,Department Store,Private Limited,Chennai,Tamil Nadu,2024-09-02,XXXX4596,Active,2114.75
REC106184,MCH6524,Chaudry-Lall,7011,Hotel/Lodging,Sole Proprietor,Delhi,Delhi,2023-12-25,RGKG5701905439053,Disabled,
REC106185,MCH5001,Prabhakar-Badami,5699,Apparel,Sole Proprietor,Kolkata,West Bengal,2023-03-12,GTJY4648425755583,Active,4621.27
REC106186,MCH6530,Yogi-D'Alia,4131,Transportation,Private Limited,Jaipur,Rajasthan,2024-06-16,,Disabled,828.59
REC106187,MCH5944,Dave-Bal,4131,Transportation,Private Limited,Mumbai,Maharashtra,2024-12-18,ETMK1453170948286,Active,
REC106188,MCH3264,"Narayanan, Krishnan and Bail",5411,Grocery Store,Sole Proprietor,Jaipur,Rajasthan,2025-03-25,XXXX4525,Active,3885.91
REC106189,MCH5966,"Bala, Tandon and Keer",5411,Grocery Store,Individual,Lucknow,Uttar Pradesh,2023-02-06,,Active,255.77
REC106190,MCH7200,Madan PLC,5699,Apparel,Individual,Delhi,Delhi,2025-02-03,4050915455,Active,190.57
REC106191,MCH1249,"Garg, Saha and Rattan",5999,Miscellaneous Retail,Partnership,Jalandhar,Punjab,2023-08-21,,Active,
REC106192,MCH8988,"Ratti, Rattan and Menon",5942,Books & Stationery,Private Limited,Chennai,Tamil Nadu,2026-02-21,XXXX5339,Active,1897.88
REC106193,MCH4326,Morar-Jani,7011,Hotel/Lodging,Partnership,Lucknow,Uttar Pradesh,2025-12-14,,Active,9768.01
REC106194,MCH5567,"Apte, Sanghvi and Varkey",5812,Restaurant,Partnership,Chennai,Tamil Nadu,2023-06-05,XXXX9947,Inactive,2121.0
REC106195,MCH2605,Swamy Inc,5812,Restaurant,Individual,Chennai,Tamil Nadu,2026-01-22,,Inactive,1335.82
REC106196,MCH7865,Rout Inc,5311,Department Store,Individual,Hyderabad,Telangana,2023-11-13,XXXX3299,Active,2187.26
REC106197,MCH1340,"Dash, Saxena and Kara",4131,Transportation,Private Limited,Hyderabad,Telangana,2024-04-03,,Inactive,4203.63
